Date,TREAST,RRPONTSYD,EFFR,DFEDTARU,T10Y2Y,Target Rate,OFR_GCF_RATE,OFR_GCF_VOLUME,MBS,Treasury,Total Public Debt Outstanding,1 Mo,3m/10y,Positions: All,Transactions: All,All fails
2008-01-02,740627.0,0.0,4.11,,1.03,4.25,,,4.443,4.099,9210587444062.47,3.09,0.6500000000000004,,,
2008-01-09,728203.0,0.0,4.25,,1.08,4.25,,,4.337,4.054,9194946241047.38,3.19,0.6699999999999999,,,
2008-01-16,728259.0,0.0,4.26,,1.2,4.25,,,4.346,4.184,9198377804543.39,3.37,0.6699999999999999,,,
2008-01-23,723315.0,0.0,4.23,,1.22,4.25,,,4.32,3.774,9187584466089.71,3.07,0.5900000000000003,,,
2008-01-30,718371.0,0.0,3.47,,1.43,3.5,,,3.566,2.381,9195477639808.95,2.19,1.31,,,
2008-02-06,713376.0,0.0,3.22,,1.5,3.0,,,3.106,1.999,9238008288942.11,1.64,1.71,,,
2008-02-13,713369.0,0.0,3.03,,1.75,3.0,,,3.043,2.522,9242126576493.5,2.19,1.5700000000000003,,,
2008-02-20,713362.0,0.0,3.03,,1.92,3.0,,,3.221,3.015,9291899089252.55,2.5,1.54,,,
2008-02-27,713355.0,0.0,3.01,,1.79,3.0,,,3.016,2.835,9315527047946.48,2.35,1.5699999999999998,,,
2008-03-05,713388.0,0.0,3.06,,1.84,3.0,,,3.029,1.994,9343241961715.05,2.08,1.81,,,
2008-03-12,703436.0,0.0,2.99,,2.09,3.0,,,3.014,2.528,9395022427279.92,1.73,2.2300000000000004,,,
2008-03-19,660484.0,7.25,2.98,,1.93,3.0,,,2.909,2.626,9408066260869.55,1.56,2.21,,,
2008-03-26,612305.0,0.0,2.22,,1.75,2.25,,,2.333,0.625,9392204908953.75,0.37,2.71,,,
2008-04-02,581240.0,6.0,2.27,,1.83,2.25,,,2.017,1.125,9412362408343.83,1.32,2.26,,,
2008-04-09,560114.0,0.0,2.19,,1.7,2.25,,,2.523,2.456,9437425175221.31,1.56,2.21,,,
2008-04-16,548632.0,0.0,2.3,,1.71,2.25,,,2.315,2.256,9442707483965.74,0.98,2.28,,,
2008-04-23,548661.0,0.0,2.37,,1.62,2.25,,,2.215,2.195,9368327613595.73,0.87,2.52,,,
2008-04-30,548692.0,0.0,2.26,,1.46,2.25,,,2.11,2.027,9333202141247.1,0.81,2.6100000000000003,,,
2008-05-07,536714.0,0.0,2.16,,1.41,2.0,,,1.931,1.893,9346419103203.92,1.23,2.33,,,
2008-05-14,515656.0,0.0,1.99,,1.54,2.0,,,2.042,2.025,9364793075953.95,1.55,2.13,,,
2008-05-21,502863.0,0.0,2.03,,1.38,2.0,,,2.104,2.068,9352287132675.25,1.84,2.0,,,
2008-05-28,491091.0,0.0,2.05,,1.36,2.0,,,2.14,2.109,9392624758339.22,1.97,2.0599999999999996,,,
2008-06-04,486937.0,0.0,2.01,,1.41,2.0,,,2.438,2.292,9391228825656.43,2.02,2.18,,,
2008-06-11,482073.0,0.0,1.98,,1.54,2.0,,,2.072,2.066,9407494302847.57,1.79,2.2099999999999995,,,
2008-06-18,478734.0,0.0,2.01,,1.2,2.0,,,2.126,2.096,9415442378476.81,1.92,2.2300000000000004,,,
2008-06-25,478796.0,0.0,1.94,,1.23,2.0,,,1.985,1.986,9370288314000.78,1.59,2.3099999999999996,,,
2008-07-02,478866.0,0.0,2.05,,1.39,2.0,,,2.143,2.036,9368857122740.39,1.42,2.33,,,
2008-07-09,478951.0,0.0,1.92,,1.45,2.0,,,2.159,2.118,9492245770798.7,1.86,2.1500000000000004,,,
2008-07-16,479036.0,0.0,2.01,,1.39,2.0,,,2.028,1.993,9502657392916.08,1.48,2.16,,,
2008-07-23,479121.0,0.0,2.03,,1.49,2.0,,,2.053,1.944,9517951282749.33,1.31,2.6400000000000006,,,
2008-07-30,479206.0,0.0,2.06,,1.42,2.0,,,2.061,2.001,9540161111017.02,1.69,2.3800000000000003,,,
2008-08-06,479330.0,0.0,2.09,,1.47,2.0,,,2.236,2.122,9585479639200.33,1.55,2.3100000000000005,,,
2008-08-13,479434.0,0.0,1.96,,1.49,2.0,,,2.037,1.935,9571432990910.15,1.53,2.26,,,
2008-08-20,479538.0,0.0,2.09,,1.44,2.0,,,2.148,2.12,9593340378950.39,1.76,2.0,,,
2008-08-27,479642.0,0.0,2.01,,1.51,2.0,,,2.055,2.005,9618645199394.09,1.73,2.12,,,
2008-09-03,479726.0,0.0,1.99,,1.42,2.0,,,2.081,2.032,9650327577961.59,1.63,2.05,,,
2008-09-10,479782.0,0.0,1.99,,1.44,2.0,,,2.112,2.064,9668194123052.3,1.56,1.9500000000000002,,,
2008-09-17,479839.0,0.0,2.0,,1.46,2.0,,,2.727,2.108,9682116996293.84,1.53,2.0300000000000002,,,
2008-09-24,476578.0,25.0,2.16,,1.76,2.0,,,2.937,1.312,9664631803259.07,0.26,3.31,,,
2008-10-01,476621.0,22.0,1.23,,1.72,2.0,,,1.471,0.742,9849249966383.92,0.39,3.12,,,
2008-10-08,476579.0,25.0,0.67,,2.04,2.0,,,0.605,0.237,10148749284084.15,0.21,3.0300000000000002,,,
2008-10-15,476555.0,25.0,1.4,,2.19,1.5,,,1.256,0.141,10266382646543.62,0.19,3.2399999999999998,,,
2008-10-22,476512.0,25.0,0.83,,2.38,1.5,,,0.852,0.14,10331139000845.92,0.12,3.5300000000000002,,,
2008-10-29,476469.0,25.0,0.93,,2.09,1.5,,,1.239,1.137,10524112985802.87,0.39,2.65,,,
2008-11-05,476456.0,25.0,0.3,,2.41,1.0,,,0.353,0.244,10530893033778.21,0.14,3.59,,,
2008-11-12,476440.0,25.0,0.23,,2.47,1.0,,,0.194,0.185,10624730227798.25,0.13,3.43,,,
2008-11-19,476425.0,25.0,0.35,,2.6,1.0,,,0.3,0.299,10578639151691.13,0.08,3.6199999999999997,,,
2008-11-26,476407.0,25.0,0.49,,2.1,1.0,,,0.349,0.343,10655457229922.34,0.05,3.0700000000000003,,,
2008-12-03,476354.0,25.0,0.52,,1.93,1.0,,,0.341,0.334,10661174903807.68,0.02,2.9200000000000004,,,
2008-12-10,476246.0,25.0,0.2,,1.73,1.0,,,0.184,0.151,10653883024152.87,0.01,2.53,,,
2008-12-17,476138.0,25.0,0.14,0.25,1.85,1.0,,,0.096,0.069,10597885059458.78,0.0,2.6300000000000003,,,
2008-12-24,476014.0,0.0,0.11,0.25,1.4,0.25,,,0.099,0.047,10598468155070.37,0.03,2.11,,,
2008-12-31,475921.0,0.0,0.09,0.25,1.27,0.25,,,0.115,0.105,10552775879227.14,0.01,2.1300000000000003,,,
2009-01-07,475718.0,0.0,0.08,0.25,1.58,0.25,,,0.101,0.088,10627961295930.67,0.04,2.38,,,
2009-01-14,475515.0,0.0,0.1,0.25,1.64,0.25,,,0.106,0.092,10608325323172.57,0.04,2.3800000000000003,,,
2009-01-21,475322.0,0.0,0.18,0.25,1.5,0.25,,,0.308,0.278,10627708753691.49,0.03,2.12,,,
2009-01-28,475129.0,0.0,0.21,0.25,1.87,0.25,,,0.322,0.275,10618718703374.78,0.03,2.52,,,
2009-02-04,474982.0,0.0,0.23,0.25,1.92,0.25,,,0.296,0.256,10626297420130.85,0.14,2.64,,,
2009-02-11,474869.0,0.0,0.23,0.25,1.97,0.25,,,0.347,0.314,10717998123287.7,0.21,2.66,,,
2009-02-18,474756.0,0.0,0.23,0.25,1.86,0.25,,,0.337,0.318,10759196587563.44,0.25,2.46,,,
2009-02-25,474643.0,0.0,0.21,0.25,1.84,0.25,,,0.301,0.289,10802021982124.74,0.22,2.5500000000000003,,,
2009-03-04,474619.0,0.0,0.22,0.25,1.9,0.25,,,0.321,0.283,10881159722022.36,0.18,2.71,,,
2009-03-11,474661.0,0.0,0.2,0.25,1.93,0.25,,,0.314,0.305,10953034411520.15,0.11,2.63,,,
2009-03-18,474704.0,0.0,0.18,0.25,1.86,0.25,,,0.281,0.26,10983549928728.74,0.11,2.67,,,
2009-03-25,474746.0,0.0,0.17,0.25,1.74,0.25,,,0.265,0.245,11039686130898.1,0.1,2.4099999999999997,,,
2009-04-01,492330.0,0.0,0.16,0.25,1.86,0.25,,,0.183,0.163,11046247657049.48,0.02,2.61,,,
2009-04-08,508414.0,0.0,0.16,0.25,1.89,0.25,,,0.25,0.213,11124519301253.21,0.17,2.55,,,
2009-04-15,526103.0,0.0,0.14,0.25,2.0,0.25,,,0.226,0.231,11169466380008.32,0.13,2.78,,,
2009-04-22,534969.0,0.0,0.15,0.25,1.95,0.25,,,0.171,0.168,11183899252728.0,0.02,2.73,,,
2009-04-29,549046.0,0.0,0.17,0.25,1.99,0.25,,,0.179,0.165,11184922662862.85,0.08,2.86,,,
2009-05-06,560601.0,0.0,0.2,0.25,2.25,0.25,,,0.22,0.234,11238592141958.64,0.04,3.02,,,
2009-05-13,577091.0,0.0,0.18,0.25,2.29,0.25,,,0.246,0.234,11256266640050.2,0.15,3.11,,,
2009-05-20,583271.0,0.0,0.16,0.25,2.23,0.25,,,0.225,0.219,11270547397564.64,0.1,2.94,,,
2009-05-27,600142.0,0.0,0.17,0.25,2.46,0.25,,,0.204,0.2,11305673498034.18,0.13,3.16,,,
2009-06-03,606168.0,0.0,0.17,0.25,2.7,0.25,,,0.212,0.203,11311681705086.14,0.14,3.52,,,
2009-06-10,628690.0,0.0,0.2,0.25,2.76,0.25,,,0.268,0.268,11388997387553.01,0.08,3.58,,,
2009-06-17,638668.0,0.0,0.17,0.25,2.53,0.25,,,0.216,0.216,11375626420309.63,0.09,3.69,,,
2009-06-24,653193.0,0.0,0.25,0.25,2.58,0.25,,,0.283,0.278,11399258796766.1,0.12,3.6799999999999997,,,
2009-07-01,663470.0,0.0,0.19,0.25,2.43,0.25,,,0.181,0.145,11363514364365.21,0.07,3.3699999999999997,,,
2009-07-08,673500.0,0.0,0.17,0.25,2.53,0.25,,,0.236,0.205,11489560999310.74,0.15,3.34,,,
2009-07-15,684030.0,0.0,0.15,0.25,2.5,0.25,,,0.191,0.178,11526304058825.54,0.16,3.25,,,
2009-07-22,692726.0,0.0,0.15,0.25,2.59,0.25,,,0.201,0.192,11598417943168.15,0.15,3.4,,,
2009-07-29,695758.0,0.0,0.15,0.25,2.64,0.25,,,0.155,0.191,11605521079842.13,0.15,3.5300000000000002,,,
2009-08-05,705331.0,0.0,0.17,0.25,2.48,0.25,,,0.196,0.168,11581201791282.14,0.14,3.4899999999999998,,,
2009-08-12,728974.0,0.0,0.17,0.25,2.57,0.25,,,0.196,0.182,11660142454203.95,0.15,3.62,,,
2009-08-19,736086.0,0.0,0.15,0.25,2.47,0.25,,,0.15,0.153,11662830881880.07,0.1,3.42,,,
2009-08-26,744878.0,0.0,0.17,0.25,2.39,0.25,,,0.191,0.179,11720828555380.16,0.11,3.25,,,
2009-09-02,752841.0,0.0,0.14,0.25,2.43,0.25,,,0.147,0.146,11725477836090.85,0.11,3.3200000000000003,,,
2009-09-09,757772.0,0.0,0.15,0.25,2.42,0.25,,,0.213,0.203,11787062206713.5,0.09,3.18,,,
2009-09-16,759803.0,0.0,0.16,0.25,2.46,0.25,,,0.178,0.167,11795045980436.61,0.08,3.2199999999999998,,,
2009-09-23,765633.0,0.0,0.16,0.25,2.44,0.25,,,0.179,0.173,11809239038438.4,0.03,3.32,,,
2009-09-30,769160.0,0.0,0.14,0.25,2.47,0.25,,,0.146,0.123,11770679815806.13,0.03,3.3,,,
2009-10-07,769185.0,0.0,0.11,0.25,2.34,0.25,,,0.116,0.101,11920519164319.42,0.03,3.11,,,
2009-10-14,773460.0,0.0,0.12,0.25,2.37,0.25,,,0.097,0.083,11898952750944.53,0.03,3.21,,,
2009-10-21,773486.0,0.0,0.13,0.25,2.52,0.25,,,0.164,0.143,11946703132807.34,0.06,3.4200000000000004,,,
2009-10-28,774561.0,0.0,0.11,0.25,2.47,0.25,,,0.077,0.064,11896808244570.28,0.02,3.38,,,
2009-11-04,776512.0,0.0,0.11,0.25,2.55,0.25,,,0.095,0.085,11868457477911.94,0.02,3.4699999999999998,,,
2009-11-11,776520.0,0.0,0.13,0.25,2.67,0.25,,,0.131,0.121,11990561444829.48,0.06,3.53,,,
2009-11-18,776527.0,0.0,0.12,0.25,2.63,0.25,,,0.091,0.082,11991219535897.86,0.06,3.3800000000000003,,,
2009-11-25,776535.0,0.0,0.11,0.25,2.62,0.25,,,0.098,0.094,12011787382266.61,0.03,3.33,,,
2009-12-02,776543.0,0.0,0.12,0.25,2.53,0.25,,,0.148,0.143,12008650382616.48,0.06,3.18,,,
2009-12-09,776554.0,0.18,0.13,0.25,2.65,0.25,,,0.163,0.16,12087361675014.75,0.09,3.33,,,
2009-12-16,776565.0,0.225,0.12,0.25,2.71,0.25,,,0.145,0.153,12092672900402.34,0.01,3.47,,,
2009-12-23,776576.0,0.0,0.13,0.25,2.73,0.25,,,0.158,0.145,12097698782543.93,0.01,3.46,,,
2009-12-30,776587.0,0.0,0.11,0.25,2.82,0.25,,,0.118,0.086,12101272618959.09,0.02,3.77,,,
2010-01-06,776595.0,0.0,0.05,0.25,2.71,0.25,,,0.005,-0.193,12311349677512.03,0.04,3.79,,,
2010-01-13,776603.0,0.0,0.1,0.25,2.82,0.25,,,0.071,0.06,12280845281517.59,0.02,3.8000000000000003,,,
2010-01-20,776611.0,0.0,0.11,0.25,2.82,0.25,,,0.083,0.084,12258545028915.24,0.02,3.71,,,
2010-01-27,776619.0,0.0,0.12,0.25,2.75,0.25,,,0.141,0.131,12300163248044.69,0.02,3.56,,,
2010-02-03,776614.0,0.0,0.12,0.25,2.81,0.25,,,0.133,0.122,12274431428037.28,0.01,3.6,,,
2010-02-10,776592.0,0.0,0.14,0.25,2.82,0.25,,,0.139,0.133,12346427470024.01,0.04,3.5300000000000002,,,
2010-02-17,776571.0,0.0,0.12,0.25,2.82,0.25,,,0.12,0.115,12349324464284.28,0.05,3.62,,,
2010-02-24,776549.0,0.0,0.12,0.25,2.89,0.25,,,0.142,0.132,12401448666808.3,0.07,3.69,,,
2010-03-03,776553.0,0.0,0.12,0.25,2.82,0.25,,,0.142,0.14,12433661592275.45,0.09,3.5100000000000002,,,
2010-03-10,776591.0,0.0,0.16,0.25,2.75,0.25,,,0.179,0.181,12545490013032.29,0.09,3.4699999999999998,,,
2010-03-17,776629.0,0.0,0.15,0.25,2.76,0.25,,,0.161,0.151,12575479490348.47,0.12,3.57,,,
2010-03-24,776667.0,0.0,0.18,0.25,2.7,0.25,,,0.209,0.198,12661296056307.25,0.14,3.52,,,
2010-03-31,776705.0,0.0,0.17,0.25,2.81,0.25,,,0.191,0.182,12687570153023.93,0.12,3.77,,,
2010-04-07,776708.0,0.0,0.17,0.25,2.84,0.25,,,0.21,0.205,12764878911618.18,0.16,3.73,,,
2010-04-14,776711.0,0.0,0.19,0.25,2.82,0.25,,,0.211,0.204,12826031306447.93,0.16,3.74,,,
2010-04-21,776714.0,0.0,0.22,0.25,2.82,0.25,,,0.236,0.242,12874618766079.29,0.16,3.6999999999999997,,,
2010-04-28,776717.0,0.0,0.2,0.25,2.73,0.25,,,0.204,0.196,12872601270864.44,0.15,3.6399999999999997,,,
2010-05-05,776749.0,0.0,0.19,0.25,2.75,0.25,,,0.169,0.162,12853100126888.44,0.15,3.59,,,
2010-05-12,776792.0,0.0,0.2,0.25,2.66,0.25,,,0.204,0.199,12932913325200.66,0.06,3.3000000000000003,,,
2010-05-19,776834.0,0.0,0.2,0.25,2.68,0.25,,,0.226,0.221,12927411267929.24,0.15,3.3899999999999997,,,
2010-05-26,776877.0,0.0,0.2,0.25,2.49,0.25,,,0.242,0.234,12987822672429.02,0.17,3.08,,,
2010-06-02,776913.0,0.0,0.2,0.25,2.47,0.25,,,0.227,0.223,12987916782708.55,0.16,3.17,,,
2010-06-09,776932.0,0.0,0.19,0.25,2.57,0.25,,,0.241,0.239,13056249966400.12,0.13,3.25,,,
2010-06-16,776951.0,0.0,0.18,0.25,2.54,0.25,,,0.183,0.183,13041405343973.44,0.06,3.23,,,
2010-06-23,776970.0,0.0,0.19,0.25,2.49,0.25,,,0.215,0.208,13038877263966.78,0.05,3.12,,,
2010-06-30,776989.0,0.0,0.16,0.25,2.47,0.25,,,0.182,0.174,13038079983718.36,0.07,3.0100000000000002,,,
2010-07-07,776997.0,0.0,0.17,0.25,2.33,0.25,,,0.268,0.25,13178317356215.73,0.16,2.79,,,
2010-07-14,777005.0,0.0,0.17,0.25,2.41,0.25,,,0.221,0.211,13192234850314.21,0.17,2.89,,,
2010-07-21,777013.0,0.0,0.19,0.25,2.39,0.25,,,0.263,0.258,13240228521494.88,0.16,2.85,,,
2010-07-28,777021.0,0.0,0.18,0.25,2.36,0.25,,,0.227,0.22,13249153625870.38,0.15,2.8,,,
2010-08-04,777019.0,0.0,0.19,0.25,2.44,0.25,,,0.218,0.221,13246508860572.07,0.15,2.88,,,
2010-08-11,777009.0,0.0,0.19,0.25,2.41,0.25,,,0.243,0.243,13310887351665.8,0.15,2.79,,,
2010-08-18,779549.0,0.18,0.18,0.25,2.19,0.25,,,0.217,0.214,13317048837517.12,0.15,2.58,,,
2010-08-25,784498.0,0.0,0.19,0.25,2.09,0.25,,,0.227,0.216,13363227573941.68,0.16,2.42,,,
2010-09-01,786283.0,0.0,0.19,0.25,1.99,0.25,,,0.251,0.238,13376189739693.61,0.17,2.34,,,
2010-09-08,789894.0,0.0,0.19,0.25,2.13,0.25,,,0.234,0.226,13442057367029.28,0.15,2.4899999999999998,,,
2010-09-15,794646.0,0.0,0.18,0.25,2.2,0.25,,,0.216,0.208,13444496046138.49,0.1,2.63,,,
2010-09-22,805107.0,0.0,0.21,0.25,2.29,0.25,,,0.314,0.297,13464896653374.11,0.12,2.61,,,
2010-09-29,811669.0,0.0,0.2,0.25,2.11,0.25,,,0.257,0.247,13463477025087.58,0.13,2.4,,,
2010-10-06,819072.0,0.0,0.15,0.25,2.11,0.25,,,0.55,0.293,13561623030891.79,0.14,2.3699999999999997,,,
2010-10-13,821156.0,0.0,0.18,0.25,2.05,0.25,,,0.233,0.225,13615674949267.91,0.15,2.2800000000000002,,,
2010-10-20,832121.0,0.0,0.19,0.25,2.14,0.25,,,0.245,0.234,13606947094101.9,0.15,2.38,,,
2010-10-27,837848.0,0.0,0.19,0.25,2.2,0.25,,,0.248,0.234,13667983325978.31,0.13,2.44,,,
2010-11-03,842008.0,0.0,0.19,0.25,2.32,0.25,,,0.221,0.214,13658812457389.51,0.14,2.56,,,
2010-11-10,853041.0,0.0,0.19,0.25,2.2,0.25,,,0.23,0.221,13723439668440.18,0.13,2.4,,,
2010-11-17,873618.0,0.0,0.19,0.25,2.25,0.25,,,0.234,0.235,13721979465685.32,0.11,2.63,,,
2010-11-24,901238.0,0.0,0.2,0.25,2.38,0.25,,,0.266,0.261,13788455142118.05,0.13,2.75,,,
2010-12-01,917451.0,0.0,0.2,0.25,2.36,0.25,,,0.266,0.258,13794243004364.88,0.16,2.71,,,
2010-12-08,949612.0,0.0,0.19,0.25,2.46,0.25,,,0.233,0.22,13840966239053.15,0.16,2.8499999999999996,,,
2010-12-15,967553.0,0.0,0.16,0.25,2.59,0.25,,,0.172,0.169,13846494847569.86,0.09,3.09,,,
2010-12-22,1007237.0,0.0,0.2,0.25,2.81,0.25,,,0.245,0.246,13878837351150.62,0.08,3.3400000000000003,,,
2010-12-29,1016102.0,0.0,0.19,0.25,2.74,0.25,,,0.199,0.176,13865176563186.31,0.07,3.27,,,
2011-01-05,1030985.0,0.0,0.19,0.25,2.72,0.25,,,0.192,0.173,13871130353817.4,0.05,3.26,,,
2011-01-12,1062061.0,0.0,0.17,0.25,2.76,0.25,,,0.18,0.175,14011793170981.72,0.13,3.29,,,
2011-01-19,1079578.0,0.0,0.16,0.25,2.75,0.25,,,0.18,0.164,14007216975377.59,0.15,3.19,,,
2011-01-26,1114448.0,0.0,0.18,0.25,2.82,0.25,,,0.237,0.211,14056313474932.58,0.15,3.31,,,
2011-02-02,1138166.0,0.0,0.17,0.25,2.83,0.25,,,0.222,0.177,14059409159678.42,0.13,3.27,,,
2011-02-09,1167087.0,0.0,0.17,0.25,2.87,0.25,,,0.189,0.17,14100427020880.94,0.14,3.44,,,
2011-02-16,1190341.0,0.0,0.15,0.25,2.85,0.25,,,0.157,0.14,14083345766082.15,0.08,3.58,,,
2011-02-23,1213425.0,0.0,0.15,0.25,2.78,0.25,,,0.189,0.142,14123589307190.53,0.08,3.49,,,
2011-03-02,1236258.0,0.0,0.15,0.25,2.73,0.25,,,0.166,0.135,14119807822019.49,0.13,3.33,,,
2011-03-09,1266069.0,0.0,0.15,0.25,2.79,0.25,,,0.17,0.153,14182086199057.01,0.12,3.45,,,
2011-03-16,1280386.0,0.0,0.14,0.25,2.72,0.25,,,0.148,0.123,14163433071135.27,0.04,3.29,,,
2011-03-23,1305239.0,0.0,0.14,0.25,2.65,0.25,,,0.201,0.175,14223730274180.8,0.06,3.17,,,
2011-03-30,1333445.0,0.31,0.13,0.25,2.7,0.25,,,0.157,0.117,14210071848853.1,0.04,3.33,,,
2011-04-06,1358207.0,0.0,0.1,0.25,2.67,0.25,,,0.254,0.147,14270114530800.38,0.05,3.3800000000000003,,,
2011-04-13,1374695.0,0.0,0.1,0.25,2.77,0.25,,,0.109,0.083,14264245526311.58,0.03,3.54,,,
2011-04-20,1402494.0,0.0,0.09,0.25,2.74,0.25,,,0.145,0.111,14270792119184.89,0.04,3.44,,,
2011-04-27,1413467.0,0.0,0.1,0.25,2.74,0.25,,,0.121,0.09,14290788661250.5,0.03,3.36,,,
2011-05-04,1441855.0,0.0,0.09,0.25,2.72,0.25,,,0.051,0.02,14282598097540.75,0.02,3.3,,,
2011-05-11,1466209.0,0.0,0.09,0.25,2.6,0.25,,,0.044,0.023,14321667187751.55,0.01,3.16,,,
2011-05-18,1495166.0,0.0,0.09,0.25,2.65,0.25,,,0.101,0.064,14307799341563.81,0.01,3.2,,,
2011-05-25,1519327.0,0.0,0.09,0.25,2.62,0.25,,,0.133,0.087,14345510847235.26,0.02,3.12,,,
2011-06-01,1532236.0,0.0,0.09,0.25,2.59,0.25,,,0.116,0.081,14345440513979.37,0.04,3.02,,,
2011-06-08,1554660.0,0.0,0.1,0.25,2.59,0.25,,,0.137,0.111,14344706437041.5,0.04,3.0,,,
2011-06-15,1575939.0,0.28,0.09,0.25,2.58,0.25,,,0.087,0.054,14344638149810.46,0.02,2.96,,,
2011-06-22,1601963.0,0.0,0.1,0.25,2.55,0.25,,,0.163,0.111,14344571286149.87,0.02,2.8800000000000003,,,
2011-06-29,1617060.0,0.0,0.08,0.25,2.58,0.25,,,0.05,0.009,14344503407708.93,0.01,2.9200000000000004,,,
2011-07-06,1624515.0,0.0,0.07,0.25,2.73,0.25,,,0.172,0.003,14343087640008.4,0.01,3.1500000000000004,,,
2011-07-13,1630414.0,0.0,0.07,0.25,2.68,0.25,,,0.049,0.019,14343021925343.11,0.03,3.14,,,
2011-07-20,1634093.0,0.0,0.06,0.25,2.6,0.25,,,0.044,-0.002,14342953885641.98,0.01,2.97,,,
2011-07-27,1638161.0,0.0,0.06,0.25,2.63,0.25,,,0.075,0.027,14342884944996.28,0.04,2.98,,,
2011-08-03,1640919.0,0.0,0.08,0.25,2.56,0.25,,,0.18,0.132,14342865885306.46,0.1,2.91,,,
2011-08-10,1644743.0,0.0,0.09,0.25,2.2,0.25,,,0.092,0.065,14564970167709.38,0.01,2.45,,,
2011-08-17,1647633.0,0.02,0.09,0.25,2.15,0.25,,,0.12,0.071,14587911305995.95,0.01,2.31,,,
2011-08-24,1648435.0,0.624,0.09,0.25,1.88,0.25,,,0.081,0.059,14620196583424.2,0.01,2.0700000000000003,,,
2011-08-31,1652113.0,0.0,0.08,0.25,2.01,0.25,,,0.063,0.046,14653547886356.11,0.01,2.22,,,
2011-09-07,1655599.0,0.0,0.08,0.25,1.96,0.25,,,0.127,0.106,14697414789563.4,0.02,2.13,,,
2011-09-14,1658960.0,0.0,0.09,0.25,1.81,0.25,,,0.1,0.078,14685550385913.19,0.01,1.98,,,
2011-09-21,1663105.0,0.0,0.09,0.25,1.88,0.25,,,0.206,0.138,14696963569782.73,0.0,2.08,,,
2011-09-28,1664655.0,0.0,0.08,0.25,1.52,0.25,,,0.114,0.096,14726790407953.74,0.0,1.72,,,
2011-10-05,1671784.0,0.0,0.08,0.25,1.72,0.25,,,0.065,0.034,14695102108238.02,0.0,1.97,,,
2011-10-12,1668766.0,0.0,0.07,0.25,1.72,0.25,,,0.105,0.087,14836776365856.51,0.01,1.9999999999999998,,,
2011-10-19,1670256.0,0.0,0.07,0.25,1.9,0.25,,,0.146,0.103,14873884337768.96,0.02,2.17,,,
2011-10-26,1678012.0,0.0,0.07,0.25,1.92,0.25,,,0.084,0.063,14940365910718.16,0.02,2.1700000000000004,,,
2011-11-02,1654195.0,0.0,0.07,0.25,2.11,0.25,,,0.095,0.066,14939575648588.5,0.02,2.4,,,
2011-11-09,1668111.0,0.0,0.09,0.25,1.85,0.25,,,0.148,0.102,14973228608405.04,0.01,2.08,,,
2011-11-16,1675836.0,0.0,0.08,0.25,1.8,0.25,,,0.119,0.099,14979610349742.69,0.01,2.0300000000000002,,,
2011-11-23,1664795.0,0.0,0.08,0.25,1.69,0.25,,,0.124,0.101,15039350324589.25,0.01,1.94,,,
2011-11-30,1672038.0,0.0,0.07,0.25,1.69,0.25,,,0.245,0.156,15048875933765.92,0.02,1.95,,,
2011-12-07,1675034.0,0.0,0.08,0.25,1.84,0.25,,,0.154,0.103,15088441787407.62,0.02,2.1,,,
2011-12-14,1673475.0,0.0,0.07,0.25,1.77,0.25,,,0.095,0.076,15051160989938.23,0.0,1.98,,,
2011-12-21,1684249.0,0.0,0.07,0.25,1.66,0.25,,,0.158,0.143,15098098486788.82,0.0,1.92,,,
2011-12-28,1672092.0,0.0,0.07,0.25,1.69,0.25,,,0.06,0.036,15123728427980.16,0.0,1.96,,,
2012-01-04,1663438.0,0.0,0.07,0.25,1.63,0.25,,,0.095,0.098,15125898976397.19,0.0,1.89,,,
2012-01-11,1650843.0,0.0,0.07,0.25,1.75,0.25,,,0.082,0.068,15236541899973.1,0.01,2.0,,,
2012-01-18,1651506.0,0.0,0.08,0.25,1.72,0.25,,,0.176,0.13,15236332233848.35,0.02,1.91,,,
2012-01-25,1661529.0,0.0,0.1,0.25,1.75,0.25,,,0.224,0.19,15236280735687.76,0.04,1.9599999999999997,,,
2012-02-01,1662459.0,0.0,0.08,0.25,1.74,0.25,,,0.148,0.117,15236231788440.22,0.04,1.91,,,
2012-02-08,1660692.0,0.0,0.11,0.25,1.63,0.25,,,0.209,0.183,15351406294640.49,0.07,1.78,,,
2012-02-15,1667071.0,0.0,0.11,0.25,1.77,0.25,,,0.172,0.164,15355838921022.16,0.06,1.95,,,
2012-02-22,1656581.0,0.0,0.11,0.25,1.7,0.25,,,0.16,0.131,15413030984842.14,0.04,1.89,,,
2012-02-29,1661601.0,0.0,0.08,0.25,1.68,0.25,,,0.145,0.131,15435694556033.29,0.07,1.9,,,
2012-03-07,1659279.0,0.1,0.11,0.25,1.73,0.25,,,0.232,0.2,15501014716143.72,0.07,1.9499999999999997,,,
2012-03-14,1659768.0,0.0,0.11,0.25,1.71,0.25,,,0.209,0.204,15517794642311.25,0.07,1.9499999999999997,,,
2012-03-21,1663484.0,0.0,0.14,0.25,1.92,0.25,,,0.279,0.258,15564809891767.99,0.08,2.21,,,
2012-03-28,1664911.0,0.0,0.14,0.25,1.92,0.25,,,0.171,0.152,15584905894127.28,0.06,2.21,,,
2012-04-04,1669371.0,0.0,0.13,0.25,1.85,0.25,,,0.244,0.157,15579852946457.64,0.02,2.1100000000000003,,,
2012-04-11,1681093.0,0.0,0.15,0.25,1.84,0.25,,,0.287,0.259,15619740170408.34,0.07,2.11,,,
2012-04-18,1672141.0,0.0,0.15,0.25,1.79,0.25,,,0.264,0.212,15614994767843.32,0.08,1.99,,,
2012-04-25,1667766.0,0.0,0.13,0.25,1.71,0.25,,,0.144,0.127,15615590975022.37,0.04,1.91,,,
2012-05-02,1667630.0,0.0,0.14,0.25,1.72,0.25,,,0.18,0.157,15624347610476.87,0.09,1.89,,,
2012-05-09,1665939.0,0.0,0.15,0.25,1.68,0.25,,,0.204,0.196,15671202480642.98,0.05,1.8699999999999999,,,
2012-05-16,1656793.0,0.0,0.15,0.25,1.62,0.25,,,0.207,0.198,15674689177258.55,0.08,1.7899999999999998,,,
2012-05-23,1656824.0,0.0,0.16,0.25,1.38,0.25,,,0.242,0.233,15712823135725.84,0.08,1.5999999999999999,,,
2012-05-30,1656675.0,0.0,0.15,0.25,1.48,0.25,,,0.228,0.193,15712446368243.65,0.08,1.67,,,
2012-06-06,1664292.0,0.0,0.16,0.25,1.32,0.25,,,0.266,0.274,15770685085364.14,0.03,1.52,,,
2012-06-13,1660158.0,0.0,0.16,0.25,1.39,0.25,,,0.202,0.191,15733369432140.84,0.04,1.5699999999999998,,,
2012-06-20,1663577.0,0.0,0.17,0.25,1.34,0.25,,,0.279,0.26,15736971094472.17,0.08,1.5299999999999998,,,
2012-06-27,1666530.0,0.0,0.17,0.25,1.31,0.25,,,0.213,0.203,15779643362484.67,0.05,1.5399999999999998,,,
2012-07-04,1666375.0,0.0,0.15,0.25,1.29,0.25,,,0.234,0.22,15780999920520.17,0.02,1.51,,,
2012-07-11,1662637.0,0.0,0.17,0.25,1.34,0.25,,,0.276,0.25,15876652312551.29,0.07,1.54,,,
2012-07-18,1648694.0,0.0,0.18,0.25,1.25,0.25,,,0.251,0.226,15871512181712.2,0.08,1.4,,,
2012-07-25,1651432.0,0.0,0.13,0.25,1.32,0.25,,,0.134,0.12,15874365457260.4,0.06,1.45,,,
2012-08-01,1649294.0,0.0,0.14,0.25,1.22,0.25,,,0.202,0.182,15879556244052.97,0.08,1.3399999999999999,,,
2012-08-08,1652416.0,0.0,0.14,0.25,1.27,0.25,,,0.231,0.225,15920591039091.86,0.04,1.42,,,
2012-08-15,1646360.0,0.0,0.13,0.25,1.4,0.25,,,0.232,0.224,15915814457919.46,0.1,1.5799999999999998,,,
2012-08-22,1637152.0,0.0,0.13,0.25,1.54,0.25,,,0.21,0.199,15957959655187.23,0.1,1.74,,,
2012-08-29,1639413.0,0.0,0.13,0.25,1.42,0.25,,,0.223,0.204,15976519029144.14,0.1,1.5699999999999998,,,
2012-09-05,1648862.0,0.0,0.14,0.25,1.36,0.25,,,0.225,0.19,15990541092391.91,0.12,1.5299999999999998,,,
2012-09-12,1650851.0,0.06,0.16,0.25,1.41,0.25,,,0.282,0.27,16045515411416.83,0.1,1.5699999999999998,,,
2012-09-19,1646098.0,0.0,0.15,0.25,1.51,0.25,,,0.304,0.289,16045678692730.63,0.1,1.65,,,
2012-09-26,1648403.0,0.0,0.16,0.25,1.53,0.25,,,0.263,0.25,16014424023771.68,0.06,1.69,,,
2012-10-03,1652944.0,0.0,0.14,0.25,1.41,0.25,,,0.296,0.236,16015131024562.54,0.05,1.5699999999999998,,,
2012-10-10,1653737.0,0.0,0.15,0.25,1.47,0.25,,,0.295,0.281,16161879857156.66,0.1,1.5999999999999999,,,
2012-10-17,1659084.0,0.0,0.16,0.25,1.42,0.25,,,0.308,0.278,16158270866947.2,0.12,1.5999999999999999,,,
2012-10-24,1646524.0,0.0,0.15,0.25,1.57,0.25,,,0.294,0.263,16198174452215.24,0.12,1.76,,,
2012-10-31,1645334.0,0.0,0.16,0.25,1.55,0.25,,,0.325,0.261,16197082554040.04,0.13,1.75,,,
2012-11-07,1651289.0,0.0,0.17,0.25,1.45,0.25,,,0.423,0.301,16221685381838.28,0.06,1.66,,,
2012-11-14,1656833.0,0.0,0.16,0.25,1.35,0.25,,,0.28,0.247,16245318820569.34,0.13,1.52,,,
2012-11-21,1650489.0,0.0,0.16,0.25,1.34,0.25,,,0.289,0.26,16278932378520.93,0.13,1.5,,,
2012-11-28,1646645.0,0.0,0.16,0.25,1.41,0.25,,,0.309,0.288,16307488943564.23,0.16,1.5999999999999999,,,
2012-12-05,1653593.0,1.18,0.16,0.25,1.37,0.25,,,0.236,0.212,16323083449604.98,0.16,1.53,,,
2012-12-12,1660807.0,0.0,0.16,0.25,1.34,0.25,,,0.312,0.281,16366436891948.03,0.07,1.49,,,
2012-12-19,1658851.0,0.0,0.16,0.25,1.47,0.25,,,0.24,0.23,16369984159473.81,0.02,1.68,,,
2012-12-26,1656930.0,0.0,0.17,0.25,1.53,0.25,,,0.242,0.233,16334217015073.49,0.02,1.75,,,
2013-01-02,1666118.0,0.0,0.17,0.25,1.48,0.25,,,0.25,0.216,16338243391747.08,0.01,1.66,,,
2013-01-09,1676307.0,0.0,0.17,0.25,1.65,0.25,,,0.234,0.184,16431219143696.53,0.06,1.8399999999999999,,,
2013-01-16,1688886.0,0.0,0.14,0.25,1.65,0.25,,,0.145,0.131,16432692129510.84,0.05,1.8499999999999999,,,
2013-01-23,1696691.0,0.0,0.14,0.25,1.61,0.25,,,0.155,0.118,16432631489854.7,0.05,1.8199999999999998,,,
2013-01-30,1710058.0,0.0,0.15,0.25,1.65,0.25,,,0.223,0.172,16432567939377.32,0.06,1.7999999999999998,,,
2013-02-06,1717182.0,0.0,0.15,0.25,1.75,0.25,,,0.235,0.195,16433791850294.04,0.04,1.95,,,
2013-02-13,1728477.0,0.0,0.13,0.25,1.74,0.25,,,0.167,0.115,16487564297892.03,0.03,1.92,,,
2013-02-20,1736456.0,0.0,0.14,0.25,1.73,0.25,,,0.219,0.171,16540800290147.46,0.1,1.89,,,
2013-02-27,1749545.0,0.0,0.16,0.25,1.73,0.25,,,0.238,0.194,16608318357376.54,0.12,1.8599999999999999,,,
2013-03-06,1761763.0,0.0,0.14,0.25,1.64,0.25,,,0.261,0.239,16687289180215.37,0.07,1.7799999999999998,,,
2013-03-13,1769987.0,0.0,0.16,0.25,1.75,0.25,,,0.21,0.198,16701250641109.68,0.1,1.9,,,
2013-03-20,1784652.0,0.0,0.15,0.25,1.77,0.25,,,0.183,0.169,16708225460175.14,0.08,1.94,,,
2013-03-27,1794459.0,0.0,0.16,0.25,1.68,0.25,,,0.17,0.143,16750130322121.01,0.08,1.88,,,
2013-04-03,1805639.0,0.12,0.13,0.25,1.62,0.25,,,0.484,0.268,16766988432792.62,0.04,1.8,459353.0,513611.0,101495.0
2013-04-10,1814482.0,1.19,0.14,0.25,1.56,0.25,,,0.207,0.193,16798051589934.68,0.07,1.71,514367.0,539307.0,57118.0
2013-04-17,1825042.0,0.0,0.15,0.25,1.58,0.25,,,0.239,0.216,16808067104144.06,0.06,1.75,420078.0,458788.0,74869.0
2013-04-24,1836227.0,0.0,0.15,0.25,1.48,0.25,,,0.184,0.165,16779469574292.68,0.03,1.67,452367.0,483858.0,78765.0
2013-05-01,1847983.0,0.0,0.13,0.25,1.51,0.25,,,0.155,0.114,16758107082298.63,0.04,1.69,465046.0,502441.0,58215.0
2013-05-08,1854334.0,0.0,0.15,0.25,1.46,0.25,,,0.218,0.188,16794979173216.61,0.02,1.6099999999999999,479667.0,499268.0,100070.0
2013-05-15,1864508.0,0.0,0.12,0.25,1.59,0.25,,,0.129,0.102,16754734781812.88,0.02,1.77,537361.0,561716.0,77758.0
2013-05-22,1877154.0,0.0,0.11,0.25,1.64,0.25,,,0.106,0.075,16734808644648.07,0.0,1.84,496877.0,535284.0,88575.0
2013-05-29,1883559.0,0.0,0.08,0.25,1.76,0.25,,,0.07,0.041,16736576618573.3,0.03,1.97,645544.0,701747.0,109917.0
2013-06-05,1898010.0,0.0,0.08,0.25,1.82,0.25,,,0.044,0.022,16737246099998.86,0.02,2.09,654959.0,698703.0,258862.0
2013-06-12,1906079.0,0.0,0.1,0.25,1.78,0.25,,,0.109,0.086,16738770826158.59,0.04,2.0300000000000002,578678.0,613617.0,332288.0
2013-06-19,1918706.0,0.0,0.09,0.25,1.87,0.25,,,0.067,0.055,16738708293971.53,0.04,2.14,491508.0,539739.0,282948.0
2013-06-26,1928416.0,0.0,0.1,0.25,2.08,0.25,,,0.067,0.053,16738645811490.4,0.03,2.3600000000000003,710787.0,760147.0,110362.0
2013-07-03,1942678.0,0.0,0.09,0.25,2.13,0.25,,,0.084,0.07,16738629048819.09,0.02,2.43,539577.0,582642.0,146565.0
2013-07-10,1952529.0,0.0,0.1,0.25,2.33,0.25,,,0.111,0.106,16738281074058.77,0.03,2.69,472626.0,505359.0,151723.0
2013-07-17,1961671.0,0.0,0.09,0.25,2.26,0.25,,,0.045,0.036,16738230684008.83,0.02,2.56,432072.0,463122.0,189059.0
2013-07-24,1970003.0,0.0,0.09,0.25,2.24,0.25,,,0.042,0.032,16738168990385.79,0.01,2.5300000000000002,444389.0,465942.0,82273.0
2013-07-31,1982407.0,0.0,0.09,0.25,2.29,0.25,,,0.065,0.046,16738136405384.69,0.02,2.59,461082.0,483732.0,59775.0
2013-08-07,1993375.0,2.26,0.08,0.25,2.39,0.25,,,0.083,0.075,16738600261139.01,0.02,2.7,473180.0,495419.0,126423.0
2013-08-14,2001093.0,2.32,0.09,0.25,2.28,0.25,,,0.063,0.063,16738541240281.19,0.05,2.5300000000000002,383478.0,410610.0,95785.0
2013-08-21,2012169.0,5.0,0.08,0.25,2.41,0.25,,,0.098,0.084,16738484642516.8,0.05,2.72,416982.0,457878.0,91991.0
2013-08-28,2023610.0,0.0,0.09,0.25,2.48,0.25,,,0.031,0.022,16738460765994.01,0.01,2.87,468138.0,516473.0,98095.0
2013-09-04,2033290.0,0.0,0.08,0.25,2.36,0.25,,,0.066,0.059,16738401335152.16,0.03,2.73,540115.0,583084.0,97614.0
2013-09-11,2041088.0,0.0,0.08,0.25,2.46,0.25,,,0.082,0.075,16738608362951.88,0.03,2.96,559387.0,580550.0,97798.0
2013-09-18,2052055.0,0.0,0.08,0.25,2.47,0.25,,,0.081,0.07,16738543125208.38,0.01,2.91,519395.0,547510.0,104889.0
2013-09-25,2062004.0,11.809,0.09,0.25,2.42,0.25,,,0.056,0.052,16738503812337.79,0.0,2.75,470120.0,524741.0,113222.0
2013-10-02,2076927.0,9.403,0.08,0.25,2.32,0.25,,,0.058,0.053,16738443175473.97,0.04,2.66,494370.0,586804.0,134200.0
2013-10-09,2086741.0,2.256,0.08,0.25,2.29,0.25,,,0.084,0.078,16747468275799.27,0.12,2.5900000000000003,462340.0,542092.0,110190.0
2013-10-16,2095034.0,1.997,0.09,0.25,2.36,0.25,,,0.248,0.23,16747421858503.24,0.25,2.66,467820.0,538036.0,96657.0
2013-10-23,2106475.0,3.122,0.1,0.25,2.28,0.25,,,0.193,0.187,17075590107963.57,0.01,2.56,437064.0,486527.0,79282.0
2013-10-30,2117750.0,4.949,0.08,0.25,2.2,0.25,,,0.095,0.086,17077729309281.56,0.02,2.5,494046.0,527888.0,97895.0
2013-11-06,2125552.0,13.89,0.07,0.25,2.26,0.25,,,0.141,0.13,17156117102204.49,0.03,2.53,485602.0,493966.0,88332.0
2013-11-13,2137037.0,1.075,0.08,0.25,2.34,0.25,,,0.103,0.111,17149154023335.85,0.04,2.58,544517.0,559215.0,74867.0
2013-11-20,2150957.0,1.341,0.09,0.25,2.4,0.25,,,0.115,0.127,17183316943225.52,0.06,2.61,525935.0,549224.0,96385.0
2013-11-27,2163666.0,5.571,0.09,0.25,2.5,0.25,,,0.1,0.097,17208963804203.72,0.02,2.72,492064.0,526832.0,98471.0
2013-12-04,2169788.0,22.018,0.07,0.25,2.47,0.25,,,0.124,0.11,17217151645105.86,0.05,2.69,486946.0,526228.0,76355.0
2013-12-11,2185719.0,5.696,0.09,0.25,2.58,0.25,,,0.091,0.09,17228699889181.63,0.02,2.82,474000.0,495500.0,93599.0
2013-12-18,2197292.0,26.12,0.09,0.25,2.55,0.25,,,0.05,0.05,17226015851914.45,0.01,2.8200000000000003,488339.0,510918.0,123867.0
2013-12-25,2208829.0,15.391,0.09,0.25,2.59,0.25,,,0.08,0.079,17251528475994.19,0.01,2.88,435334.0,459205.0,111591.0
2014-01-01,2208775.0,46.97,0.08,0.25,2.58,0.25,,,0.047,0.045,17226097907646.29,0.0,2.93,249520.0,289993.0,105773.0
2014-01-08,2212924.0,83.725,0.08,0.25,2.61,0.25,,,0.047,0.051000000000000004,17315970933899.63,0.01,2.93,459253.0,492284.0,80713.0
2014-01-15,2220953.0,51.2,0.07,0.25,2.53,0.25,,,0.038,0.036000000000000004,17281164714573.43,0.01,2.93,527273.0,554635.0,107023.0
2014-01-22,2231430.0,67.829,0.07,0.25,2.45,0.25,,,0.036000000000000004,0.032,17270240354364.86,0.01,2.82,399402.0,427236.0,83522.0
2014-01-29,2243176.0,84.917,0.07,0.25,2.4,0.25,,,0.024,0.023,17261485887733.09,0.01,2.75,557581.0,614516.0,130421.0
2014-02-05,2252973.0,98.32,0.07,0.25,2.36,0.25,,,0.037000000000000005,0.034,17249265796405.0,0.04,2.7,578127.0,625738.0,104171.0
2014-02-12,2261099.0,101.917,0.07,0.25,2.4,0.25,,,0.037000000000000005,0.036000000000000004,17258482479004.37,0.07,2.66,483328.0,558598.0,78051.0
2014-02-19,2267872.0,101.186,0.06,0.25,2.41,0.25,,,0.043000000000000003,0.038,17258805514290.93,0.01,2.7,436959.0,479988.0,99235.0
2014-02-26,2278256.0,84.254,0.07,0.25,2.42,0.25,,,0.052000000000000005,0.047,17409111636454.46,0.02,2.71,482554.0,501183.0,89252.0
2014-03-05,2288453.0,120.886,0.07,0.25,2.32,0.25,,,0.062,0.054,17426891428702.45,0.04,2.61,571243.0,595236.0,90899.0
2014-03-12,2295938.0,55.489,0.08,0.25,2.37,0.25,,,0.10700000000000001,0.10200000000000001,17491871158767.47,0.06,2.6900000000000004,492456.0,495124.0,81210.0
2014-03-19,2305795.0,70.357,0.08,0.25,2.32,0.25,,,0.08700000000000001,0.078,17511461705211.85,0.06,2.6100000000000003,529968.0,546827.0,121539.0
2014-03-26,2311539.0,80.564,0.08,0.25,2.34,0.25,,,0.084,0.07100000000000001,17546932628558.05,0.06,2.73,541936.0,577617.0,185897.0
2014-04-02,2320653.0,112.832,0.08,0.25,2.24,0.25,,,0.085,0.064,17533579816074.13,0.02,2.65,528117.0,580128.0,120044.0
2014-04-09,2326085.0,96.38,0.08,0.25,2.34,0.25,,,0.081,0.07200000000000001,17554778670289.33,0.03,2.78,503587.0,513573.0,104233.0
2014-04-16,2335991.0,93.958,0.08,0.25,2.28,0.25,,,0.075,0.067,17539023466494.92,0.03,2.61,435341.0,471327.0,127574.0
2014-04-23,2341768.0,129.837,0.09,0.25,2.3,0.25,,,0.085,0.066,17512421133896.12,0.02,2.7,318187.0,354620.0,98734.0
2014-04-30,2350272.0,153.847,0.1,0.25,2.27,0.25,,,0.07100000000000001,0.059000000000000004,17437874260412.18,0.0,2.6900000000000004,477314.0,512442.0,101922.0
2014-05-07,2354916.0,175.868,0.09,0.25,2.22,0.25,,,0.068,0.057,17474314085413.25,0.02,2.6,446215.0,497222.0,86253.0
2014-05-14,2361328.0,192.03,0.08,0.25,2.21,0.25,,,0.061000000000000006,0.062,17472051696926.14,0.02,2.58,427588.0,470863.0,92070.0
2014-05-21,2367236.0,192.416,0.09,0.25,2.12,0.25,,,0.07200000000000001,0.062,17471572575280.71,0.01,2.47,393295.0,430120.0,90825.0
2014-05-28,2370724.0,209.095,0.09,0.25,2.19,0.25,,,0.061000000000000006,0.059000000000000004,17488395174401.72,0.03,2.5300000000000002,438605.0,478904.0,99839.0
2014-06-04,2378186.0,155.686,0.09,0.25,2.08,0.25,,,0.112,0.10500000000000001,17502870380161.92,0.05,2.41,524602.0,564730.0,130090.0
2014-06-11,2385801.0,103.755,0.09,0.25,2.19,0.25,,,0.129,0.11800000000000001,17544581789209.83,0.03,2.55,433561.0,463618.0,388457.0
2014-06-18,2391477.0,104.237,0.09,0.25,2.16,0.25,,,0.14300000000000002,0.124,17536614238239.15,0.02,2.54,436542.0,490566.0,402904.0
2014-06-25,2396972.0,95.938,0.1,0.25,2.16,0.25,,,0.101,0.094,17532488016268.4,0.01,2.62,407771.0,453942.0,313084.0
2014-07-02,2404577.0,137.105,0.1,0.25,2.07,0.25,,,0.149,0.149,17512592730101.96,0.01,2.4899999999999998,447608.0,504541.0,205126.0
2014-07-09,2408506.0,136.039,0.09,0.25,2.13,0.25,,,0.113,0.097,17586595427577.23,0.01,2.64,395105.0,434034.0,104722.0
2014-07-16,2410339.0,125.926,0.09,0.25,2.09,0.25,,,0.112,0.08800000000000001,17591098482428.39,0.02,2.53,351927.0,395850.0,104546.0
2014-07-23,2413616.0,94.361,0.09,0.25,2.0,0.25,,,0.117,0.10700000000000001,17600503637303.33,0.02,2.45,348770.0,376077.0,95338.0
2014-07-30,2420285.0,87.923,0.09,0.25,1.99,0.25,,,0.117,0.114,17613901518929.04,0.04,2.49,448203.0,500025.0,299603.0
2014-08-06,2422566.0,156.374,0.08,0.25,2.05,0.25,,,0.164,0.14400000000000002,17687136723410.59,0.01,2.5500000000000003,505297.0,542851.0,261214.0
2014-08-13,2427647.0,128.981,0.09,0.25,1.99,0.25,,,0.097,0.08700000000000001,17670486142057.97,0.03,2.4000000000000004,429038.0,458775.0,108276.0
2014-08-20,2431395.0,121.978,0.09,0.25,1.98,0.25,,,0.098,0.091,17671687900979.84,0.04,2.36,427526.0,461528.0,108355.0
2014-08-27,2435932.0,145.418,0.09,0.25,1.92,0.25,,,0.076,0.07200000000000001,17709322691303.06,0.03,2.39,404838.0,442777.0,99143.0
2014-09-03,2436986.0,157.845,0.09,0.25,1.84,0.25,,,0.068,0.06,17721613306706.18,0.02,2.31,530910.0,574859.0,244738.0
2014-09-10,2440637.0,160.534,0.09,0.25,1.91,0.25,,,0.11900000000000001,0.11,17754467569229.71,0.02,2.4200000000000004,493140.0,521858.0,117790.0
2014-09-17,2446572.0,167.4,0.09,0.25,1.96,0.25,,,0.077,0.066,17742108970073.37,0.01,2.52,463479.0,502682.0,157504.0
2014-09-24,2448625.0,168.148,0.09,0.25,2.04,0.25,,,0.066,0.063,17749820713747.83,0.01,2.61,433588.0,479313.0,287621.0
2014-10-01,2451736.0,158.09,0.09,0.25,1.96,0.25,,,0.07300000000000001,0.059000000000000004,17741568558862.7,0.0,2.5100000000000002,504532.0,555438.0,204972.0
2014-10-08,2454457.0,179.039,0.09,0.25,1.91,0.25,,,0.085,0.079,17872947693176.67,0.01,2.43,507083.0,544302.0,106607.0
2014-10-15,2455345.0,167.77,0.08,0.25,1.88,0.25,,,0.126,0.098,17859583673997.51,0.02,2.33,604286.0,637554.0,223014.0
2014-10-22,2459197.0,115.559,0.09,0.25,1.82,0.25,,,0.218,0.189,17899316084553.37,0.04,2.14,488996.0,526565.0,153788.0
2014-10-29,2461580.0,137.137,0.09,0.25,1.88,0.25,,,0.14300000000000002,0.11900000000000001,17899001165157.98,0.02,2.2800000000000002,427917.0,476808.0,107900.0
2014-11-05,2461581.0,142.244,0.09,0.25,1.84,0.25,,,0.168,0.139,17914425526718.05,0.01,2.31,448893.0,496814.0,101798.0
2014-11-12,2461602.0,110.247,0.09,0.25,1.85,0.25,,,0.14800000000000002,0.116,17938161633953.07,0.04,2.3600000000000003,406042.0,450432.0,110123.0
2014-11-19,2461622.0,110.881,0.09,0.25,1.82,0.25,,,0.184,0.14200000000000002,17941406575143.38,0.05,2.33,413128.0,473321.0,138964.0
2014-11-26,2461645.0,163.034,0.1,0.25,1.81,0.25,,,0.14,0.129,17966390052905.54,0.04,2.32,446385.0,496528.0,103839.0
2014-12-03,2461625.0,173.91,0.08,0.25,1.71,0.25,,,0.225,0.221,18005549328561.45,0.04,2.16,462605.0,527797.0,95438.0
2014-12-10,2461560.0,142.641,0.12,0.25,1.7,0.25,,,0.216,0.202,17993726181400.08,0.03,2.23,493156.0,540162.0,236823.0
2014-12-17,2461495.0,99.829,0.12,0.25,1.57,0.25,,,0.20500000000000002,0.189,17999196518791.71,0.02,2.16,456343.0,505648.0,185591.0
2014-12-24,2461420.0,59.473,0.13,0.25,1.55,0.25,,,0.217,0.20400000000000001,18029014745208.99,0.04,2.18,332064.0,394632.0,131534.0
2014-12-31,2461364.0,41.492,0.13,0.25,1.52,0.25,,,0.18,0.149,18030113356076.05,0.01,2.24,239891.0,298818.0,137082.0
2015-01-07,2461224.0,42.186,0.12,0.25,1.46,0.25,,,0.199,0.174,18080612655244.26,0.02,2.1,443466.0,505378.0,156704.0
2015-01-14,2461084.0,124.293,0.12,0.25,1.41,0.25,,,0.14,0.135,18084817920825.53,0.01,1.9999999999999998,488100.0,523019.0,148202.0
2015-01-21,2460944.0,96.517,0.12,0.25,1.33,0.25,,,0.185,0.181,18079608395519.69,0.03,1.74,488029.0,532089.0,136942.0
2015-01-28,2460804.0,168.182,0.12,0.25,1.37,0.25,,,0.112,0.094,18087425445178.53,0.02,1.8699999999999999,379658.0,427248.0,135542.0
2015-02-04,2460652.0,148.784,0.11,0.25,1.26,0.25,,,0.1,0.095,18085063837781.82,0.01,1.74,570953.0,625210.0,149153.0
2015-02-11,2460490.0,124.667,0.12,0.25,1.31,0.25,,,0.191,0.191,18125876697430.99,0.02,1.81,522796.0,556416.0,135188.0
2015-02-18,2460328.0,113.479,0.12,0.25,1.38,0.25,,,0.183,0.163,18136906268079.51,0.02,1.97,474341.0,516574.0,104465.0
2015-02-25,2460167.0,133.105,0.12,0.25,1.44,0.25,,,0.117,0.095,18138459241907.59,0.02,2.09,434593.0,464699.0,220845.0
2015-03-04,2460028.0,130.583,0.11,0.25,1.37,0.25,,,0.105,0.101,18149752816959.6,0.02,1.9999999999999998,531705.0,591568.0,284961.0
2015-03-11,2459908.0,73.924,0.11,0.25,1.46,0.25,,,0.19,0.172,18147256483854.6,0.02,2.09,489361.0,516212.0,117348.0
2015-03-18,2459787.0,132.708,0.11,0.25,1.43,0.25,,,0.174,0.168,18153816304576.28,0.03,2.0700000000000003,394744.0,450840.0,148713.0
2015-03-25,2459666.0,83.108,0.12,0.25,1.35,0.25,,,0.168,0.148,18152422064045.46,0.02,1.95,426801.0,471627.0,126843.0
2015-04-01,2459578.0,80.866,0.11,0.25,1.4,0.25,,,0.225,0.207,18152367511357.61,0.02,1.9799999999999998,452560.0,527944.0,112914.0
2015-04-08,2459693.0,119.369,0.12,0.25,1.37,0.25,,,0.251,0.25,18152122140432.21,0.02,1.9,310188.0,348344.0,121211.0
2015-04-15,2459806.0,87.069,0.12,0.25,1.41,0.25,,,0.235,0.233,18152064358207.58,0.02,1.94,323150.0,370272.0,112234.0
2015-04-22,2459920.0,78.293,0.13,0.25,1.4,0.25,,,0.261,0.246,18152007830734.07,0.03,1.88,302962.0,348045.0,97576.0
2015-04-29,2460034.0,113.993,0.13,0.25,1.41,0.25,,,0.099,0.1,18151949531837.77,0.01,1.93,433268.0,504886.0,143291.0
2015-05-06,2460182.0,130.464,0.08,0.25,1.47,0.25,,,0.306,0.262,18152560126787.71,0.0,2.04,439581.0,498650.0,166411.0
2015-05-13,2460334.0,94.505,0.13,0.25,1.55,0.25,,,0.142,0.126,18152497848547.71,0.01,2.1700000000000004,504288.0,541758.0,206786.0
2015-05-20,2460486.0,61.513,0.13,0.25,1.67,0.25,,,0.184,0.172,18152438060107.24,0.0,2.22,429739.0,466278.0,193217.0
2015-05-27,2460639.0,141.963,0.12,0.25,1.59,0.25,,,0.129,0.116,18152378180209.21,0.02,2.17,403107.0,449857.0,139715.0
2015-06-03,2460749.0,135.3,0.12,0.25,1.51,0.25,,,0.137,0.133,18152383244725.26,0.01,2.12,556985.0,607431.0,143046.0
2015-06-10,2460803.0,96.429,0.13,0.25,1.65,0.25,,,0.234,0.203,18152820259005.52,0.02,2.29,460750.0,500879.0,156384.0
2015-06-17,2460857.0,90.833,0.13,0.25,1.66,0.25,,,0.218,0.195,18152758771144.62,0.01,2.3800000000000003,361243.0,412889.0,146845.0
2015-06-24,2460911.0,151.135,0.14,0.25,1.69,0.25,,,0.167,0.152,18152699387458.77,0.0,2.3400000000000003,400090.0,444956.0,125978.0
2015-07-01,2460975.0,64.918,0.13,0.25,1.72,0.25,,,0.22,0.189,18152711443291.54,0.0,2.39,459536.0,520582.0,126526.0
2015-07-08,2461107.0,176.063,0.13,0.25,1.76,0.25,,,0.21,0.182,18151991536019.17,0.01,2.39,432574.0,486123.0,134228.0
2015-07-15,2461238.0,129.671,0.13,0.25,1.72,0.25,,,0.235,0.204,18151931284495.35,0.02,2.29,388687.0,428399.0,120442.0
2015-07-22,2461370.0,104.58,0.14,0.25,1.69,0.25,,,0.24,0.218,18151873074142.99,0.03,2.34,345153.0,385685.0,130248.0
2015-07-29,2461502.0,112.052,0.13,0.25,1.57,0.25,,,0.148,0.152,18151903780340.35,0.04,2.25,394696.0,426870.0,111449.0
2015-08-05,2461603.0,87.405,0.14,0.25,1.56,0.25,,,0.295,0.273,18151852256637.31,0.05,2.21,471636.0,517132.0,139338.0
2015-08-12,2461694.0,93.508,0.14,0.25,1.52,0.25,,,0.273,0.264,18151284784984.56,0.04,2.19,391129.0,436855.0,128298.0
2015-08-19,2461785.0,77.057,0.15,0.25,1.47,0.25,,,0.301,0.27,18151248999672.85,0.06,2.09,382528.0,434952.0,154231.0
2015-08-26,2461876.0,93.262,0.15,0.25,1.4,0.25,,,0.202,0.205,18151300217506.79,0.01,2.07,534467.0,586459.0,165653.0
2015-09-02,2461941.0,71.312,0.14,0.25,1.5,0.25,,,0.184,0.178,18151249152738.76,0.02,2.12,498496.0,560783.0,160370.0
2015-09-09,2461943.0,67.183,0.14,0.25,1.47,0.25,,,0.203,0.188,18151154955297.86,0.02,2.16,414188.0,449136.0,120553.0
2015-09-16,2461944.0,66.083,0.14,0.25,1.48,0.25,,,0.206,0.209,18151108522784.29,0.02,2.21,363634.0,430468.0,121407.0
2015-09-23,2461946.0,106.254,0.14,0.25,1.51,0.25,,,0.183,0.177,18151144349685.38,0.0,2.2,416364.0,469378.0,146264.0
2015-09-30,2461948.0,45.671,0.14,0.25,1.46,0.25,,,0.195,0.178,18151073031331.5,0.0,2.12,454614.0,509354.0,162098.0
2015-10-07,2461911.0,75.143,0.13,0.25,1.41,0.25,,,0.179,0.186,18150616066342.53,0.0,2.05,403076.0,454976.0,168392.0
2015-10-14,2461874.0,121.144,0.13,0.25,1.47,0.25,,,0.172,0.174,18150540421127.53,0.0,2.12,364446.0,418021.0,165997.0
2015-10-21,2461837.0,100.247,0.13,0.25,1.43,0.25,,,0.255,0.247,18152716828322.01,0.0,2.0300000000000002,337655.0,387558.0,176400.0
2015-10-28,2461800.0,152.87,0.12,0.25,1.43,0.25,,,0.105,0.094,18152650688229.1,0.02,2.04,386369.0,427943.0,180312.0
2015-11-04,2461760.0,172.839,0.12,0.25,1.44,0.25,,,0.131,0.118,18152590112385.69,0.02,2.12,530384.0,616050.0,172463.0
2015-11-11,2461718.0,87.664,0.12,0.25,1.41,0.25,,,0.22,0.207,18609800070328.73,0.04,2.21,549686.0,594744.0,228506.0
2015-11-18,2461676.0,73.228,0.12,0.25,1.43,0.25,,,0.181,0.173,18649024795838.78,0.08,2.1799999999999997,396706.0,456714.0,206021.0
2015-11-25,2461628.0,120.822,0.12,0.25,1.33,0.25,,,0.126,0.116,18718208593840.77,0.06,2.1300000000000003,393056.0,425278.0,195475.0
2015-12-02,2461601.0,81.785,0.12,0.25,1.3,0.25,,,0.242,0.232,18782451267806.04,0.13,2.04,378876.0,461788.0,153657.0
2015-12-09,2461589.0,74.766,0.13,0.25,1.37,0.25,,,0.248,0.234,18787992446946.88,0.18,2.12,428866.0,502027.0,245926.0
2015-12-16,2461578.0,86.714,0.14,0.25,1.29,0.25,,,0.28,0.262,18762069058578.88,0.19,2.0,402866.0,470270.0,380497.0
2015-12-23,2461566.0,105.185,0.37,0.5,1.24,0.5,,,0.456,0.45,18796279678290.28,0.18,2.0100000000000002,240226.0,316427.0,266940.0
2015-12-30,2461554.0,161.879,0.36,0.5,1.22,0.5,,,0.556,0.539,18802880491536.0,0.15,2.05,251254.0,331560.0,392288.0
2016-01-06,2461505.0,474.591,0.2,0.5,1.21,0.5,,,0.705,0.639,18922179009420.89,0.14,2.11,429539.0,502099.0,247202.0
2016-01-13,2461450.0,116.843,0.36,0.5,1.2,0.5,,,0.476,0.466,18887876761105.13,0.2,1.9600000000000002,504722.0,558477.0,163887.0
2016-01-20,2461396.0,78.422,0.36,0.5,1.2,0.5,,,0.444,0.433,18923558492862.95,0.22,1.85,467399.0,554527.0,166989.0
2016-01-27,2461341.0,90.44,0.37,0.5,1.18,0.5,,,0.5,0.508,18958837318233.62,0.27,1.74,429196.0,491287.0,187663.0
2016-02-03,2461269.0,63.251,0.38,0.5,1.17,0.5,,,0.54,0.516,18989803014663.7,0.26,1.65,505721.0,579996.0,174177.0
2016-02-10,2461174.0,55.893,0.38,0.5,1.17,0.5,,,0.543,0.517,18996686873180.04,0.24,1.58,500656.0,558664.0,177232.0
2016-02-17,2461080.0,44.482,0.38,0.5,0.99,0.5,,,0.544,0.517,19016261934962.89,0.27,1.3499999999999999,519182.0,573602.0,183470.0
2016-02-24,2461211.0,71.581,0.38,0.5,1.04,0.5,,,0.49,0.482,19047126605778.92,0.28,1.45,462529.0,522159.0,144604.0
2016-03-02,2461152.0,43.818,0.37,0.5,0.99,0.5,,,0.473,0.444,19070657293114.53,0.27,1.39,545207.0,622768.0,257524.0
2016-03-09,2461196.0,50.384,0.37,0.5,0.98,0.5,,,0.453,0.438,19093150844906.08,0.25,1.55,430714.0,482673.0,889974.0
2016-03-16,2461239.0,35.428,0.36,0.5,1.0,0.5,,,0.468,0.457,19125325175994.32,0.27,1.6099999999999999,396376.0,448994.0,873156.0
2016-03-23,2461283.0,34.869,0.37,0.5,1.04,0.5,,,0.457,0.438,19188228962810.34,0.29,1.6199999999999999,323990.0,393500.0,174053.0
2016-03-30,2461326.0,65.481,0.37,0.5,1.02,0.5,,,0.48,0.489,19211664593324.31,0.24,1.6099999999999999,399573.0,491528.0,203163.0
2016-04-06,2461345.0,303.849,0.25,0.5,1.05,0.5,,,0.622,0.639,19264938619643.07,0.18,1.57,405867.0,456199.0,199166.0
2016-04-13,2461368.0,34.065,0.37,0.5,1.0,0.5,,,0.445,0.442,19221206331589.08,0.2,1.47,364687.0,405537.0,267755.0
2016-04-20,2461390.0,18.241,0.37,0.5,1.03,0.5,,,0.45,0.454,19203187186595.43,0.21,1.58,338030.0,382712.0,149984.0
2016-04-27,2461413.0,36.555,0.37,0.5,1.06,0.5,,,0.343,0.348,19196769313019.68,0.19,1.65,419184.0,470933.0,146546.0
2016-05-04,2461489.0,25.526,0.37,0.5,1.06,0.5,,,0.341,0.341,19186207744589.55,0.17,1.62,390045.0,452144.0,169260.0
2016-05-11,2461605.0,30.222,0.37,0.5,1.04,0.5,,,0.428,0.43,19188102413248.81,0.2,1.56,394606.0,444805.0,197028.0
2016-05-18,2461721.0,34.843,0.37,0.5,0.99,0.5,,,0.437,0.429,19200169433825.24,0.25,1.48,408404.0,473096.0,172119.0
2016-05-25,2461637.0,63.293,0.37,0.5,0.96,0.5,,,0.348,0.337,19212451626242.62,0.25,1.54,380465.0,444938.0,195000.0
2016-06-01,2461761.0,58.671,0.37,0.5,0.96,0.5,,,0.295,0.295,19216137840436.13,0.17,1.52,465217.0,550240.0,214169.0
2016-06-08,2461897.0,62.973,0.37,0.5,0.92,0.5,,,0.424,0.434,19229279536521.72,0.19,1.52,414835.0,473116.0,200487.0
2016-06-15,2462032.0,41.435,0.37,0.5,0.91,0.5,,,0.471,0.483,19219465874275.48,0.21,1.42,379880.0,436474.0,170335.0
2016-06-22,2462168.0,35.1,0.38,0.5,0.87,0.5,,,0.52,0.518,19248244178321.02,0.23,1.3,418423.0,495499.0,194069.0
2016-06-29,2462303.0,91.509,0.39,0.5,0.96,0.5,,,0.626,0.614,19259812422016.47,0.27,1.43,480475.0,564149.0,200328.0
2016-07-06,2462427.0,278.809,0.3,0.5,0.91,0.5,,,0.964,0.875,19381591140792.22,0.2,1.23,442610.0,511222.0,268284.0
2016-07-13,2462541.0,76.407,0.4,0.5,0.82,0.5,,,0.512,0.517,19360176741617.54,0.27,1.1099999999999999,440352.0,498784.0,243581.0
2016-07-20,2462652.0,30.358,0.4,0.5,0.85,0.5,,,0.504,0.481,19380590048237.64,0.29,1.21,350524.0,419726.0,292470.0
2016-07-27,2462763.0,70.517,0.4,0.5,0.87,0.5,,,0.455,0.442,19400566867618.92,0.28,1.25,406734.0,472426.0,345579.0
2016-08-03,2462865.0,45.194,0.4,0.5,0.8,0.5,,,0.467,0.481,19412286582301.91,0.19,1.27,447501.0,510056.0,229218.0
2016-08-10,2462956.0,50.263,0.4,0.5,0.87,0.5,,,0.556,0.53,19379566441022.18,0.24,1.25,404140.0,460205.0,193126.0
2016-08-17,2463447.0,80.145,0.4,0.5,0.81,0.5,,,0.532,0.521,19404383126105.06,0.27,1.29,386187.0,455742.0,192020.0
2016-08-24,2463538.0,95.089,0.4,0.5,0.82,0.5,,,0.538,0.525,19445100633520.18,0.27,1.23,360437.0,418539.0,158322.0
2016-08-31,2463645.0,72.817,0.4,0.5,0.8,0.5,,,0.501,0.508,19472203761101.76,0.28,1.25,449909.0,525023.0,251739.0
2016-09-07,2463599.0,90.607,0.4,0.5,0.79,0.5,,,0.551,0.549,19481571141221.67,0.27,1.24,390133.0,459087.0,385545.0
2016-09-14,2463553.0,60.729,0.4,0.5,0.83,0.5,,,0.541,0.56,19482086271333.82,0.26,1.2600000000000002,475918.0,552483.0,685190.0
2016-09-21,2463506.0,55.994,0.4,0.5,0.97,0.5,,,0.571,0.541,19508241572025.55,0.2,1.42,348685.0,422283.0,217513.0
2016-09-28,2463460.0,194.053,0.4,0.5,0.84,0.5,,,0.453,0.433,19519471076568.72,0.1,1.45,444991.0,520751.0,297839.0
2016-10-05,2463473.0,271.847,0.4,0.5,0.83,0.5,,,0.976,0.891,19532890233853.17,0.12,1.3,481381.0,558969.0,262463.0
2016-10-12,2463497.0,237.619,0.4,0.5,0.89,0.5,,,0.663,0.602,19688773606117.54,0.26,1.42,438641.0,530385.0,313660.0
2016-10-19,2463520.0,180.971,0.41,0.5,0.9,0.5,,,0.595,0.511,19720830822303.49,0.26,1.45,408405.0,479608.0,527428.0
2016-10-26,2463544.0,172.312,0.41,0.5,0.92,0.5,,,0.408,0.395,19785585189878.12,0.25,1.4100000000000001,378594.0,443479.0,257509.0
2016-11-02,2463586.0,135.113,0.41,0.5,0.98,0.5,,,0.527,0.5,19824868242412.09,0.19,1.55,495866.0,555368.0,226421.0
2016-11-09,2463654.0,148.543,0.41,0.5,1.01,0.5,,,0.511,0.496,19790136330003.19,0.24,1.44,476931.0,541336.0,204372.0
2016-11-16,2463722.0,99.936,0.41,0.5,1.23,0.5,,,0.538,0.501,19840574291147.01,0.3,1.67,665732.0,774637.0,308225.0
2016-11-23,2463801.0,92.397,0.41,0.5,1.25,0.5,,,0.372,0.35,19897150970886.87,0.3,1.85,535087.0,620901.0,501317.0
2016-11-30,2463861.0,121.165,0.41,0.5,1.24,0.5,,,0.35,0.346,19928118193162.55,0.34,1.8699999999999999,503539.0,584263.0,337207.0
2016-12-07,2463496.0,159.215,0.41,0.5,1.31,0.5,,,0.292,0.277,19901545151126.51,0.32,1.9700000000000002,460489.0,521244.0,362657.0
2016-12-14,2463531.0,186.313,0.41,0.5,1.28,0.5,,,0.323,0.304,19877418396481.66,0.39,1.89,480535.0,528506.0,832443.0
2016-12-21,2463566.0,199.654,0.66,0.75,1.31,0.75,,,0.525,0.538,19875320486024.59,0.48,2.09,367810.0,443809.0,250966.0
2016-12-28,2463601.0,312.338,0.66,0.75,1.33,0.75,,,0.496,0.486,19877449679259.48,0.42,2.04,260276.0,348296.0,332321.0
2017-01-04,2463591.0,346.472,0.66,0.75,1.27,0.75,,,0.605,0.564,19879151754933.53,0.39,2.0200000000000005,455814.0,537585.0,263280.0
2017-01-11,2463548.0,233.43,0.66,0.75,1.2,0.75,,,0.627,0.622,19948472988335.19,0.51,1.85,432089.0,485096.0,181232.0
2017-01-18,2463504.0,141.218,0.66,0.75,1.18,0.75,,,0.599,0.604,19941807383847.05,0.52,1.8399999999999999,426022.0,504788.0,186787.0
2017-01-25,2463462.0,138.637,0.66,0.75,1.22,0.75,,,0.597,0.569,19944429217106.77,0.47,1.9500000000000002,468885.0,529971.0,185951.0
2017-02-01,2463426.0,94.67,0.66,0.75,1.3,0.75,,,0.616,0.61,19939908790870.48,0.49,1.9999999999999998,504193.0,582171.0,168427.0
2017-02-08,2463436.0,111.12,0.66,0.75,1.27,0.75,,,0.61,0.597,19902827463569.1,0.5,1.96,454203.0,522638.0,168827.0
2017-02-15,2463446.0,83.894,0.66,0.75,1.2,0.75,,,0.687,0.652,19922335630306.69,0.51,1.8599999999999999,420725.0,489850.0,159269.0
2017-02-22,2463456.0,104.978,0.66,0.75,1.23,0.75,,,0.597,0.564,19926581166878.36,0.51,1.9200000000000002,407882.0,490230.0,171046.0
2017-03-01,2463488.0,187.176,0.66,0.75,1.2,0.75,,,0.503,0.499,19913901120188.15,0.39,1.8699999999999999,540863.0,604130.0,221068.0
2017-03-08,2463650.0,168.142,0.66,0.75,1.17,0.75,,,0.525,0.536,19894958569032.98,0.52,1.8200000000000003,433525.0,512479.0,236937.0
2017-03-15,2463812.0,217.831,0.66,0.75,1.23,0.75,,,0.527,0.529,19855676540211.34,0.5,1.87,408559.0,512636.0,266824.0
2017-03-22,2463974.0,209.114,0.91,1.0,1.18,1.0,,,0.834,0.81,19846045559411.81,0.68,1.7999999999999998,367149.0,425179.0,226106.0
2017-03-29,2464335.0,231.463,0.91,1.0,1.15,1.0,,,0.8,0.798,19846049205261.81,0.73,1.6500000000000001,428642.0,503190.0,213714.0
2017-04-05,2464454.0,224.134,0.91,1.0,1.14,1.0,,,0.905,0.851,19846255248406.68,0.75,1.64,468352.0,535874.0,203415.0
2017-04-12,2464546.0,117.337,0.91,1.0,1.1,1.0,,,0.914,0.908,19846326429133.82,0.78,1.5499999999999998,402154.0,470728.0,223492.0
2017-04-19,2464638.0,64.37,0.91,1.0,1.03,1.0,,,1.015,0.984,19846313677094.44,0.76,1.4300000000000002,323361.0,409937.0,182796.0
2017-04-26,2464730.0,128.726,0.91,1.0,1.03,1.0,,,0.805,0.803,19846293677437.8,0.73,1.4500000000000002,407367.0,487185.0,163903.0
2017-05-03,2464792.0,127.826,0.91,1.0,1.05,1.0,,,0.915,0.9,19846491745845.94,0.7,1.4899999999999998,436552.0,521173.0,234515.0
2017-05-10,2464815.0,152.793,0.91,1.0,1.04,1.0,,,0.868,0.863,19846238291542.59,0.71,1.5,383702.0,453552.0,219370.0
2017-05-17,2464638.0,161.232,0.91,1.0,1.04,1.0,,,0.856,0.829,19846227292251.07,0.68,1.5,451514.0,512903.0,195341.0
2017-05-24,2464660.0,185.287,0.91,1.0,0.96,1.0,,,0.853,0.839,19846211384209.15,0.73,1.2999999999999998,459048.0,528051.0,188271.0
2017-05-31,2464696.0,153.451,0.91,1.0,0.95,1.0,,,0.918,0.92,19846431364938.7,0.72,1.31,441354.0,530395.0,314224.0
2017-06-07,2464783.0,163.755,0.91,1.0,0.93,1.0,,,0.959,0.95,19846204620702.34,0.82,1.23,381350.0,444207.0,216784.0
2017-06-14,2464871.0,151.582,0.91,1.0,0.86,1.0,,,0.992,0.98,19846178256583.33,0.8,1.18,436851.0,504765.0,204742.0
2017-06-21,2464958.0,131.378,1.16,1.25,0.81,1.25,,,1.313,1.312,19846150150843.92,0.86,1.1400000000000001,378014.0,463984.0,221543.0
2017-06-28,2465046.0,195.144,1.16,1.25,0.81,1.25,,,1.078,1.072,19846371512623.16,0.8,1.19,468769.0,537516.0,268035.0
2017-07-05,2465096.0,269.565,1.16,1.25,0.89,1.25,,,1.272,1.212,19846342893092.54,0.88,1.23,431750.0,506631.0,277351.0
2017-07-12,2465121.0,189.992,1.16,1.25,0.97,1.25,,,1.149,1.095,19844797176473.97,0.95,1.33,357391.0,418564.0,244869.0
2017-07-19,2465145.0,162.379,1.16,1.25,0.98,1.25,,,1.095,1.065,19844765411285.25,0.95,1.3,351374.0,398904.0,251437.0
2017-07-26,2465170.0,126.676,1.16,1.25,0.9,1.25,,,1.089,1.071,19844968852152.58,1.0,1.12,349789.0,414058.0,250424.0
2017-08-02,2465195.0,95.636,1.16,1.25,0.96,1.25,,,1.136,1.111,19844938940351.37,1.01,1.2099999999999997,411931.0,500681.0,269318.0
2017-08-09,2465221.0,87.844,1.16,1.25,0.9,1.25,,,1.07,1.07,19845082603862.3,1.0,1.1600000000000001,345578.0,406459.0,218836.0
2017-08-16,2465247.0,90.273,1.16,1.25,0.87,1.25,,,1.146,1.132,19845021514944.16,1.02,1.1500000000000001,360867.0,448039.0,240237.0
2017-08-23,2465273.0,78.582,1.16,1.25,0.87,1.25,,,1.194,1.185,19845188460166.77,0.95,1.19,298037.0,367569.0,220050.0
2017-08-30,2465300.0,130.879,1.16,1.25,0.86,1.25,,,1.211,1.177,19845100367124.09,0.98,1.17,409312.0,493826.0,242948.0
2017-09-06,2465289.0,213.486,1.07,1.25,0.79,1.25,,,1.31,1.227,19844533441924.39,0.95,1.11,440590.0,527161.0,435450.0
2017-09-13,2465468.0,126.607,1.16,1.25,0.78,1.25,,,1.146,1.123,19844586961607.12,0.98,0.9999999999999998,406741.0,495907.0,325043.0
2017-09-20,2465448.0,97.564,1.16,1.25,0.83,1.25,,,1.245,1.202,20165466677134.71,0.99,1.1500000000000001,355415.0,436113.0,359391.0
2017-09-27,2465427.0,152.866,1.16,1.25,0.82,1.25,,,1.071,1.037,20179769858967.22,0.99,1.23,419533.0,493233.0,268715.0
2017-10-04,2465467.0,208.936,1.16,1.25,0.86,1.25,,,1.072,1.062,20203668853807.76,0.97,1.25,467842.0,543954.0,215857.0
2017-10-11,2465554.0,132.827,1.16,1.25,0.86,1.25,,,1.192,1.135,20371173402452.23,1.02,1.28,359415.0,434558.0,266539.0
2017-10-18,2465641.0,102.807,1.16,1.25,0.82,1.25,,,1.15,1.081,20382178657059.56,0.99,1.24,354061.0,422264.0,252375.0
2017-10-25,2465727.0,102.612,1.16,1.25,0.75,1.25,,,1.154,1.174,20433416014983.44,0.99,1.23,430744.0,494956.0,295520.0
2017-11-01,2459827.0,98.412,1.16,1.25,0.83,1.25,,,1.192,1.176,20453245142792.62,0.99,1.3499999999999999,464897.0,559710.0,252850.0
2017-11-08,2459985.0,58.758,1.16,1.25,0.74,1.25,,,1.205,1.21,20484949588327.36,1.02,1.1800000000000002,390276.0,451485.0,207927.0
2017-11-15,2456641.0,46.378,1.16,1.25,0.7,1.25,,,1.214,1.204,20496092622812.53,1.07,1.09,414723.0,501037.0,247578.0
2017-11-22,2456822.0,20.709,1.16,1.25,0.65,1.25,,,1.341,1.303,20529210216668.85,1.08,1.1,356627.0,426100.0,402775.0
2017-11-29,2456959.0,40.488,1.16,1.25,0.59,1.25,,,1.218,1.219,20557279072690.55,1.14,1.0499999999999998,436640.0,525828.0,599392.0
2017-12-06,2454474.0,102.719,1.07,1.25,0.64,1.25,,,1.162,1.154,20590391942312.26,1.14,1.15,441368.0,537570.0,523461.0
2017-12-13,2454256.0,63.552,1.16,1.25,0.57,1.25,,,1.168,1.142,20541101511244.25,1.16,1.08,416636.0,494867.0,832223.0
2017-12-20,2454237.0,107.679,1.41,1.5,0.53,1.5,,,1.46,1.438,20492949732212.36,1.21,1.03,363308.0,459143.0,374124.0
2017-12-27,2454219.0,116.978,1.42,1.5,0.59,1.5,,,1.513,1.501,20492946882116.34,1.21,1.13,273750.0,370546.0,221198.0
2018-01-03,2448208.0,158.478,1.42,1.5,0.52,1.5,,,1.586,1.574,20492954574011.86,1.19,1.0400000000000003,352245.0,491767.0,225268.0
2018-01-10,2448209.0,76.624,1.42,1.5,0.5,1.5,,,1.599,1.536,20493371220438.59,1.28,1.05,412815.0,493085.0,291517.0
2018-01-17,2447009.0,33.597,1.42,1.5,0.56,1.5,,,1.457,1.448,20493401574964.07,1.32,1.11,411851.0,520810.0,501255.0
2018-01-24,2447009.0,22.804,1.42,1.5,0.57,1.5,,,1.451,1.429,20493420765319.99,1.29,1.1700000000000002,466257.0,550241.0,198578.0
2018-01-31,2436211.0,19.891,1.42,1.5,0.55,1.5,,,1.498,1.449,20493423423807.19,1.23,1.21,516879.0,620076.0,237838.0
2018-02-07,2436192.0,31.825,1.42,1.5,0.62,1.5,,,1.436,1.435,20494566890206.07,1.41,1.2999999999999998,631983.0,725241.0,253017.0
2018-02-14,2436173.0,33.272,1.42,1.5,0.72,1.5,,,1.454,1.438,20494637976880.62,1.32,1.3,564563.0,674680.0,494966.0
2018-02-21,2432066.0,29.08,1.42,1.5,0.71,1.5,,,1.51,1.485,20710203610249.74,1.3,1.3199999999999998,457710.0,572731.0,292859.0
2018-02-28,2424242.0,36.32,1.42,1.5,0.67,1.5,,,1.452,1.416,20804998625487.55,1.34,1.29,503104.0,612161.0,214102.0
2018-03-07,2424402.0,14.334,1.42,1.5,0.59,1.5,,,1.554,1.575,20874435529527.56,1.5,1.1800000000000002,439411.0,532236.0,231548.0
2018-03-14,2424562.0,6.963,1.42,1.5,0.61,1.5,,,1.594,1.569,20957314831621.48,1.57,1.19,415837.0,504255.0,316679.0
2018-03-21,2424723.0,3.746,1.43,1.5,0.53,1.5,,,1.652,1.636,21031067004766.25,1.7,1.0499999999999998,343101.0,451150.0,215197.0
2018-03-28,2424883.0,11.592,1.68,1.75,0.54,1.75,,,1.746,1.755,21065155853968.88,1.67,1.11,458893.0,591073.0,233171.0
2018-04-04,2413031.0,3.823,1.68,1.75,0.47,1.75,,,1.971,2.068,21113576555836.45,1.63,1.0100000000000002,372821.0,492299.0,191565.0
2018-04-11,2413060.0,4.645,1.69,1.75,0.53,1.75,,,1.831,1.83,21120516214632.52,1.67,1.11,369158.0,440100.0,167808.0
2018-04-18,2413079.0,4.12,1.69,1.75,0.49,1.75,,,1.79,1.786,21062482347576.05,1.65,1.08,342567.0,432713.0,143276.0
2018-04-25,2413218.0,13.92,1.69,1.75,0.48,1.75,,,1.768,1.777,21035490499062.02,1.67,1.0999999999999999,451800.0,556315.0,141452.0
2018-05-02,2395460.0,3.795,1.7,1.75,0.51,1.75,,,1.785,1.776,21055498294426.9,1.62,1.18,441622.0,537791.0,177429.0
2018-05-09,2395528.0,5.775,1.7,1.75,0.45,1.75,,,1.805,1.777,21033707724786.27,1.68,1.0999999999999999,371990.0,429963.0,159902.0
2018-05-16,2386966.0,4.645,1.7,1.75,0.43,1.75,,,1.81,1.793,21050822593901.63,1.69,1.0700000000000003,452945.0,523641.0,170198.0
2018-05-23,2387035.0,1.896,1.7,1.75,0.54,1.75,,,1.819,1.8,21080911541301.81,1.7,1.19,440140.0,524752.0,140162.0
2018-05-30,2387103.0,6.62,1.7,1.75,0.48,1.75,,,1.808,1.791,21086523104703.44,1.74,1.07,570861.0,682553.0,167414.0
2018-06-06,2377872.0,21.475,1.7,1.75,0.43,1.75,,,1.912,1.985,21145215185726.27,1.76,0.9000000000000001,468257.0,554204.0,172819.0
2018-06-13,2377998.0,5.771,1.7,1.75,0.43,1.75,,,1.787,1.766,21100104747917.42,1.78,0.9900000000000002,409006.0,486784.0,150864.0
2018-06-20,2378124.0,2.935,1.9,2.0,0.35,2.0,,,1.979,1.955,21080800469062.53,1.81,1.0,362201.0,454083.0,192985.0
2018-06-27,2378250.0,1.37,1.92,2.0,0.34,2.0,,,1.943,1.966,21130804062854.82,1.85,0.96,382794.0,460292.0,151350.0
2018-07-04,2360377.0,20.419,1.91,2.0,0.32,2.0,,,2.013,2.045,21128999819421.29,1.76,0.9099999999999999,429673.0,528411.0,153703.0
2018-07-11,2360504.0,8.205,1.91,2.0,0.29,2.0,,,2.05,2.025,21202772898489.06,1.87,0.8799999999999999,322732.0,398802.0,143060.0
2018-07-18,2359766.0,2.455,1.91,2.0,0.25,2.0,,,1.978,1.946,21211173172828.9,1.89,0.8700000000000001,306144.0,402314.0,130346.0
2018-07-25,2359893.0,3.62,1.91,2.0,0.24,2.0,,,1.973,1.954,21259998398094.92,1.89,0.8399999999999999,385464.0,463919.0,140276.0
2018-08-01,2336876.0,1.571,1.91,2.0,0.29,2.0,,,2.002,1.953,21298625513846.47,1.89,0.99,414350.0,519340.0,158018.0
2018-08-08,2336925.0,1.817,1.91,2.0,0.32,2.0,,,2.013,1.967,21313281480972.7,1.89,0.96,318334.0,408365.0,138837.0
2018-08-15,2324391.0,1.745,1.91,2.0,0.29,2.0,,,2.037,1.991,21342180438050.36,1.91,0.8700000000000001,397623.0,504178.0,163290.0
2018-08-22,2324540.0,0.532,1.92,2.0,0.24,2.0,,,2.093,2.055,21407198924328.46,1.96,0.8000000000000003,312192.0,396423.0,160304.0
2018-08-29,2324589.0,2.416,1.92,2.0,0.21,2.0,,,2.049,2.031,21427964691382.19,1.94,0.7399999999999998,402763.0,486168.0,157942.0
2018-09-05,2313202.0,0.985,1.92,2.0,0.22,2.0,,,2.033,1.995,21442467655114.31,1.97,0.75,444701.0,554757.0,145112.0
2018-09-12,2313204.0,0.815,1.92,2.0,0.24,2.0,,,2.026,2.007,21454589882352.1,1.98,0.75,405677.0,499991.0,164996.0
2018-09-19,2313206.0,1.791,1.92,2.0,0.21,2.0,,,2.016,1.99,21432542252109.45,2.01,0.8200000000000003,394924.0,486342.0,149522.0
2018-09-26,2313208.0,17.868,1.92,2.0,0.26,2.0,,,1.993,1.976,21467468522886.37,2.03,0.8999999999999999,434681.0,528291.0,135765.0
2018-10-03,2294210.0,30.056,2.18,2.25,0.23,2.25,,,2.247,2.226,21431887134696.46,2.1,0.8799999999999999,449617.0,559234.0,147897.0
2018-10-10,2294227.0,3.265,2.18,2.25,0.32,2.25,,,2.267,2.233,21599377345082.36,2.16,0.9699999999999998,497771.0,594670.0,174351.0
2018-10-17,2294245.0,2.016,2.18,2.25,0.29,2.25,,,2.265,2.255,21590013434727.39,2.14,0.8700000000000001,405517.0,485682.0,142590.0
2018-10-24,2294215.0,10.29,2.19,2.25,0.3,2.25,,,2.28,2.268,21672453590238.12,2.19,0.8500000000000001,451446.0,534260.0,133908.0
2018-10-31,2270399.0,1.944,2.2,2.25,0.28,2.25,,,2.267,2.265,21695750095091.45,2.19,0.8000000000000003,500437.0,599418.0,134343.0
2018-11-07,2270436.0,4.64,2.2,2.25,0.3,2.25,,,2.331,2.394,21683971652591.44,2.21,0.8200000000000003,441742.0,541909.0,148419.0
2018-11-14,2270420.0,1.166,2.2,2.25,0.26,2.25,,,2.298,2.281,21733425227728.46,2.21,0.8900000000000001,415416.0,526207.0,120294.0
2018-11-21,2253085.0,0.494,2.2,2.25,0.25,2.25,,,2.361,2.342,21763815767800.21,2.2,0.7399999999999998,420115.0,510574.0,152966.0
2018-11-28,2253117.0,13.105,2.2,2.25,0.24,2.25,,,2.329,2.263,21802839722859.62,2.25,0.6399999999999997,466007.0,567006.0,145239.0
2018-12-05,2240551.0,1.814,2.2,2.25,0.22,2.25,,,2.344,2.307,21818103811690.47,2.31,0.6599999999999997,629218.0,732733.0,143422.0
2018-12-12,2240606.0,3.36,2.2,2.25,0.12,2.25,,,2.448,2.447,21851519415475.75,2.36,0.45999999999999996,592379.0,709115.0,165030.0
2018-12-19,2240661.0,0.415,2.19,2.25,0.16,2.25,,,2.283,2.262,21823094510705.58,2.36,0.48,429628.0,529790.0,176183.0
2018-12-26,2240717.0,9.521,2.4,2.5,0.12,2.5,,,2.511,2.478,21863635176724.12,2.42,0.3999999999999999,364230.0,488430.0,144965.0
2019-01-02,2222517.0,3.1,2.4,2.5,0.21,2.5,,,2.524,2.503,21845329154412.01,2.43,0.3599999999999999,428141.0,577184.0,151222.0
2019-01-09,2222412.0,7.198,2.4,2.5,0.17,2.5,,,2.807,2.642,21929258046653.58,2.42,0.1499999999999999,553798.0,664404.0,156497.0
2019-01-16,2220219.0,2.216,2.4,2.5,0.18,2.5,,,2.515,2.484,21917603881288.34,2.42,0.31000000000000005,411388.0,531689.0,145079.0
2019-01-23,2220115.0,2.065,2.4,2.5,0.19,2.5,,,2.467,2.459,21954771806120.41,2.41,0.33000000000000007,391125.0,519298.0,144194.0
2019-01-30,2220012.0,15.06,2.4,2.5,0.16,2.5,,,2.498,2.477,21941258881102.69,2.38,0.3500000000000001,488626.0,590177.0,106933.0
2019-02-06,2205713.0,1.051,2.4,2.5,0.18,2.5,,,2.716,2.693,21982423036475.23,2.42,0.21999999999999975,549010.0,671960.0,147567.0
2019-02-13,2205604.0,2.32,2.4,2.5,0.17,2.5,,,2.461,2.442,21955061924930.72,2.43,0.22999999999999998,429272.0,528265.0,132654.0
2019-02-20,2182201.0,1.341,2.4,2.5,0.16,2.5,,,2.465,2.458,22015608446497.27,2.45,0.22999999999999998,393361.0,503068.0,145833.0
2019-02-27,2182092.0,1.725,2.4,2.5,0.16,2.5,,,2.459,2.453,22039289882625.87,2.43,0.23999999999999977,568539.0,688380.0,177958.0
2019-03-06,2175420.0,3.415,2.4,2.5,0.21,2.5,,,2.713,2.618,22115526445599.07,2.44,0.2799999999999998,534441.0,656994.0,272840.0
2019-03-13,2175479.0,0.717,2.4,2.5,0.17,2.5,,,2.463,2.452,22029051549002.87,2.45,0.18999999999999995,447044.0,557903.0,289220.0
2019-03-20,2175537.0,0.019,2.4,2.5,0.17,2.5,,,2.491,2.479,22028877815332.49,2.48,0.17999999999999972,385665.0,484233.0,166109.0
2019-03-27,2175596.0,0.411,2.41,2.5,0.13,2.5,,,2.521,2.5,22028692383333.1,2.51,0.04999999999999982,572399.0,691326.0,154218.0
2019-04-03,2153308.0,0.515,2.41,2.5,0.16,2.5,,,2.514,2.478,22029112480741.88,2.44,-0.040000000000000036,567537.0,672677.0,176607.0
2019-04-10,2153443.0,0.615,2.41,2.5,0.18,2.5,,,2.523,2.535,22028147661589.79,2.43,0.06999999999999984,385088.0,460717.0,156156.0
2019-04-17,2153409.0,0.122,2.41,2.5,0.16,2.5,,,2.492,2.482,22027837127788.04,2.42,0.07999999999999963,388767.0,490430.0,157777.0
2019-04-24,2153544.0,1.117,2.43,2.5,0.19,2.5,,,2.556,2.568,22027542672770.63,2.44,0.1499999999999999,387335.0,495989.0,134374.0
2019-05-01,2123954.0,0.61,2.44,2.5,0.21,2.5,,,2.506,2.512,22027894379236.04,2.43,0.10999999999999988,440539.0,558567.0,163531.0
2019-05-08,2124129.0,0.023,2.41,2.5,0.2,2.5,,,2.56,2.534,22028002290150.87,2.44,0.07999999999999963,435317.0,519844.0,138095.0
2019-05-15,2114444.0,0.516,2.38,2.5,0.19,2.5,,,2.469,2.449,22027763492693.17,2.43,0.020000000000000018,471695.0,573739.0,157129.0
2019-05-22,2114569.0,1.75,2.39,2.5,0.2,2.5,,,2.501,2.487,22027466173302.66,2.4,0.0,376702.0,480543.0,161948.0
2019-05-29,2114744.0,4.93,2.38,2.5,0.19,2.5,,,2.437,2.429,22027749066883.72,2.38,-0.06000000000000005,572473.0,681575.0,240459.0
2019-06-05,2109785.0,1.026,2.39,2.5,0.16,2.5,,,2.48,2.445,22027424114818.6,2.37,-0.1599999999999997,655905.0,756405.0,265262.0
2019-06-12,2109957.0,2.21,2.37,2.5,0.24,2.5,,,2.478,2.462,22026251450735.52,2.32,-0.20999999999999996,518462.0,618586.0,305658.0
2019-06-19,2110084.0,1.655,2.37,2.5,0.27,2.5,,,2.427,2.409,22025897802924.26,2.24,-0.08999999999999986,419770.0,513594.0,273770.0
2019-06-26,2110256.0,27.43,2.37,2.5,0.29,2.5,,,2.432,2.441,22026074359429.66,2.17,-0.13000000000000034,528491.0,637398.0,228956.0
2019-07-03,2095393.0,16.794,2.38,2.5,0.27,2.5,,,2.492,2.466,22025713624721.18,2.19,-0.13000000000000034,467192.0,557839.0,200784.0
2019-07-10,2095448.0,6.155,2.42,2.5,0.17,2.5,,,2.677,2.642,22023252678157.0,2.26,-0.18999999999999995,428685.0,548551.0,228935.0
2019-07-17,2093984.0,4.95,2.4,2.5,0.28,2.5,,,2.487,2.451,22023097720080.98,2.17,-0.040000000000000036,371673.0,468464.0,221569.0
2019-07-24,2094051.0,16.662,2.41,2.5,0.27,2.5,,,2.552,2.511,22023269635664.39,2.11,-0.009999999999999787,376399.0,466371.0,161415.0
2019-07-31,2080700.0,3.355,2.4,2.5,0.22,2.5,,,2.525,2.49,22022943775070.37,2.16,-0.020000000000000018,430436.0,558148.0,183341.0
2019-08-07,2080704.0,6.044,2.14,2.25,0.17,2.25,,,2.292,2.253,22022779932477.98,2.11,-0.16999999999999993,604086.0,734936.0,229764.0
2019-08-14,2080710.0,3.056,2.12,2.25,0.1,2.25,,,2.188,2.186,22327888143759.66,2.09,-0.30000000000000004,489968.0,602775.0,281516.0
2019-08-21,2088920.0,3.51,2.13,2.25,0.04,2.25,,,2.296,2.252,22385387228972.44,2.08,-0.3899999999999999,430537.0,529310.0,241832.0
2019-08-28,2095130.0,14.611,2.12,2.25,0.01,2.25,,,2.169,2.162,22430652209581.7,2.1,-0.3799999999999999,476502.0,567720.0,177797.0
2019-09-04,2095164.0,0.102,2.12,2.25,-0.03,2.25,,,2.225,2.176,22467795131451.64,2.1,-0.49,574752.0,696093.0,366109.0
2019-09-11,2101169.0,1.075,2.13,2.25,0.02,2.25,,,2.307,2.269,22531817693305.66,2.05,-0.3999999999999999,526732.0,636971.0,243259.0
2019-09-18,2105826.0,3.469,2.13,2.25,0.07,2.25,,,2.294,2.268,22557781101458.39,1.99,-0.15999999999999992,484527.0,608043.0,241082.0
2019-09-25,2107683.0,5.004,1.9,2.0,0.05,2.0,,,2.108,1.975,22610196598036.67,2.01,-0.1399999999999999,500827.0,624003.0,224313.0
2019-10-02,2117130.0,5.18,1.85,2.0,0.04,2.0,,,1.935,1.869,22609957618808.14,1.91,-0.13000000000000012,486666.0,627482.0,218469.0
2019-10-09,2121485.0,3.297,1.83,2.0,0.15,2.0,,,1.895,1.871,22829455689908.62,1.78,-0.15999999999999992,428411.0,525219.0,152301.0
2019-10-16,2123085.0,1.1,1.82,2.0,0.14,2.0,,,1.902,1.887,22842749110170.59,1.74,-0.010000000000000009,461523.0,559909.0,140621.0
2019-10-23,2149188.0,1.001,1.85,2.0,0.16,2.0,,,1.996,1.974,22918794762476.14,1.74,0.10000000000000009,375298.0,453621.0,171678.0
2019-10-30,2175491.0,0.425,1.85,2.0,0.19,2.0,,,1.95,1.91,22943159688775.93,1.75,0.10000000000000009,421717.0,521183.0,143984.0
2019-11-06,2194318.0,2.851,1.58,1.75,0.17,1.75,,,1.863,1.807,23008409564494.99,1.59,0.1499999999999999,521200.0,630555.0,155871.0
2019-11-13,2201529.0,1.055,1.55,1.75,0.24,1.75,,,1.623,1.607,23004022933459.45,1.57,0.3599999999999999,513190.0,600626.0,158670.0
2019-11-20,2220361.0,1.867,1.55,1.75,0.24,1.75,,,1.634,1.612,23016663627659.38,1.59,0.25,418887.0,495190.0,194849.0
2019-11-27,2248498.0,25.719,1.55,1.75,0.17,1.75,,,1.64,1.626,23051248112073.68,1.57,0.18999999999999995,502945.0,606539.0,212476.0
2019-12-04,2259853.0,0.75,1.56,1.75,0.17,1.75,,,1.752,1.656,23076198934547.7,1.62,0.18999999999999995,489101.0,585102.0,273539.0
2019-12-11,2282196.0,0.001,1.55,1.75,0.22,1.75,,,1.611,1.6,23091135155881.25,1.52,0.26,451853.0,532241.0,143153.0
2019-12-18,2300678.0,0.6,1.55,1.75,0.24,1.75,1.6,91540000000.0,1.584,1.568,23053720112278.14,1.57,0.33999999999999986,406314.0,485579.0,169533.0
2019-12-25,2328862.0,8.936,1.55,1.75,0.3,1.75,1.59,94010000000.0,1.579,1.568,23087583496360.18,1.54,0.34999999999999987,317374.0,417140.0,123180.0
2020-01-01,2328933.0,3.192,1.55,1.75,0.26,1.75,1.58,92440000000.0,1.576,1.573,23087322171475.93,1.59,0.31999999999999984,290781.0,375491.0,133741.0
2020-01-08,2347714.0,3.1,1.55,1.75,0.3,1.75,1.61,81315000000.0,1.59,1.603,23171999133830.77,1.53,0.33999999999999986,511048.0,610940.0,121777.0
2020-01-15,2362635.0,0.401,1.55,1.75,0.27,1.75,1.59,65340000000.0,1.601,1.59,23167896598092.57,1.53,0.31000000000000005,385543.0,471652.0,156722.0
2020-01-22,2381020.0,0.3,1.54,1.75,0.23,1.75,1.58,61290000000.0,1.599,1.578,23204331499429.68,1.54,0.26,382504.0,494217.0,130736.0
2020-01-29,2409108.0,12.904,1.55,1.75,0.23,1.75,1.57,57230000000.0,1.588,1.57,23206605224315.72,1.55,0.18999999999999995,501628.0,604635.0,144534.0
2020-02-05,2427880.0,4.14,1.6,1.75,0.16,1.75,1.62,62185000000.0,1.646,1.626,23251562887364.32,1.59,0.0,532808.0,667441.0,201016.0
2020-02-12,2442621.0,0.403,1.59,1.75,0.21,1.75,1.63,63020000000.0,1.651,1.622,23252918659478.48,1.59,0.07999999999999985,433685.0,527477.0,130176.0
2020-02-19,2451688.0,0.45,1.58,1.75,0.17,1.75,1.63,63135000000.0,1.633,1.623,23305297151133.97,1.59,0.020000000000000018,454377.0,574108.0,171490.0
2020-02-26,2474060.0,3.6,1.59,1.75,0.13,1.75,1.64,62310000000.0,1.644,1.627,23392593917179.95,1.61,-0.06000000000000005,639102.0,723877.0,139951.0
2020-03-04,2502624.0,0.275,1.58,1.75,0.19,1.75,1.63,63080000000.0,1.646,1.626,23422686794507.87,1.56,-0.1499999999999999,896750.0,1025462.0,228098.0
2020-03-11,2523031.0,0.85,1.09,1.25,0.33,1.25,1.2,62325000000.0,1.189,1.168,23469159863224.08,0.92,0.30000000000000004,761211.0,869170.0,406988.0
2020-03-18,2640771.0,21.05,1.1,1.25,0.38,1.25,1.19,82410000000.0,1.309,1.194,23439923027258.37,0.41,0.55,657274.0,770507.0,566148.0
2020-03-25,2978372.0,1.195,0.2,0.25,0.68,0.25,0.17,64325000000.0,0.163,0.103,23515661447556.65,0.04,1.08,717219.0,848008.0,463969.0
2020-04-01,3340832.0,138.48,0.1,0.25,0.53,0.25,0.09,57851000000.0,0.084,0.089,23514801990505.63,0.01,0.83,721622.0,899245.0,467951.0
2020-04-08,3634386.0,182.627,0.05,0.25,0.4,0.25,0.08,66488000000.0,0.08,0.089,23833828188858.54,0.09,0.54,607045.0,788733.0,391235.0
2020-04-15,3788858.0,6.1,0.05,0.25,0.5,0.25,0.11,50030000000.0,0.126,0.106,24221670739204.35,0.2,0.48,460430.0,625074.0,295843.0
2020-04-22,3909352.0,1.525,0.05,0.25,0.41,0.25,0.1,54725000000.0,0.104,0.111,24465291180713.11,0.14,0.47,439069.0,542060.0,261345.0
2020-04-29,3971419.0,1.45,0.04,0.25,0.39,0.25,0.08,57587000000.0,0.073,0.091,24705155334862.85,0.09,0.5,501283.0,615146.0,233892.0
2020-05-06,4020191.0,1.775,0.05,0.25,0.44,0.25,0.11,52825000000.0,0.11,0.106,24974171868164.35,0.1,0.55,459580.0,616185.0,256202.0
2020-05-13,4057268.0,0.982,0.05,0.25,0.5,0.25,0.12,55200000000.0,0.129,0.119,25142400455245.54,0.1,0.52,477073.0,605913.0,212595.0
2020-05-20,4089331.0,0.133,0.05,0.25,0.47,0.25,0.09,58825000000.0,0.084,0.086,25267564712963.62,0.09,0.51,442396.0,569084.0,181543.0
2020-05-27,4109512.0,0.003,0.05,0.25,0.51,0.25,0.06,55830000000.0,0.047,0.064,25466764338935.22,0.09,0.56,512063.0,642818.0,175185.0
2020-06-03,4134356.0,0.0,0.05,0.25,0.53,0.25,0.13,48150000000.0,0.125,0.126,25683672542543.7,0.14,0.5499999999999999,556073.0,721096.0,147252.0
2020-06-10,4150409.0,0.0,0.06,0.25,0.63,0.25,0.12,64215000000.0,0.125,0.114,25920085643029.88,0.13,0.6699999999999999,521946.0,651849.0,180184.0
2020-06-17,4169340.0,0.375,0.08,0.25,0.47,0.25,0.12,66975000000.0,0.112,0.112,26062666877228.16,0.14,0.49,409536.0,548895.0,284404.0
2020-06-24,4197404.0,0.001,0.09,0.25,0.52,0.25,0.13,78425000000.0,0.124,0.122,26233671903448.33,0.13,0.5499999999999999,420456.0,502203.0,176292.0
2020-07-01,4213220.0,0.001,0.08,0.25,0.51,0.25,0.13,91807000000.0,0.129,0.125,26301202679011.4,0.13,0.52,479752.0,583874.0,139473.0
2020-07-08,4231355.0,0.0,0.09,0.25,0.52,0.25,0.14,92250000000.0,0.146,0.149,26457079712930.87,0.13,0.54,391956.0,488877.0,142819.0
2020-07-15,4253229.0,0.0,0.09,0.25,0.46,0.25,0.14,110800000000.0,0.14,0.138,26487808758250.95,0.11,0.49,342034.0,424133.0,141160.0
2020-07-22,4265878.0,0.001,0.1,0.25,0.46,0.25,0.14,82350000000.0,0.143,0.139,26529260218229.28,0.12,0.51,316018.0,381845.0,169829.0
2020-07-29,4293563.0,0.0,0.09,0.25,0.43,0.25,0.13,80570000000.0,0.133,0.125,26538874728557.87,0.09,0.47,404355.0,482400.0,151529.0
2020-08-05,4305651.0,0.307,0.1,0.25,0.44,0.25,0.12,80825000000.0,0.117,0.113,26505315299968.98,0.1,0.4600000000000001,416440.0,499722.0,136424.0
2020-08-12,4320093.0,0.0,0.1,0.25,0.44,0.25,0.13,73675000000.0,0.131,0.129,26498332917065.93,0.07,0.45000000000000007,389210.0,460083.0,162482.0
2020-08-19,4345544.0,0.126,0.1,0.25,0.55,0.25,0.13,70325000000.0,0.128,0.128,26509696627544.92,0.08,0.61,412070.0,488112.0,142719.0
2020-08-26,4358559.0,0.15,0.09,0.25,0.52,0.25,0.11,65175000000.0,0.111,0.112,26595600802892.36,0.08,0.54,458913.0,526836.0,119329.0
2020-09-02,4386637.0,0.002,0.08,0.25,0.58,0.25,0.1,65775000000.0,0.12,0.098,26615653156685.81,0.09,0.63,533380.0,609286.0,146842.0
2020-09-09,4393621.0,0.0,0.09,0.25,0.5,0.25,0.13,75150000000.0,0.135,0.132,26722674780085.17,0.1,0.52,447952.0,552061.0,150979.0
2020-09-16,4407005.0,0.01,0.09,0.25,0.54,0.25,0.13,70065000000.0,0.137,0.129,26709549160348.85,0.1,0.56,367959.0,463957.0,123921.0
2020-09-23,4431523.0,0.001,0.09,0.25,0.56,0.25,0.12,72475000000.0,0.135,0.127,26790444416958.18,0.09,0.6,400007.0,500276.0,135567.0
2020-09-30,4445477.0,0.004,0.09,0.25,0.53,0.25,0.1,73400000000.0,0.12,0.109,26786132350373.35,0.08,0.5700000000000001,440590.0,548160.0,142154.0
2020-10-07,4469848.0,0.001,0.09,0.25,0.54,0.25,0.12,74620000000.0,0.125,0.117,27026921935432.41,0.09,0.5900000000000001,464072.0,558945.0,144865.0
2020-10-14,4484978.0,0.212,0.09,0.25,0.65,0.25,0.12,59000000000.0,0.126,0.121,27073107016982.31,0.09,0.6900000000000001,360099.0,466686.0,105647.0
2020-10-21,4509778.0,0.001,0.09,0.25,0.6,0.25,0.13,73500000000.0,0.136,0.131,27143665414431.6,0.1,0.63,314959.0,418164.0,140940.0
2020-10-28,4527186.0,0.001,0.09,0.25,0.71,0.25,0.1,64970000000.0,0.108,0.101,27150835685981.61,0.09,0.78,377499.0,469992.0,131141.0
2020-11-04,4538087.0,0.014,0.09,0.25,0.69,0.25,0.12,67185000000.0,0.127,0.118,27169498275690.7,0.08,0.76,496133.0,620621.0,180520.0
2020-11-11,4552731.0,0.0,0.09,0.25,0.65,0.25,0.13,74980000000.0,0.142,0.132,27216985032997.07,0.09,0.6900000000000001,497941.0,598566.0,150127.0
2020-11-18,4584423.0,0.0,0.09,0.25,0.71,0.25,0.11,81600000000.0,0.128,0.113,27190176826089.04,0.1,0.78,455387.0,595625.0,170250.0
2020-11-25,4606580.0,2.0,0.08,0.25,0.68,0.25,0.08,82470000000.0,0.08,0.073,27248063291167.42,0.08,0.79,484286.0,597437.0,159193.0
2020-12-02,4614410.0,0.0,0.08,0.25,0.68,0.25,0.11,98500000000.0,0.122,0.11,27275615496401.16,0.09,0.75,472404.0,595948.0,137040.0
2020-12-09,4630538.0,0.0,0.09,0.25,0.76,0.25,0.1,99450000000.0,0.122,0.109,27414107838762.23,0.08,0.8400000000000001,401707.0,500235.0,143004.0
2020-12-16,4662841.0,0.001,0.09,0.25,0.78,0.25,0.1,108950000000.0,0.111,0.102,27385824169513.51,0.07,0.8400000000000001,393985.0,484334.0,131573.0
2020-12-23,4682881.0,0.014,0.09,0.25,0.81,0.25,0.1,144305000000.0,0.115,0.111,27506888886871.57,0.08,0.86,334002.0,429750.0,138001.0
2020-12-30,4688916.0,0.01,0.09,0.25,0.81,0.25,0.1,117727000000.0,0.111,0.107,27515510591804.39,0.09,0.85,382807.0,534342.0,88004.0
2021-01-06,4699421.0,9.651,0.09,0.25,0.8,0.25,0.11,94737000000.0,0.115,0.08,27747797947667.77,0.08,0.8400000000000001,498283.0,604624.0,93009.0
2021-01-13,4723733.0,0.001,0.09,0.25,0.94,0.25,0.12,105446000000.0,0.13,0.12,27683250886478.03,0.09,0.9900000000000001,565989.0,664589.0,120160.0
2021-01-20,4743552.0,0.6,0.09,0.25,0.99,0.25,0.09,120110000000.0,0.112,0.088,27682228608521.37,0.09,1.0599999999999998,437914.0,573594.0,134848.0
2021-01-27,4766107.0,1.201,0.08,0.25,0.99,0.25,0.06,119610000000.0,0.089,0.044,27756349666620.64,0.07,1.03,527850.0,649426.0,186924.0
2021-02-03,4772074.0,2.655,0.07,0.25,0.95,0.25,0.07,119604000000.0,0.101,0.074,27759906011554.99,0.05,1.0,559096.0,678389.0,169194.0
2021-02-10,4798901.0,0.5,0.08,0.25,1.04,0.25,0.07,109269000000.0,0.094,0.062,27855095022203.36,0.03,1.1099999999999999,504083.0,566248.0,149854.0
2021-02-17,4824057.0,0.108,0.08,0.25,1.05,0.25,0.08,135559000000.0,0.109,0.081,27847464517205.79,0.05,1.1099999999999999,555958.0,642875.0,120256.0
2021-02-24,4844574.0,0.0,0.07,0.25,1.18,0.25,0.07,131669000000.0,0.085,0.054,27921963590732.7,0.03,1.26,652705.0,713750.0,138184.0
2021-03-03,4867279.0,9.976,0.07,0.25,1.37,0.25,0.05,106754000000.0,0.07,0.038,27873148540805.79,0.04,1.5,816023.0,922682.0,211357.0
2021-03-10,4889007.0,2.1,0.07,0.25,1.4,0.25,0.05,115029000000.0,0.049,0.038,27954980988336.06,0.03,1.5,545744.0,633778.0,212779.0
2021-03-17,4911633.0,11.051,0.07,0.25,1.4,0.25,0.03,113902000000.0,0.028,0.019,27900419069251.4,0.04,1.5,457816.0,559534.0,198638.0
2021-03-24,4921302.0,26.57,0.07,0.25,1.55,0.25,0.0,91473000000.0,0.007,-0.008,27966782716712.25,0.01,1.7,520937.0,611396.0,168336.0
2021-03-31,4942277.0,10.1,0.07,0.25,1.49,0.25,0.04,86155000000.0,0.04,0.04,27963138826148.12,0.02,1.6099999999999999,551087.0,653172.0,147837.0
2021-04-07,4959033.0,3.45,0.07,0.25,1.52,0.25,0.03,90650000000.0,0.033,0.036,28081128042930.95,0.02,1.67,323885.0,427365.0,125584.0
2021-04-14,4973499.0,27.64,0.07,0.25,1.5,0.25,0.02,96375000000.0,0.017,0.013,28081511424807.03,0.02,1.63,411965.0,520351.0,179484.0
2021-04-21,5000306.0,28.626,0.07,0.25,1.4,0.25,0.02,94050000000.0,0.017,0.015,28145013813816.28,0.02,1.54,405148.0,509051.0,144868.0
2021-04-28,5014762.0,102.644,0.07,0.25,1.41,0.25,0.01,79400000000.0,0.011,0.009,28128968798006.36,0.02,1.54,442497.0,559498.0,135802.0
2021-05-05,5040418.0,173.469,0.06,0.25,1.49,0.25,0.0,81250000000.0,0.004,0.0,28090166581746.91,0.01,1.64,435460.0,559120.0,149626.0
2021-05-12,5054395.0,154.921,0.06,0.25,1.42,0.25,0.01,86100000000.0,0.021,0.012,28176306016169.05,0.01,1.56,428997.0,533900.0,145929.0
2021-05-19,5071821.0,235.217,0.06,0.25,1.5,0.25,0.0,90315000000.0,0.008,0.001,28138407466415.05,0.0,1.64,440948.0,585022.0,144553.0
2021-05-26,5087157.0,351.121,0.06,0.25,1.48,0.25,0.0,70231000000.0,0.01,0.001,28201780457814.49,0.01,1.6199999999999999,466808.0,583306.0,175025.0
2021-06-02,5119023.0,485.329,0.06,0.25,1.47,0.25,-0.0,66700000000.0,0.01,-0.001,28163641538608.22,0.0,1.59,580636.0,701855.0,197352.0
2021-06-09,5129891.0,479.102,0.06,0.25,1.47,0.25,0.01,63250000000.0,0.02,0.014,28241943205125.46,0.0,1.6099999999999999,454293.0,541852.0,176365.0
2021-06-16,5153771.0,534.943,0.06,0.25,1.31,0.25,0.01,64975000000.0,0.019,0.009,28198921278374.51,0.01,1.42,455537.0,554728.0,160093.0
2021-06-23,5163445.0,755.8,0.1,0.25,1.29,0.25,0.04,82158000000.0,0.046,0.043,28295877633137.04,0.05,1.48,622837.0,721355.0,196694.0
2021-06-30,5183385.0,813.048,0.1,0.25,1.23,0.25,0.05,77575000000.0,0.058,0.049,28321919276332.61,0.05,1.44,499262.0,624782.0,143621.0
2021-07-07,5201725.0,742.647,0.1,0.25,1.23,0.25,0.06,75750000000.0,0.067,0.062,28486498619912.01,0.05,1.43,393046.0,482711.0,149180.0
2021-07-14,5222570.0,793.399,0.1,0.25,1.11,0.25,0.06,74575000000.0,0.066,0.06,28480154358537.5,0.06,1.24,445696.0,536654.0,143269.0
2021-07-21,5242987.0,776.261,0.1,0.25,1.08,0.25,0.05,76745000000.0,0.066,0.055,28522128606576.79,0.05,1.26,441878.0,540907.0,126405.0
2021-07-28,5263740.0,898.197,0.1,0.25,1.07,0.25,0.04,79795000000.0,0.038,0.039,28471271832274.48,0.04,1.22,410144.0,517550.0,121223.0
2021-08-04,5277635.0,987.283,0.1,0.25,1.08,0.25,0.05,75195000000.0,0.058,0.05,28460129798094.46,0.05,1.22,490230.0,593409.0,145006.0
2021-08-11,5303495.0,944.335,0.1,0.25,1.02,0.25,0.06,81155000000.0,0.07,0.063,28427697750841.17,0.05,1.18,459250.0,566421.0,148575.0
2021-08-18,5323651.0,1087.342,0.1,0.25,1.13,0.25,0.05,73710000000.0,0.043,0.044,28427678854301.03,0.05,1.3,420553.0,544904.0,141050.0
2021-08-25,5346372.0,1109.938,0.09,0.25,1.02,0.25,0.03,83195000000.0,0.021,0.022,28427636801890.59,0.04,1.18,426222.0,521795.0,128655.0
2021-09-01,5365670.0,1091.792,0.09,0.25,1.09,0.25,0.06,73095000000.0,0.07,0.06,28427588849487.8,0.04,1.29,487119.0,612564.0,148042.0
2021-09-08,5372741.0,1066.987,0.08,0.25,1.09,0.25,0.06,82805000000.0,0.068,0.06,28427316469752.46,0.05,1.24,400232.0,506417.0,135550.0
2021-09-15,5391872.0,1107.659,0.08,0.25,1.07,0.25,0.06,87470000000.0,0.059,0.059,28427291338987.36,0.07,1.26,380171.0,484121.0,140877.0
2021-09-22,5413374.0,1147.494,0.08,0.25,1.11,0.25,0.06,68800000000.0,0.059,0.055,28427235095045.28,0.06,1.3,347637.0,473605.0,153032.0
2021-09-29,5431056.0,1352.483,0.08,0.25,1.14,0.25,0.03,82042000000.0,0.037,0.039,28427175063939.33,0.05,1.38,597319.0,740142.0,171846.0
2021-10-06,5449277.0,1604.881,0.06,0.25,1.24,0.25,0.04,91321000000.0,0.056,0.041,28428918570048.68,0.07,1.48,477520.0,609508.0,203671.0
2021-10-13,5465924.0,1375.863,0.08,0.25,1.26,0.25,,,0.049,0.043,28428899839341.2,0.03,1.53,528090.0,684222.0,224984.0
2021-10-20,5499267.0,1445.66,0.08,0.25,1.16,0.25,,,0.04,0.026,28728168806393.45,0.05,1.47,492888.0,624351.0,259645.0
2021-10-27,5513329.0,1458.605,0.08,0.25,1.23,0.25,,,0.018,0.015,28881233681285.16,0.06,1.6199999999999999,528190.0,628863.0,213661.0
2021-11-03,5533219.0,1384.684,0.08,0.25,1.07,0.25,,,0.088,0.057,28908774731742.71,0.06,1.51,673158.0,820911.0,236289.0
2021-11-10,5552607.0,1348.539,0.08,0.25,1.12,0.25,,,0.067,0.056,28908820096412.53,0.05,1.49,549609.0,660303.0,227244.0
2021-11-17,5573525.0,1417.643,0.08,0.25,1.05,0.25,,,0.066,0.054,28908756692386.32,0.05,1.53,518866.0,634760.0,199693.0
2021-11-24,5578900.0,1584.097,0.08,0.25,1.07,0.25,,,0.065,0.047,28908721997192.37,0.12,1.54,597053.0,714009.0,224444.0
2021-12-01,5592119.0,1451.108,0.08,0.25,0.98,0.25,,,0.061,0.051,28908671966903.25,0.11,1.42,608314.0,746593.0,209145.0
2021-12-08,5604169.0,1448.585,0.08,0.25,0.81,0.25,,,0.076,0.065,28908093498988.46,0.05,1.39,521520.0,624449.0,214622.0
2021-12-15,5638289.0,1500.027,0.08,0.25,0.79,0.25,,,0.069,0.055,28908056570613.87,0.03,1.43,366322.0,527687.0,224202.0
2021-12-22,5649823.0,1657.626,0.08,0.25,0.8,0.25,,,0.06,0.035,29206281597429.63,0.04,1.39,309213.0,484888.0,222637.0
2021-12-29,5652272.0,1577.78,0.08,0.25,0.79,0.25,,,0.056,0.048,29364845916478.98,0.04,1.43,280794.0,402057.0,149970.0
2022-01-05,,1696.476,0.08,0.25,0.79,0.25,,,0.047,0.036,29494802867965.6,0.06,1.47,,,
