Date,MBS GCF Repo Rate,Treasury GCF Repo Rate
1/3/2005,2.314,2.176
1/4/2005,2.285,2.145
1/5/2005,2.285,2.136
1/6/2005,2.297,2.18
1/7/2005,2.283,2.123
1/10/2005,2.28,2.125
1/11/2005,2.265,2.13
1/12/2005,2.248,2.114
1/13/2005,2.277,2.211
1/14/2005,2.296,2.249
1/18/2005,2.341,2.279
1/19/2005,2.259,2.192
1/20/2005,2.236,2.155
1/21/2005,2.22,2.149
1/24/2005,2.252,2.193
1/25/2005,2.261,2.197
1/26/2005,2.318,2.247
1/27/2005,2.35,2.281
1/28/2005,2.441,2.392
1/31/2005,2.542,2.483
2/1/2005,3.824,2.447
2/2/2005,2.482,2.394
2/3/2005,2.472,2.426
2/4/2005,2.477,2.436
2/7/2005,2.506,2.454
2/8/2005,2.484,2.43
2/9/2005,2.488,2.445
2/10/2005,2.517,2.491
2/11/2005,2.535,2.498
2/14/2005,2.564,2.521
2/15/2005,2.586,2.55
2/16/2005,2.496,2.461
2/17/2005,2.508,2.494
2/18/2005,2.483,2.456
2/22/2005,2.502,2.479
2/23/2005,2.527,2.489
2/24/2005,2.557,2.535
2/25/2005,2.579,2.551
2/28/2005,2.659,2.604
3/1/2005,2.539,2.503
3/2/2005,2.456,2.436
3/3/2005,2.513,2.49
3/4/2005,2.489,2.465
3/7/2005,2.514,2.492
3/8/2005,2.491,2.47
3/9/2005,2.484,2.484
3/10/2005,2.529,2.515
3/11/2005,2.518,2.518
3/14/2005,2.563,2.541
3/15/2005,2.639,2.606
3/16/2005,2.554,2.515
3/17/2005,2.621,2.596
3/18/2005,2.708,2.676
3/21/2005,2.739,2.688
3/22/2005,2.708,2.658
3/23/2005,2.689,2.641
3/24/2005,2.721,2.66
3/28/2005,2.817,2.745
3/29/2005,2.794,2.716
3/30/2005,2.763,2.664
3/31/2005,2.938,2.583
4/1/2005,2.865,2.769
4/4/2005,2.794,2.764
4/5/2005,2.772,2.721
4/6/2005,2.747,2.713
4/7/2005,2.769,2.738
4/8/2005,2.761,2.748
4/11/2005,2.775,2.758
4/12/2005,2.771,2.751
4/13/2005,2.782,2.806
4/14/2005,2.864,2.813
4/15/2005,2.856,2.795
4/18/2005,2.749,2.692
4/19/2005,2.751,2.678
4/20/2005,2.741,2.67
4/21/2005,2.741,2.646
4/22/2005,2.752,2.671
4/25/2005,2.773,2.709
4/26/2005,2.821,2.771
4/27/2005,2.839,2.76
4/28/2005,2.919,2.81
4/29/2005,2.974,2.866
5/2/2005,2.986,2.942
5/3/2005,2.983,2.919
5/4/2005,2.963,2.902
5/5/2005,2.975,2.947
5/6/2005,2.974,2.935
5/9/2005,2.967,2.931
5/10/2005,2.963,2.909
5/11/2005,2.969,2.912
5/12/2005,3.015,2.938
5/13/2005,3.019,2.938
5/16/2005,3.072,2.978
5/17/2005,3.002,2.923
5/18/2005,3.004,2.937
5/19/2005,3.014,2.965
5/20/2005,3.005,2.932
5/23/2005,3.01,2.941
5/24/2005,3.007,2.925
5/25/2005,3.004,2.929
5/26/2005,3.009,2.943
5/27/2005,3.015,2.937
5/31/2005,3.082,2.964
6/1/2005,3.056,2.972
6/2/2005,3.021,2.965
6/3/2005,3.006,2.957
6/6/2005,3.007,2.973
6/7/2005,3.004,3
6/8/2005,3.019,2.996
6/9/2005,3.021,3.005
6/10/2005,3.022,3.006
6/13/2005,3.04,3.038
6/14/2005,3.073,3.038
6/15/2005,3.09,3.04
6/16/2005,3.035,2.97
6/17/2005,3.017,2.964
6/20/2005,3.029,2.985
6/21/2005,3.026,2.961
6/22/2005,3.02,2.946
6/23/2005,3.051,2.975
6/24/2005,3.081,3.008
6/27/2005,3.155,3.085
6/28/2005,3.26,3.132
6/29/2005,3.352,3.124
6/30/2005,3.503,2.945
7/1/2005,3.315,3.253
7/5/2005,3.283,3.168
7/6/2005,3.232,3.146
7/7/2005,3.254,3.143
7/8/2005,3.227,3.13
7/11/2005,3.238,3.165
7/12/2005,3.234,3.194
7/13/2005,3.236,3.188
7/14/2005,3.276,3.25
7/15/2005,3.36,3.295
7/18/2005,3.271,3.2
7/19/2005,3.23,3.163
7/20/2005,3.191,3.125
7/21/2005,3.257,3.218
7/22/2005,3.249,3.226
7/25/2005,3.262,3.236
7/26/2005,3.271,3.215
7/27/2005,3.249,3.206
7/28/2005,3.267,3.229
7/29/2005,3.317,3.272
8/1/2005,3.315,3.287
8/2/2005,3.231,3.194
8/3/2005,3.188,3.15
8/4/2005,3.321,3.294
8/5/2005,3.45,3.408
8/8/2005,3.485,3.446
8/9/2005,3.442,3.383
8/10/2005,3.426,3.369
8/11/2005,3.453,3.418
8/12/2005,3.531,3.493
8/15/2005,3.592,3.526
8/16/2005,3.47,3.426
8/17/2005,3.473,3.495
8/18/2005,3.551,3.519
8/19/2005,3.504,3.475
8/22/2005,3.524,3.492
8/23/2005,3.527,3.496
8/24/2005,3.526,3.498
8/25/2005,3.55,3.537
8/26/2005,3.614,3.552
8/29/2005,3.617,3.554
8/30/2005,3.577,3.533
8/31/2005,3.613,3.545
9/1/2005,3.597,3.568
9/2/2005,3.533,3.491
9/6/2005,3.534,3.498
9/7/2005,3.51,3.468
9/8/2005,3.486,3.461
9/9/2005,3.476,3.447
9/12/2005,3.494,3.47
9/13/2005,3.485,3.445
9/14/2005,3.503,3.461
9/15/2005,3.694,3.633
9/16/2005,3.662,3.565
9/19/2005,3.668,3.539
9/20/2005,3.599,3.535
9/21/2005,3.697,3.635
9/22/2005,3.721,3.648
9/23/2005,3.756,3.656
9/26/2005,3.796,3.687
9/27/2005,3.829,3.669
9/28/2005,3.775,3.6
9/29/2005,3.813,3.591
9/30/2005,3.97,3.34
10/3/2005,3.84,3.756
10/4/2005,3.777,3.725
10/5/2005,3.787,3.713
10/6/2005,3.805,3.754
10/7/2005,3.786,3.701
10/11/2005,3.785,3.691
10/12/2005,3.738,3.615
10/13/2005,3.781,3.688
10/14/2005,3.791,3.656
10/17/2005,3.825,3.739
10/18/2005,3.761,3.682
10/19/2005,3.756,3.664
10/20/2005,3.76,3.714
10/21/2005,3.767,3.682
10/24/2005,3.783,3.72
10/25/2005,3.764,3.692
10/26/2005,3.772,3.675
10/27/2005,3.865,3.788
10/28/2005,3.923,3.856
10/31/2005,4.048,3.954
11/1/2005,4,3.933
11/2/2005,3.961,3.906
11/3/2005,3.98,3.956
11/4/2005,3.979,3.933
11/7/2005,3.989,3.959
11/8/2005,3.982,3.952
11/9/2005,3.971,3.931
11/10/2005,4.005,3.981
11/14/2005,4.029,3.99
11/15/2005,4.092,4.045
11/16/2005,3.991,3.94
11/17/2005,4.009,3.972
11/18/2005,3.994,3.958
11/21/2005,4.027,3.991
11/22/2005,4.026,3.963
11/23/2005,4.017,3.949
11/25/2005,4.048,3.987
11/28/2005,4.03,3.95
11/29/2005,4.001,3.919
11/30/2005,4.044,3.946
12/1/2005,4.036,3.99
12/2/2005,4.04,4.014
12/5/2005,4.055,4.005
12/6/2005,4.039,3.985
12/7/2005,4.037,3.992
12/8/2005,4.102,4.088
12/9/2005,4.22,4.178
12/12/2005,4.274,4.244
12/13/2005,4.27,4.229
12/14/2005,4.272,4.216
12/15/2005,4.379,4.163
12/16/2005,4.261,4.18
12/19/2005,4.274,4.212
12/20/2005,4.286,4.254
12/21/2005,4.29,4.225
12/22/2005,4.29,4.197
12/23/2005,4.332,4.232
12/27/2005,4.307,4.164
12/28/2005,4.326,4.153
12/29/2005,4.316,4.063
12/30/2005,4.246,3.474
1/3/2006,4.318,4.237
1/4/2006,4.284,4.19
1/5/2006,4.253,4.182
1/6/2006,4.229,4.163
1/9/2006,4.241,4.185
1/10/2006,4.233,4.195
1/11/2006,4.235,4.221
1/12/2006,4.267,4.229
1/13/2006,4.322,4.252
1/17/2006,4.372,4.265
1/18/2006,4.269,4.184
1/19/2006,4.274,4.185
1/20/2006,4.238,4.141
1/23/2006,4.26,4.162
1/24/2006,4.289,4.174
1/25/2006,4.321,4.209
1/26/2006,4.401,4.286
1/27/2006,4.412,4.338
1/30/2006,4.478,4.386
1/31/2006,4.46,4.377
2/1/2006,4.459,4.385
2/2/2006,4.494,4.432
2/3/2006,4.482,4.42
2/6/2006,4.5,4.418
2/7/2006,4.487,4.408
2/8/2006,4.48,4.416
2/9/2006,4.5,4.449
2/10/2006,4.504,4.453
2/13/2006,4.515,4.457
2/14/2006,4.498,4.446
2/15/2006,4.571,4.515
2/16/2006,4.494,4.458
2/17/2006,4.489,4.449
2/21/2006,4.508,4.483
2/22/2006,4.515,4.457
2/23/2006,4.497,4.473
2/24/2006,4.49,4.458
2/27/2006,4.508,4.483
2/28/2006,4.58,4.502
3/1/2006,4.503,4.474
3/2/2006,4.502,4.465
3/3/2006,4.507,4.492
3/6/2006,4.501,4.474
3/7/2006,4.5,4.464
3/8/2006,4.497,4.47
3/9/2006,4.508,4.495
3/10/2006,4.502,4.479
3/13/2006,4.521,4.517
3/14/2006,4.529,4.496
3/15/2006,4.563,4.503
3/16/2006,4.507,4.484
3/17/2006,4.514,4.496
3/20/2006,4.53,4.52
3/21/2006,4.59,4.558
3/22/2006,4.592,4.541
3/23/2006,4.618,4.611
3/24/2006,4.688,4.671
3/27/2006,4.756,4.723
3/28/2006,4.748,4.658
3/29/2006,4.714,4.588
3/30/2006,4.734,4.668
3/31/2006,4.912,4.591
4/3/2006,4.824,4.804
4/4/2006,4.764,4.714
4/5/2006,4.751,4.733
4/6/2006,4.779,4.758
4/7/2006,4.75,4.73
4/10/2006,4.774,4.745
4/11/2006,4.773,4.746
4/12/2006,4.755,4.737
4/13/2006,4.825,4.832
4/17/2006,4.853,4.775
4/18/2006,4.743,4.67
4/19/2006,4.718,4.638
4/20/2006,4.716,4.64
4/21/2006,4.704,4.641
4/24/2006,4.743,4.673
4/25/2006,4.729,4.667
4/26/2006,4.729,4.662
4/27/2006,4.768,4.674
4/28/2006,4.778,4.686
5/1/2006,4.783,4.727
5/2/2006,4.764,4.692
5/3/2006,4.755,4.687
5/4/2006,4.765,4.7
5/5/2006,4.771,4.71
5/8/2006,4.809,4.754
5/9/2006,4.804,4.732
5/10/2006,4.784,4.702
5/11/2006,4.935,4.872
5/12/2006,4.959,4.916
5/15/2006,5.04,4.877
5/16/2006,4.942,4.775
5/17/2006,4.948,4.767
5/18/2006,4.977,4.851
5/19/2006,4.992,4.879
5/22/2006,5.012,4.871
5/23/2006,4.995,4.844
5/24/2006,4.972,4.815
5/25/2006,5,4.889
5/26/2006,5.005,4.893
5/30/2006,5.026,4.894
5/31/2006,5.056,4.875
6/1/2006,5.027,4.938
6/2/2006,5.025,4.944
6/5/2006,5.014,4.965
6/6/2006,5.008,4.974
6/7/2006,5,4.959
6/8/2006,5.003,4.976
6/9/2006,5.004,4.972
6/12/2006,5.011,4.978
6/13/2006,5.01,4.977
6/14/2006,5.019,4.981
6/15/2006,5.047,4.972
6/16/2006,4.994,4.875
6/19/2006,5.002,4.835
6/20/2006,4.95,4.833
6/21/2006,4.932,4.835
6/22/2006,4.994,4.916
6/23/2006,4.99,4.905
6/26/2006,5.027,4.943
6/27/2006,5.027,4.951
6/28/2006,5.058,4.984
6/29/2006,5.114,5.015
6/30/2006,5.387,4.775
7/3/2006,5.311,5.16
7/5/2006,5.243,5.148
7/6/2006,5.266,5.185
7/7/2006,5.254,5.169
7/10/2006,5.258,5.187
7/11/2006,5.251,5.176
7/12/2006,5.25,5.184
7/13/2006,5.274,5.228
7/14/2006,5.286,5.234
7/17/2006,5.344,5.232
7/18/2006,5.261,5.162
7/19/2006,5.246,5.134
7/20/2006,5.247,5.18
7/21/2006,5.231,5.167
7/24/2006,5.245,5.183
7/25/2006,5.236,5.192
7/26/2006,5.232,5.2
7/27/2006,5.243,5.214
7/28/2006,5.253,5.208
7/31/2006,5.287,5.266
8/1/2006,5.288,5.262
8/2/2006,5.241,5.203
8/3/2006,5.244,5.225
8/4/2006,5.261,5.233
8/7/2006,5.258,5.215
8/8/2006,5.249,5.201
8/9/2006,5.378,5.177
8/10/2006,5.23,5.194
8/11/2006,5.228,5.187
8/14/2006,5.251,5.204
8/15/2006,5.306,5.247
8/16/2006,5.24,5.209
8/17/2006,5.242,5.221
8/18/2006,5.218,5.17
8/21/2006,5.24,5.211
8/22/2006,5.245,5.211
8/23/2006,5.235,5.214
8/24/2006,5.246,5.224
8/25/2006,5.251,5.212
8/28/2006,5.253,5.21
8/29/2006,5.246,5.222
8/30/2006,5.242,5.19
8/31/2006,5.284,5.232
9/1/2006,5.264,5.234
9/5/2006,5.264,5.256
9/6/2006,5.259,5.241
9/7/2006,5.253,5.236
9/8/2006,5.24,5.228
9/11/2006,5.249,5.236
9/12/2006,5.249,5.229
9/13/2006,5.242,5.224
9/14/2006,5.267,5.265
9/15/2006,5.271,5.235
9/18/2006,5.249,5.224
9/19/2006,5.258,5.232
9/20/2006,5.252,5.217
9/21/2006,5.241,5.23
9/22/2006,5.246,5.229
9/25/2006,5.259,5.248
9/26/2006,5.279,5.274
9/27/2006,5.301,5.28
9/28/2006,5.3,5.369
9/29/2006,5.408,5.171
10/2/2006,5.33,5.313
10/3/2006,5.291,5.261
10/4/2006,5.281,5.243
10/5/2006,5.284,5.253
10/6/2006,5.269,5.238
10/10/2006,5.279,5.245
10/11/2006,5.285,5.24
10/12/2006,5.281,5.265
10/13/2006,5.295,5.266
10/16/2006,5.334,5.29
10/17/2006,5.281,5.235
10/18/2006,5.263,5.222
10/19/2006,5.265,5.246
10/20/2006,5.264,5.239
10/23/2006,5.273,5.243
10/24/2006,5.254,5.228
10/25/2006,5.248,5.219
10/26/2006,5.276,5.256
10/27/2006,5.267,5.238
10/30/2006,5.275,5.268
10/31/2006,5.325,5.333
11/1/2006,5.307,5.285
11/2/2006,5.301,5.279
11/3/2006,5.275,5.255
11/6/2006,5.291,5.262
11/7/2006,5.277,5.25
11/8/2006,5.257,5.228
11/9/2006,5.26,5.245
11/10/2006,5.257,5.236
11/13/2006,5.26,5.24
11/14/2006,5.266,5.262
11/15/2006,5.315,5.281
11/16/2006,5.262,5.249
11/17/2006,5.252,5.237
11/20/2006,5.253,5.236
11/21/2006,5.25,5.218
11/22/2006,5.265,5.223
11/24/2006,5.281,5.265
11/27/2006,5.27,5.252
11/28/2006,5.27,5.252
11/29/2006,5.274,5.248
11/30/2006,5.334,5.305
12/1/2006,5.314,5.31
12/4/2006,5.296,5.296
12/5/2006,5.299,5.283
12/6/2006,5.282,5.244
12/7/2006,5.279,5.258
12/8/2006,5.273,5.252
12/11/2006,5.272,5.248
12/12/2006,5.266,5.242
12/13/2006,5.264,5.248
12/14/2006,5.291,5.278
12/15/2006,5.33,5.296
12/18/2006,5.264,5.235
12/19/2006,5.255,5.225
12/20/2006,5.256,5.221
12/21/2006,5.262,5.239
12/22/2006,5.289,5.246
12/26/2006,5.296,5.24
12/27/2006,5.299,5.244
12/28/2006,5.285,5.171
12/29/2006,5.335,4.881
1/2/2007,5.323,5.255
1/3/2007,5.278,5.234
1/4/2007,5.269,5.218
1/5/2007,5.253,5.21
1/8/2007,5.256,5.194
1/9/2007,5.237,5.197
1/10/2007,5.23,5.206
1/11/2007,5.247,5.219
1/12/2007,5.268,5.236
1/16/2007,5.312,5.269
1/17/2007,5.26,5.226
1/18/2007,5.259,5.223
1/19/2007,5.237,5.199
1/22/2007,5.247,5.214
1/23/2007,5.228,5.185
1/24/2007,5.224,5.195
1/25/2007,5.249,5.225
1/26/2007,5.263,5.226
1/29/2007,5.258,5.21
1/30/2007,5.23,5.179
1/31/2007,5.28,5.212
2/1/2007,5.253,5.205
2/2/2007,5.249,5.21
2/5/2007,5.246,5.194
2/6/2007,5.235,5.204
2/7/2007,5.231,5.202
2/8/2007,5.244,5.243
2/9/2007,5.251,5.231
2/12/2007,5.251,5.235
2/13/2007,5.265,5.256
2/14/2007,5.285,5.252
2/15/2007,5.332,5.288
2/16/2007,5.28,5.23
2/20/2007,5.286,5.255
2/21/2007,5.258,5.223
2/22/2007,5.253,5.224
2/23/2007,5.244,5.206
2/26/2007,5.269,5.23
2/27/2007,5.283,5.247
2/28/2007,5.328,5.267
3/1/2007,5.332,5.29
3/2/2007,5.293,5.273
3/5/2007,5.277,5.239
3/6/2007,5.257,5.232
3/7/2007,5.257,5.223
3/8/2007,5.261,5.249
3/9/2007,5.258,5.234
3/12/2007,5.264,5.234
3/13/2007,5.255,5.247
3/14/2007,5.289,5.259
3/15/2007,5.346,5.311
3/16/2007,5.268,5.236
3/19/2007,5.261,5.236
3/20/2007,5.253,5.235
3/21/2007,5.248,5.219
3/22/2007,5.25,5.231
3/23/2007,5.25,5.227
3/26/2007,5.26,5.234
3/27/2007,5.263,5.231
3/28/2007,5.292,5.249
3/29/2007,5.331,5.272
3/30/2007,5.427,5.232
4/2/2007,5.326,5.324
4/3/2007,5.285,5.274
4/4/2007,5.262,5.242
4/5/2007,5.275,5.256
4/9/2007,5.316,5.291
4/10/2007,5.291,5.266
4/11/2007,5.272,5.228
4/12/2007,5.272,5.238
4/13/2007,5.274,5.245
4/16/2007,5.307,5.249
4/17/2007,5.271,5.209
4/18/2007,5.219,5.168
4/19/2007,5.203,5.146
4/20/2007,5.206,5.155
4/23/2007,5.221,5.19
4/24/2007,5.222,5.177
4/25/2007,5.218,5.161
4/26/2007,5.21,5.133
4/27/2007,5.213,5.115
4/30/2007,5.232,5.103
5/1/2007,5.21,5.053
5/2/2007,5.222,5.121
5/3/2007,5.237,5.139
5/4/2007,5.235,5.1
5/7/2007,5.237,5.127
5/8/2007,5.214,5.117
5/9/2007,5.193,5.103
5/10/2007,5.184,5.104
5/11/2007,5.194,5.124
5/14/2007,5.235,5.144
5/15/2007,5.296,5.165
5/16/2007,5.242,5.135
5/17/2007,5.246,5.145
5/18/2007,5.248,5.15
5/21/2007,5.254,5.158
5/22/2007,5.245,5.131
5/23/2007,5.232,5.116
5/24/2007,5.241,5.139
5/25/2007,5.245,5.15
5/29/2007,5.279,5.139
5/30/2007,5.28,5.107
5/31/2007,5.307,5.073
6/1/2007,5.276,5.102
6/4/2007,5.249,5.138
6/5/2007,5.249,5.146
6/6/2007,5.243,5.143
6/7/2007,5.243,5.164
6/8/2007,5.253,5.175
6/11/2007,5.253,5.175
6/12/2007,5.257,5.186
6/13/2007,5.267,5.202
6/14/2007,5.294,5.219
6/15/2007,5.299,5.108
6/18/2007,5.248,5.058
6/19/2007,5.231,5.006
6/20/2007,5.23,4.943
6/21/2007,5.247,5.028
6/22/2007,5.242,5.041
6/25/2007,5.251,5.028
6/26/2007,5.302,5.096
6/27/2007,5.323,5.121
6/28/2007,5.336,5.01
6/29/2007,5.392,4.477
7/2/2007,5.296,5.083
7/3/2007,5.26,5.071
7/5/2007,5.245,5.083
7/6/2007,5.235,5.093
7/9/2007,5.229,5.104
7/10/2007,5.22,5.112
7/11/2007,5.216,5.12
7/12/2007,5.225,5.146
7/13/2007,5.249,5.162
7/16/2007,5.312,5.202
7/17/2007,5.257,5.145
7/18/2007,5.254,5.126
7/19/2007,5.253,5.137
7/20/2007,5.247,5.142
7/23/2007,5.253,5.158
7/24/2007,5.246,5.162
7/25/2007,5.247,5.146
7/26/2007,5.292,5.197
7/27/2007,5.287,5.187
7/30/2007,5.317,5.174
7/31/2007,5.304,5.122
8/1/2007,5.275,5.148
8/2/2007,5.276,5.185
8/3/2007,5.263,5.201
8/6/2007,5.266,5.196
8/7/2007,5.273,5.188
8/8/2007,5.289,5.18
8/9/2007,5.424,5.273
8/10/2007,5.642,5.249
8/13/2007,5.245,5.068
8/14/2007,5.171,4.983
8/15/2007,4.67,4.446
8/16/2007,4.976,4.485
8/17/2007,5.235,4.572
8/20/2007,5.241,4.262
8/21/2007,4.978,2.458
8/22/2007,5.041,2.568
8/23/2007,4.965,3.12
8/24/2007,5.011,4.656
8/27/2007,5.219,5.118
8/28/2007,5.335,5.261
8/29/2007,5.482,5.353
8/30/2007,5.384,5.19
8/31/2007,5.365,5.124
9/4/2007,5.364,5.234
9/5/2007,5.32,5.211
9/6/2007,5.292,5.163
9/7/2007,5.215,5.092
9/10/2007,5.085,4.961
9/11/2007,5.031,4.925
9/12/2007,4.987,4.872
9/13/2007,5.004,4.905
9/14/2007,5.088,5.035
9/17/2007,5.399,5.216
9/18/2007,5.2,5.048
9/19/2007,4.82,4.657
9/20/2007,4.757,4.584
9/21/2007,4.75,4.629
9/24/2007,4.759,4.632
9/25/2007,4.773,4.631
9/26/2007,4.801,4.645
9/27/2007,5.084,4.733
9/28/2007,5.157,4.013
10/1/2007,4.921,4.764
10/2/2007,4.982,4.829
10/3/2007,4.844,4.746
10/4/2007,4.785,4.723
10/5/2007,4.786,4.706
10/9/2007,4.837,4.741
10/10/2007,4.879,4.793
10/11/2007,4.844,4.764
10/12/2007,4.835,4.753
10/15/2007,4.92,4.803
10/16/2007,4.841,4.72
10/17/2007,4.836,4.575
10/18/2007,4.78,4.143
10/19/2007,4.802,4.599
10/22/2007,4.828,4.66
10/23/2007,4.819,4.662
10/24/2007,4.785,4.556
10/25/2007,4.758,4.57
10/26/2007,4.846,4.718
10/29/2007,4.873,4.746
10/30/2007,4.956,4.746
10/31/2007,4.914,4.497
11/1/2007,4.658,4.487
11/2/2007,4.637,4.507
11/5/2007,4.603,4.477
11/6/2007,4.517,4.377
11/7/2007,4.471,4.227
11/8/2007,4.507,4.305
11/9/2007,4.437,4.063
11/13/2007,4.651,4.256
11/14/2007,4.771,4.293
11/15/2007,4.854,4.407
11/16/2007,4.615,4.291
11/19/2007,4.606,4.326
11/20/2007,4.625,4.287
11/21/2007,4.618,4.216
11/23/2007,4.632,4.221
11/26/2007,4.709,4.211
11/27/2007,4.707,4.124
11/28/2007,4.646,3.81
11/29/2007,4.592,3.285
11/30/2007,4.68,3.394
12/3/2007,4.711,4.365
12/4/2007,4.69,4.55
12/5/2007,4.675,4.509
12/6/2007,4.621,4.432
12/7/2007,4.485,4.347
12/10/2007,4.48,4.278
12/11/2007,4.302,4.169
12/12/2007,4.313,4.239
12/13/2007,4.291,4.181
12/14/2007,4.365,4.228
12/17/2007,4.446,3.875
12/18/2007,4.361,3.525
12/19/2007,4.301,3.352
12/20/2007,4.23,3.338
12/21/2007,4.277,3.844
12/24/2007,4.496,4.233
12/26/2007,4.449,4.208
12/27/2007,4.491,4.112
12/28/2007,4.442,3.689
12/31/2007,5.255,1.613
1/2/2008,4.443,4.099
1/3/2008,4.337,4.054
1/4/2008,4.254,4.01
1/7/2008,4.258,4.003
1/8/2008,4.268,4.077
1/9/2008,4.293,4.115
1/10/2008,4.346,4.184
1/11/2008,4.345,4.119
1/14/2008,4.35,4.097
1/15/2008,4.454,4.091
1/16/2008,4.346,3.872
1/17/2008,4.32,3.774
1/18/2008,4.218,3.583
1/22/2008,3.795,2.075
1/23/2008,3.518,1.802
1/24/2008,3.566,2.381
1/25/2008,3.541,2.621
1/28/2008,3.565,2.326
1/29/2008,3.567,2.418
1/30/2008,3.314,2.128
1/31/2008,3.106,1.999
2/1/2008,3.187,2.267
2/4/2008,3.354,2.712
2/5/2008,3.207,2.624
2/6/2008,3.007,2.256
2/7/2008,3.043,2.522
2/8/2008,3.066,2.716
2/11/2008,3.107,2.864
2/12/2008,3.113,2.865
2/13/2008,3.13,2.845
2/14/2008,3.221,3.015
2/15/2008,3.29,3.068
2/19/2008,3.201,2.947
2/20/2008,3.023,2.729
2/21/2008,3.016,2.835
2/22/2008,3.003,2.802
2/25/2008,3.008,2.664
2/26/2008,2.988,2.421
2/27/2008,2.981,2.221
2/28/2008,3.029,1.994
2/29/2008,3.231,1.933
3/3/2008,3.239,2.922
3/4/2008,3.147,2.882
3/5/2008,3.028,2.696
3/6/2008,3.014,2.528
3/7/2008,3.007,2.565
3/10/2008,3.036,2.734
3/11/2008,3.004,2.593
3/12/2008,2.942,2.355
3/13/2008,2.909,2.626
3/14/2008,3.112,2.797
3/17/2008,3.363,1.747
3/18/2008,2.91,1.007
3/19/2008,2.282,0.382
3/20/2008,2.333,0.625
3/24/2008,2.29,0.75
3/25/2008,2.342,0.979
3/26/2008,2.149,0.622
3/27/2008,2.017,1.125
3/28/2008,2.595,2.365
3/31/2008,3.126,1.773
4/1/2008,2.764,2.609
4/2/2008,2.589,2.434
4/3/2008,2.523,2.456
4/4/2008,2.31,2.296
4/7/2008,2.336,2.272
4/8/2008,2.227,2.186
4/9/2008,2.131,2.07
4/10/2008,2.315,2.256
4/11/2008,2.303,2.292
4/14/2008,2.273,2.266
4/15/2008,2.326,2.217
4/16/2008,2.229,2.21
4/17/2008,2.215,2.195
4/18/2008,2.251,2.178
4/21/2008,2.187,2.158
4/22/2008,2.109,2.03
4/23/2008,1.971,1.918
4/24/2008,2.11,2.027
4/25/2008,1.986,1.919
4/28/2008,1.982,1.948
4/29/2008,2.126,2.075
4/30/2008,2.013,1.971
5/1/2008,1.931,1.893
5/2/2008,1.908,1.894
5/5/2008,1.943,1.922
5/6/2008,1.928,1.892
5/7/2008,1.921,1.873
5/8/2008,2.042,2.025
5/9/2008,2.06,2.075
5/12/2008,2.059,2.015
5/13/2008,2.032,1.969
5/14/2008,1.987,1.937
5/15/2008,2.104,2.068
5/16/2008,2.031,2.018
5/19/2008,2.027,2
5/20/2008,2.043,1.995
5/21/2008,2.015,1.985
5/22/2008,2.14,2.109
5/23/2008,2.166,2.144
5/27/2008,2.221,2.182
5/28/2008,2.383,2.258
5/29/2008,2.438,2.292
5/30/2008,2.349,2.204
6/2/2008,2.281,2.26
6/3/2008,2.188,2.148
6/4/2008,2.091,2.045
6/5/2008,2.072,2.066
6/6/2008,2.062,2.037
6/9/2008,2.107,2.093
6/10/2008,2.147,2.113
6/11/2008,2.137,2.114
6/12/2008,2.126,2.096
6/13/2008,2.133,2.103
6/16/2008,2.307,2.191
6/17/2008,2.059,2.021
6/18/2008,1.982,1.942
6/19/2008,1.985,1.986
6/20/2008,2.014,2.003
6/23/2008,2.005,1.957
6/24/2008,2.006,1.94
6/25/2008,2.028,1.928
6/26/2008,2.143,2.036
6/27/2008,2.375,2.116
6/30/2008,2.883,1.831
7/1/2008,2.282,2.143
7/2/2008,2.282,2.124
7/3/2008,2.159,2.118
7/7/2008,2.183,2.149
7/8/2008,2.161,2.109
7/9/2008,2.053,2.008
7/10/2008,2.028,1.993
7/11/2008,1.991,1.9
7/14/2008,2.271,1.928
7/15/2008,2.085,1.967
7/16/2008,2.084,2.001
7/17/2008,2.053,1.944
7/18/2008,2.039,1.932
7/21/2008,2.039,1.912
7/22/2008,2.015,1.907
7/23/2008,2.036,1.949
7/24/2008,2.061,2.001
7/25/2008,2.141,2.058
7/28/2008,2.229,2.152
7/29/2008,2.229,2.115
7/30/2008,2.188,2.079
7/31/2008,2.236,2.122
8/1/2008,2.216,2.146
8/4/2008,2.156,2.071
8/5/2008,2.065,1.999
8/6/2008,2.026,1.951
8/7/2008,2.037,1.935
8/8/2008,2.035,1.947
8/11/2008,2.075,1.973
8/12/2008,2.048,1.951
8/13/2008,2.079,2.04
8/14/2008,2.148,2.12
8/15/2008,2.206,2.165
8/18/2008,2.142,2.073
8/19/2008,2.027,1.956
8/20/2008,1.999,1.931
8/21/2008,2.055,2.005
8/22/2008,2.055,2.009
8/25/2008,2.058,2.028
8/26/2008,2.069,2.027
8/27/2008,2.067,2.002
8/28/2008,2.081,2.032
8/29/2008,2.152,2.006
9/2/2008,2.124,2.059
9/3/2008,2.125,2.063
9/4/2008,2.112,2.064
9/5/2008,2.08,2.043
9/8/2008,2.075,2.037
9/9/2008,2.062,2.041
9/10/2008,2.068,2.04
9/11/2008,2.727,2.108
9/12/2008,2.368,2.21
9/15/2008,4.827,2.148
9/16/2008,2.839,1.136
9/17/2008,2.997,0.451
9/18/2008,2.937,1.312
9/19/2008,2.65,1.916
9/22/2008,2.442,1.797
9/23/2008,2.008,0.638
9/24/2008,1.66,0.416
9/25/2008,1.471,0.742
9/26/2008,1.574,1.137
9/29/2008,1.793,0.873
9/30/2008,2.126,0.474
10/1/2008,1.449,0.784
10/2/2008,0.605,0.237
10/3/2008,0.358,0.16
10/6/2008,0.556,0.243
10/7/2008,1.587,0.351
10/8/2008,1.677,0.147
10/9/2008,1.256,0.141
10/10/2008,0.805,0.142
10/14/2008,0.804,0.172
10/15/2008,0.985,0.16
10/16/2008,0.852,0.14
10/17/2008,0.725,0.139
10/20/2008,0.98,0.524
10/21/2008,1.193,1.091
10/22/2008,1.195,1.052
10/23/2008,1.239,1.137
10/24/2008,1.066,0.963
10/27/2008,1.206,1.012
10/28/2008,0.997,0.736
10/29/2008,0.48,0.287
10/30/2008,0.353,0.244
10/31/2008,0.286,0.243
11/3/2008,0.311,0.272
11/4/2008,0.22,0.191
11/5/2008,0.202,0.157
11/6/2008,0.194,0.185
11/7/2008,0.221,0.202
11/10/2008,0.216,0.181
11/12/2008,0.212,0.252
11/13/2008,0.3,0.299
11/14/2008,0.232,0.217
11/17/2008,0.256,0.283
11/18/2008,0.315,0.319
11/19/2008,0.355,0.337
11/20/2008,0.349,0.343
11/21/2008,0.537,0.511
11/24/2008,0.571,0.565
11/25/2008,0.476,0.41
11/26/2008,0.39,0.361
11/28/2008,0.341,0.334
12/1/2008,0.389,0.335
12/2/2008,0.346,0.327
12/3/2008,0.269,0.239
12/4/2008,0.184,0.151
12/5/2008,0.065,0.045
12/8/2008,0.058,0.03
12/9/2008,0.053,0.028
12/10/2008,0.027,0.015
12/11/2008,0.096,0.069
12/12/2008,0.164,0.11
12/15/2008,0.163,0.114
12/16/2008,0.18,0.128
12/17/2008,0.119,0.066
12/18/2008,0.099,0.047
12/19/2008,0.103,0.062
12/22/2008,0.122,0.089
12/23/2008,0.126,0.1
12/24/2008,0.134,0.108
12/26/2008,0.115,0.105
12/29/2008,0.12,0.076
12/30/2008,0.093,0.056
12/31/2008,0.143,0.055
1/2/2009,0.101,0.088
1/5/2009,0.102,0.087
1/6/2009,0.076,0.07
1/7/2009,0.069,0.071
1/8/2009,0.106,0.092
1/9/2009,0.104,0.089
1/12/2009,0.115,0.082
1/13/2009,0.176,0.109
1/14/2009,0.292,0.217
1/15/2009,0.308,0.278
1/16/2009,0.345,0.303
1/20/2009,0.254,0.237
1/21/2009,0.243,0.226
1/22/2009,0.322,0.275
1/23/2009,0.259,0.246
1/26/2009,0.217,0.182
1/27/2009,0.186,0.144
1/28/2009,0.236,0.213
1/29/2009,0.296,0.256
1/30/2009,0.31,0.286
2/2/2009,0.337,0.319
2/3/2009,0.301,0.265
2/4/2009,0.519,0.268
2/5/2009,0.347,0.314
2/6/2009,0.297,0.273
2/9/2009,0.302,0.282
2/10/2009,0.297,0.282
2/11/2009,0.298,0.279
2/12/2009,0.337,0.318
2/13/2009,0.359,0.3
2/17/2009,0.369,0.307
2/18/2009,0.301,0.272
2/19/2009,0.301,0.289
2/20/2009,0.312,0.271
2/23/2009,0.284,0.267
2/24/2009,0.279,0.249
2/25/2009,0.281,0.259
2/26/2009,0.321,0.283
2/27/2009,0.307,0.281
3/2/2009,0.351,0.333
3/3/2009,0.3,0.291
3/4/2009,0.293,0.287
3/5/2009,0.314,0.305
3/6/2009,0.297,0.288
3/9/2009,0.314,0.305
3/10/2009,0.302,0.293
3/11/2009,0.29,0.278
3/12/2009,0.281,0.26
3/13/2009,0.2,0.17
3/16/2009,0.283,0.257
3/17/2009,0.256,0.247
3/18/2009,0.233,0.228
3/19/2009,0.265,0.245
3/20/2009,0.259,0.249
3/23/2009,0.27,0.25
3/24/2009,0.241,0.231
3/25/2009,0.201,0.186
3/26/2009,0.183,0.163
3/27/2009,0.188,0.172
3/30/2009,0.206,0.177
3/31/2009,0.293,0.227
4/1/2009,0.254,0.241
4/2/2009,0.25,0.213
4/3/2009,0.202,0.193
4/6/2009,0.193,0.173
4/7/2009,0.194,0.173
4/8/2009,0.199,0.182
4/9/2009,0.226,0.231
4/13/2009,0.206,0.19
4/14/2009,0.196,0.158
4/15/2009,0.155,0.152
4/16/2009,0.171,0.168
4/17/2009,0.176,0.17
4/20/2009,0.181,0.17
4/21/2009,0.173,0.165
4/22/2009,0.181,0.172
4/23/2009,0.179,0.165
4/24/2009,0.171,0.157
4/27/2009,0.17,0.156
4/28/2009,0.171,0.16
4/29/2009,0.171,0.154
4/30/2009,0.22,0.234
5/1/2009,0.272,0.265
5/4/2009,0.274,0.257
5/5/2009,0.254,0.247
5/6/2009,0.239,0.225
5/7/2009,0.246,0.234
5/8/2009,0.228,0.211
5/11/2009,0.222,0.21
5/12/2009,0.208,0.188
5/13/2009,0.228,0.202
5/14/2009,0.225,0.219
5/15/2009,0.25,0.243
5/18/2009,0.263,0.243
5/19/2009,0.216,0.195
5/20/2009,0.179,0.163
5/21/2009,0.204,0.2
5/22/2009,0.199,0.184
5/26/2009,0.198,0.187
5/27/2009,0.173,0.172
5/28/2009,0.212,0.203
5/29/2009,0.213,0.199
6/1/2009,0.26,0.248
6/2/2009,0.251,0.23
6/3/2009,0.206,0.199
6/4/2009,0.268,0.268
6/5/2009,0.249,0.266
6/8/2009,0.23,0.226
6/9/2009,0.199,0.198
6/10/2009,0.214,0.203
6/11/2009,0.216,0.216
6/12/2009,0.234,0.222
6/15/2009,0.28,0.276
6/16/2009,0.272,0.268
6/17/2009,0.295,0.28
6/18/2009,0.283,0.278
6/19/2009,0.271,0.258
6/22/2009,0.282,0.27
6/23/2009,0.285,0.262
6/24/2009,0.222,0.196
6/25/2009,0.181,0.145
6/26/2009,0.154,0.127
6/29/2009,0.144,0.108
6/30/2009,0.133,0.042
7/1/2009,0.232,0.215
7/2/2009,0.236,0.205
7/6/2009,0.238,0.59
7/7/2009,0.233,0.202
7/8/2009,0.18,0.168
7/9/2009,0.191,0.178
7/10/2009,0.171,0.147
7/13/2009,0.168,0.151
7/14/2009,0.164,0.149
7/15/2009,0.22,0.193
7/16/2009,0.201,0.192
7/17/2009,0.19,0.176
7/20/2009,0.177,0.165
7/21/2009,0.165,0.168
7/22/2009,0.166,0.155
7/23/2009,0.155,0.191
7/24/2009,0.182,0.173
7/27/2009,0.188,0.165
7/28/2009,0.163,0.179
7/29/2009,0.19,0.174
7/30/2009,0.196,0.168
7/31/2009,0.236,0.236
8/3/2009,0.237,0.223
8/4/2009,0.223,0.206
8/5/2009,0.213,0.196
8/6/2009,0.196,0.182
8/7/2009,0.176,0.169
8/10/2009,0.177,0.161
8/11/2009,0.154,0.142
8/12/2009,0.152,0.138
8/13/2009,0.15,0.153
8/14/2009,0.168,0.151
8/17/2009,0.205,0.192
8/18/2009,0.209,0.185
8/19/2009,0.186,0.182
8/20/2009,0.191,0.179
8/21/2009,0.191,0.183
8/24/2009,0.171,0.155
8/25/2009,0.142,0.139
8/26/2009,0.133,0.121
8/27/2009,0.147,0.146
8/28/2009,0.158,0.15
8/31/2009,0.232,0.232
9/1/2009,0.227,0.21
9/2/2009,0.191,0.184
9/3/2009,0.213,0.203
9/4/2009,0.198,0.185
9/8/2009,0.208,0.187
9/9/2009,0.18,0.163
9/10/2009,0.178,0.167
9/11/2009,0.164,0.151
9/14/2009,0.166,0.144
9/15/2009,0.189,0.185
9/16/2009,0.183,0.172
9/17/2009,0.179,0.173
9/18/2009,0.189,0.181
9/21/2009,0.178,0.152
9/22/2009,0.156,0.143
9/23/2009,0.16,0.144
9/24/2009,0.146,0.123
9/25/2009,0.124,0.118
9/28/2009,0.128,0.101
9/29/2009,0.058,0.045
9/30/2009,0.09,0.058
10/1/2009,0.116,0.101
10/2/2009,0.129,0.111
10/5/2009,0.122,0.11
10/6/2009,0.109,0.1
10/7/2009,0.099,0.091
10/8/2009,0.097,0.083
10/9/2009,0.093,0.084
10/13/2009,0.102,0.115
10/14/2009,0.137,0.121
10/15/2009,0.164,0.143
10/16/2009,0.133,0.126
10/19/2009,0.13,0.112
10/20/2009,0.105,0.082
10/21/2009,0.086,0.087
10/22/2009,0.077,0.064
10/23/2009,0.061,0.047
10/26/2009,0.06,0.046
10/27/2009,0.063,0.056
10/28/2009,0.087,0.08
10/29/2009,0.095,0.085
10/30/2009,0.087,0.074
11/2/2009,0.15,0.142
11/3/2009,0.126,0.124
11/4/2009,0.12,0.112
11/5/2009,0.131,0.121
11/6/2009,0.141,0.13
11/9/2009,0.141,0.124
11/10/2009,0.105,0.094
11/12/2009,0.091,0.082
11/13/2009,0.078,0.069
11/16/2009,0.11,0.098
11/17/2009,0.082,0.075
11/18/2009,0.077,0.07
11/19/2009,0.098,0.094
11/20/2009,0.117,0.113
11/23/2009,0.121,0.109
11/24/2009,0.113,0.109
11/25/2009,0.131,0.128
11/27/2009,0.148,0.143
11/30/2009,0.184,0.187
12/1/2009,0.17,0.169
12/2/2009,0.136,0.146
12/3/2009,0.163,0.16
12/4/2009,0.163,0.164
12/7/2009,0.137,0.12
12/8/2009,0.122,0.12
12/9/2009,0.134,0.125
12/10/2009,0.145,0.153
12/11/2009,0.15,0.148
12/14/2009,0.152,0.144
12/15/2009,0.178,0.169
12/16/2009,0.169,0.164
12/17/2009,0.158,0.145
12/18/2009,0.165,0.157
12/21/2009,0.174,0.148
12/22/2009,0.159,0.125
12/23/2009,0.114,0.083
12/24/2009,0.118,0.086
12/28/2009,0.107,0.083
12/29/2009,0.11,0.062
12/30/2009,0.041,0.007
12/31/2009,0.005,-0.193
1/4/2010,0.129,0.116
1/5/2010,0.105,0.096
1/6/2010,0.078,0.074
1/7/2010,0.071,0.06
1/8/2010,0.064,0.054
1/11/2010,0.057,0.047
1/12/2010,0.053,0.049
1/13/2010,0.064,0.066
1/14/2010,0.083,0.084
1/15/2010,0.145,0.146
1/19/2010,0.154,0.147
1/20/2010,0.146,0.144
1/21/2010,0.141,0.131
1/22/2010,0.121,0.111
1/25/2010,0.129,0.121
1/26/2010,0.117,0.111
1/27/2010,0.133,0.127
1/28/2010,0.133,0.122
1/29/2010,0.128,0.115
2/1/2010,0.178,0.172
2/2/2010,0.145,0.138
2/3/2010,0.142,0.142
2/4/2010,0.139,0.133
2/5/2010,0.117,0.112
2/8/2010,0.125,0.121
2/9/2010,0.125,0.118
2/10/2010,0.114,0.11
2/11/2010,0.12,0.115
2/12/2010,0.12,0.105
2/16/2010,0.154,0.142
2/17/2010,0.14,0.13
2/18/2010,0.142,0.132
2/19/2010,0.138,0.129
2/22/2010,0.124,0.119
2/23/2010,0.099,0.092
2/24/2010,0.082,0.086
2/25/2010,0.142,0.14
2/26/2010,0.133,0.122
3/1/2010,0.169,0.169
3/2/2010,0.156,0.158
3/3/2010,0.169,0.168
3/4/2010,0.179,0.181
3/5/2010,0.184,0.185
3/8/2010,0.159,0.159
3/9/2010,0.136,0.129
3/10/2010,0.14,0.129
3/11/2010,0.161,0.151
3/12/2010,0.163,0.154
3/15/2010,0.232,0.218
3/16/2010,0.196,0.19
3/17/2010,0.177,0.174
3/18/2010,0.209,0.198
3/19/2010,0.202,0.187
3/22/2010,0.195,0.177
3/23/2010,0.167,0.159
3/24/2010,0.18,0.17
3/25/2010,0.191,0.182
3/26/2010,0.182,0.166
3/29/2010,0.177,0.16
3/30/2010,0.169,0.15
3/31/2010,0.121,0.01
4/1/2010,0.21,0.205
4/5/2010,0.216,0.214
4/6/2010,0.195,0.19
4/7/2010,0.196,0.191
4/8/2010,0.211,0.204
4/9/2010,0.2,0.193
4/12/2010,0.2,0.192
4/13/2010,0.196,0.191
4/14/2010,0.203,0.201
4/15/2010,0.236,0.242
4/16/2010,0.244,0.23
4/19/2010,0.207,0.207
4/20/2010,0.205,0.2
4/21/2010,0.201,0.191
4/22/2010,0.204,0.196
4/23/2010,0.206,0.197
4/26/2010,0.192,0.184
4/27/2010,0.173,0.167
4/28/2010,0.171,0.163
4/29/2010,0.169,0.162
4/30/2010,0.214,0.209
5/3/2010,0.207,0.204
5/4/2010,0.203,0.203
5/5/2010,0.201,0.194
5/6/2010,0.204,0.199
5/7/2010,0.202,0.194
5/10/2010,0.208,0.203
5/11/2010,0.21,0.211
5/12/2010,0.216,0.211
5/13/2010,0.226,0.221
5/14/2010,0.233,0.225
5/17/2010,0.256,0.261
5/18/2010,0.249,0.241
5/19/2010,0.238,0.232
5/20/2010,0.242,0.234
5/21/2010,0.23,0.225
5/24/2010,0.232,0.229
5/25/2010,0.222,0.215
5/26/2010,0.215,0.21
5/27/2010,0.227,0.223
5/28/2010,0.216,0.213
6/1/2010,0.244,0.243
6/2/2010,0.232,0.227
6/3/2010,0.241,0.239
6/4/2010,0.238,0.227
6/7/2010,0.231,0.216
6/8/2010,0.21,0.203
6/9/2010,0.193,0.188
6/10/2010,0.183,0.183
6/11/2010,0.18,0.178
6/14/2010,0.184,0.18
6/15/2010,0.224,0.214
6/16/2010,0.204,0.197
6/17/2010,0.215,0.208
6/18/2010,0.219,0.208
6/21/2010,0.211,0.198
6/22/2010,0.205,0.197
6/23/2010,0.186,0.18
6/24/2010,0.182,0.174
6/25/2010,0.193,0.18
6/28/2010,0.193,0.182
6/29/2010,0.188,0.178
6/30/2010,0.339,0.19
7/1/2010,0.268,0.25
7/2/2010,0.265,0.245
7/6/2010,0.254,0.236
7/7/2010,0.238,0.223
7/8/2010,0.221,0.211
7/9/2010,0.227,0.216
7/12/2010,0.22,0.206
7/13/2010,0.199,0.188
7/14/2010,0.208,0.206
7/15/2010,0.263,0.258
7/16/2010,0.263,0.253
7/19/2010,0.249,0.24
7/20/2010,0.236,0.227
7/21/2010,0.221,0.212
7/22/2010,0.227,0.22
7/23/2010,0.23,0.223
7/26/2010,0.229,0.218
7/27/2010,0.224,0.211
7/28/2010,0.215,0.203
7/29/2010,0.218,0.221
7/30/2010,0.229,0.217
8/2/2010,0.274,0.266
8/3/2010,0.251,0.241
8/4/2010,0.24,0.236
8/5/2010,0.243,0.243
8/6/2010,0.244,0.23
8/9/2010,0.238,0.214
8/10/2010,0.215,0.203
8/11/2010,0.203,0.192
8/12/2010,0.217,0.214
8/13/2010,0.24,0.239
8/16/2010,0.286,0.28
8/17/2010,0.26,0.246
8/18/2010,0.233,0.218
8/19/2010,0.227,0.216
8/20/2010,0.229,0.218
8/23/2010,0.229,0.215
8/24/2010,0.227,0.211
8/25/2010,0.229,0.221
8/26/2010,0.251,0.238
8/27/2010,0.232,0.221
8/30/2010,0.228,0.211
8/31/2010,0.257,0.251
9/1/2010,0.227,0.219
9/2/2010,0.234,0.226
9/3/2010,0.23,0.221
9/7/2010,0.229,0.213
9/8/2010,0.214,0.2
9/9/2010,0.216,0.208
9/10/2010,0.228,0.216
9/13/2010,0.229,0.219
9/14/2010,0.253,0.257
9/15/2010,0.324,0.311
9/16/2010,0.314,0.297
9/17/2010,0.26,0.26
9/20/2010,0.259,0.248
9/21/2010,0.248,0.237
9/22/2010,0.246,0.231
9/23/2010,0.257,0.247
9/24/2010,0.253,0.24
9/27/2010,0.255,0.247
9/28/2010,0.268,0.245
9/29/2010,0.246,0.223
9/30/2010,0.55,0.293
10/1/2010,0.274,0.254
10/4/2010,0.232,0.224
10/5/2010,0.23,0.221
10/6/2010,0.231,0.224
10/7/2010,0.233,0.225
10/8/2010,0.211,0.203
10/12/2010,0.213,0.212
10/13/2010,0.231,0.221
10/14/2010,0.245,0.234
10/15/2010,0.289,0.278
10/18/2010,0.261,0.251
10/19/2010,0.247,0.23
10/20/2010,0.226,0.214
10/21/2010,0.248,0.234
10/22/2010,0.249,0.23
10/25/2010,0.232,0.218
10/26/2010,0.228,0.213
10/27/2010,0.211,0.198
10/28/2010,0.221,0.214
10/29/2010,0.23,0.22
11/1/2010,0.281,0.268
11/2/2010,0.257,0.241
11/3/2010,0.23,0.218
11/4/2010,0.23,0.221
11/5/2010,0.226,0.209
11/8/2010,0.208,0.194
11/9/2010,0.188,0.186
11/10/2010,0.199,0.198
11/12/2010,0.234,0.235
11/15/2010,0.305,0.289
11/16/2010,0.264,0.257
11/17/2010,0.252,0.243
11/18/2010,0.266,0.261
11/19/2010,0.256,0.241
11/22/2010,0.238,0.224
11/23/2010,0.237,0.224
11/24/2010,0.241,0.238
11/26/2010,0.266,0.258
11/29/2010,0.251,0.234
11/30/2010,0.275,0.268
12/1/2010,0.245,0.236
12/2/2010,0.233,0.22
12/3/2010,0.2,0.182
12/6/2010,0.173,0.169
12/7/2010,0.161,0.154
12/8/2010,0.17,0.161
12/9/2010,0.172,0.169
12/10/2010,0.175,0.166
12/13/2010,0.193,0.191
12/14/2010,0.241,0.235
12/15/2010,0.301,0.264
12/16/2010,0.245,0.246
12/17/2010,0.259,0.242
12/20/2010,0.228,0.224
12/21/2010,0.234,0.207
12/22/2010,0.2,0.175
12/23/2010,0.199,0.176
12/27/2010,0.295,0.223
12/28/2010,0.187,0.171
12/29/2010,0.181,0.16
12/30/2010,0.192,0.173
12/31/2010,0.412,0.234
1/3/2011,0.227,0.223
1/4/2011,0.561,0.189
1/5/2011,0.167,0.164
1/6/2011,0.18,0.175
1/7/2011,0.181,0.168
1/10/2011,0.18,0.165
1/11/2011,0.165,0.153
1/12/2011,0.16,0.152
1/13/2011,0.18,0.164
1/14/2011,0.207,0.201
1/18/2011,0.258,0.241
1/19/2011,0.233,0.219
1/20/2011,0.237,0.211
1/21/2011,0.205,0.178
1/24/2011,0.196,0.165
1/25/2011,0.211,0.164
1/26/2011,0.206,0.162
1/27/2011,0.222,0.177
1/28/2011,0.206,0.17
1/31/2011,0.251,0.253
2/1/2011,0.24,0.227
2/2/2011,0.221,0.206
2/3/2011,0.189,0.17
2/4/2011,0.177,0.158
2/7/2011,0.175,0.153
2/8/2011,0.161,0.144
2/9/2011,0.147,0.14
2/10/2011,0.157,0.14
2/11/2011,0.155,0.141
2/14/2011,0.193,0.141
2/15/2011,0.233,0.176
2/16/2011,0.193,0.139
2/17/2011,0.189,0.142
2/18/2011,0.194,0.146
2/22/2011,0.173,0.137
2/23/2011,0.169,0.131
2/24/2011,0.166,0.135
2/25/2011,0.191,0.169
2/28/2011,0.23,0.189
3/1/2011,0.175,0.159
3/2/2011,0.157,0.141
3/3/2011,0.17,0.153
3/4/2011,0.159,0.14
3/7/2011,0.158,0.138
3/8/2011,0.156,0.136
3/9/2011,0.149,0.124
3/10/2011,0.148,0.123
3/11/2011,0.157,0.136
3/14/2011,0.175,0.139
3/15/2011,0.195,0.159
3/16/2011,0.179,0.15
3/17/2011,0.201,0.175
3/18/2011,0.208,0.165
3/21/2011,0.188,0.153
3/22/2011,0.187,0.156
3/23/2011,0.16,0.125
3/24/2011,0.157,0.117
3/25/2011,0.163,0.112
3/28/2011,0.167,0.116
3/29/2011,0.154,0.099
3/30/2011,0.157,0.112
3/31/2011,0.254,0.147
4/1/2011,0.14,0.101
4/4/2011,0.052,0.028
4/5/2011,0.057,0.045
4/6/2011,0.096,0.079
4/7/2011,0.109,0.083
4/8/2011,0.082,0.056
4/11/2011,0.072,0.041
4/12/2011,0.048,0.019
4/13/2011,0.076,0.059
4/14/2011,0.145,0.111
4/15/2011,0.196,0.153
4/18/2011,0.125,0.091
4/19/2011,0.123,0.081
4/20/2011,0.115,0.079
4/21/2011,0.121,0.09
4/25/2011,0.127,0.068
4/26/2011,0.1,0.05
4/27/2011,0.061,0.027
4/28/2011,0.051,0.02
4/29/2011,0.061,0.034
5/2/2011,0.091,0.059
5/3/2011,0.058,0.03
5/4/2011,0.049,0.025
5/5/2011,0.044,0.023
5/6/2011,0.06,0.043
5/9/2011,0.065,0.041
5/10/2011,0.069,0.033
5/11/2011,0.057,0.024
5/12/2011,0.101,0.064
5/13/2011,0.122,0.076
5/16/2011,0.146,0.113
5/17/2011,0.129,0.105
5/18/2011,0.14,0.099
5/19/2011,0.133,0.087
5/20/2011,0.122,0.082
5/23/2011,0.132,0.082
5/24/2011,0.123,0.074
5/25/2011,0.111,0.075
5/26/2011,0.116,0.081
5/27/2011,0.114,0.071
5/31/2011,0.166,0.137
6/1/2011,0.156,0.118
6/2/2011,0.137,0.111
6/3/2011,0.13,0.1
6/6/2011,0.12,0.08
6/7/2011,0.094,0.067
6/8/2011,0.08,0.05
6/9/2011,0.087,0.054
6/10/2011,0.089,0.059
6/13/2011,0.111,0.072
6/14/2011,0.114,0.073
6/15/2011,0.182,0.117
6/16/2011,0.163,0.111
6/17/2011,0.156,0.088
6/20/2011,0.096,0.069
6/21/2011,0.119,0.061
6/22/2011,0.072,0.023
6/23/2011,0.05,0.009
6/24/2011,0.065,0.012
6/27/2011,0.071,0.015
6/28/2011,0.143,0.007
6/29/2011,0.11,-0.005
6/30/2011,0.172,0.003
7/1/2011,0.11,0.033
7/5/2011,0.088,-0.003
7/6/2011,0.049,0.009
7/7/2011,0.049,0.019
7/8/2011,0.038,0.009
7/11/2011,0.041,0.01
7/12/2011,0.026,0.008
7/13/2011,0.029,0.003
7/14/2011,0.044,-0.002
7/15/2011,0.058,0.025
7/18/2011,0.048,0.014
7/19/2011,0.047,0.007
7/20/2011,0.051,0.02
7/21/2011,0.075,0.027
7/22/2011,0.062,0.018
7/25/2011,0.066,0.022
7/26/2011,0.102,0.049
7/27/2011,0.164,0.09
7/28/2011,0.18,0.132
7/29/2011,0.317,0.208
8/1/2011,0.394,0.277
8/2/2011,0.306,0.228
8/3/2011,0.141,0.096
8/4/2011,0.092,0.065
8/5/2011,0.05,0.043
8/8/2011,0.128,0.066
8/9/2011,0.074,0.033
8/10/2011,0.061,0.038
8/11/2011,0.12,0.071
8/12/2011,0.169,0.113
8/15/2011,0.183,0.103
8/16/2011,0.086,0.048
8/17/2011,0.082,0.04
8/18/2011,0.081,0.059
8/19/2011,0.103,0.055
8/22/2011,0.065,0.039
8/23/2011,0.038,0.018
8/24/2011,0.035,0.02
8/25/2011,0.063,0.046
8/26/2011,0.085,0.048
8/29/2011,0.084,0.057
8/30/2011,0.056,0.039
8/31/2011,0.13,0.097
9/1/2011,0.127,0.106
9/2/2011,0.121,0.095
9/6/2011,0.148,0.114
9/7/2011,0.111,0.083
9/8/2011,0.1,0.078
9/9/2011,0.087,0.062
9/12/2011,0.095,0.065
9/13/2011,0.143,0.081
9/14/2011,0.141,0.082
9/15/2011,0.206,0.138
9/16/2011,0.185,0.11
9/19/2011,0.144,0.107
9/20/2011,0.165,0.129
9/21/2011,0.134,0.104
9/22/2011,0.114,0.096
9/23/2011,0.155,0.117
9/26/2011,0.191,0.139
9/27/2011,0.131,0.096
9/28/2011,0.09,0.063
9/29/2011,0.065,0.034
9/30/2011,0.226,0.12
10/3/2011,0.163,0.114
10/4/2011,0.115,0.081
10/5/2011,0.103,0.079
10/6/2011,0.105,0.087
10/7/2011,0.103,0.083
10/11/2011,0.095,0.077
10/12/2011,0.084,0.066
10/13/2011,0.146,0.103
10/14/2011,0.169,0.129
10/17/2011,0.229,0.171
10/18/2011,0.169,0.121
10/19/2011,0.094,0.068
10/20/2011,0.084,0.063
10/21/2011,0.07,0.063
10/24/2011,0.108,0.071
10/25/2011,0.122,0.094
10/26/2011,0.095,0.063
10/27/2011,0.095,0.066
10/28/2011,0.086,0.062
10/31/2011,0.175,0.138
11/1/2011,0.16,0.134
11/2/2011,0.183,0.14
11/3/2011,0.148,0.102
11/4/2011,0.091,0.063
11/7/2011,0.091,0.071
11/8/2011,0.089,0.078
11/9/2011,0.094,0.086
11/10/2011,0.119,0.099
11/14/2011,0.153,0.135
11/15/2011,0.211,0.169
11/16/2011,0.149,0.112
11/17/2011,0.124,0.101
11/18/2011,0.141,0.114
11/21/2011,0.151,0.113
11/22/2011,0.186,0.133
11/23/2011,0.19,0.13
11/25/2011,0.245,0.156
11/28/2011,0.209,0.125
11/29/2011,0.143,0.084
11/30/2011,0.181,0.13
12/1/2011,0.154,0.103
12/2/2011,0.148,0.093
12/5/2011,0.141,0.092
12/6/2011,0.14,0.085
12/7/2011,0.108,0.065
12/8/2011,0.095,0.076
12/9/2011,0.105,0.086
12/12/2011,0.138,0.093
12/13/2011,0.131,0.083
12/14/2011,0.117,0.066
12/15/2011,0.158,0.143
12/16/2011,0.155,0.128
12/19/2011,0.12,0.096
12/20/2011,0.103,0.096
12/21/2011,0.074,0.038
12/22/2011,0.06,0.036
12/23/2011,0.115,0.082
12/27/2011,0.117,0.076
12/28/2011,0.071,0.052
12/29/2011,0.095,0.098
12/30/2011,0.103,-0.001
1/3/2012,0.159,0.127
1/4/2012,0.087,0.065
1/5/2012,0.082,0.068
1/6/2012,0.099,0.083
1/9/2012,0.091,0.081
1/10/2012,0.08,0.071
1/11/2012,0.082,0.082
1/12/2012,0.176,0.13
1/13/2012,0.211,0.173
1/17/2012,0.282,0.218
1/18/2012,0.229,0.186
1/19/2012,0.224,0.19
1/20/2012,0.225,0.188
1/23/2012,0.177,0.147
1/24/2012,0.152,0.127
1/25/2012,0.156,0.117
1/26/2012,0.148,0.117
1/27/2012,0.149,0.116
1/30/2012,0.154,0.131
1/31/2012,0.292,0.241
2/1/2012,0.229,0.2
2/2/2012,0.209,0.183
2/3/2012,0.197,0.162
2/6/2012,0.153,0.132
2/7/2012,0.141,0.116
2/8/2012,0.136,0.108
2/9/2012,0.172,0.164
2/10/2012,0.213,0.182
2/13/2012,0.222,0.169
2/14/2012,0.167,0.139
2/15/2012,0.214,0.162
2/16/2012,0.16,0.131
2/17/2012,0.136,0.102
2/21/2012,0.106,0.084
2/22/2012,0.095,0.084
2/23/2012,0.145,0.131
2/24/2012,0.181,0.158
2/27/2012,0.206,0.171
2/28/2012,0.166,0.131
2/29/2012,0.244,0.191
3/1/2012,0.232,0.2
3/2/2012,0.217,0.191
3/5/2012,0.205,0.186
3/6/2012,0.204,0.18
3/7/2012,0.186,0.163
3/8/2012,0.209,0.204
3/9/2012,0.224,0.2
3/12/2012,0.225,0.2
3/13/2012,0.209,0.187
3/14/2012,0.206,0.186
3/15/2012,0.279,0.258
3/16/2012,0.258,0.228
3/19/2012,0.222,0.205
3/20/2012,0.22,0.188
3/21/2012,0.193,0.155
3/22/2012,0.171,0.152
3/23/2012,0.235,0.192
3/26/2012,0.26,0.214
3/27/2012,0.224,0.177
3/28/2012,0.21,0.16
3/29/2012,0.244,0.157
3/30/2012,0.289,0.128
4/2/2012,0.272,0.224
4/3/2012,0.242,0.209
4/4/2012,0.272,0.227
4/5/2012,0.287,0.259
4/9/2012,0.274,0.231
4/10/2012,0.243,0.207
4/11/2012,0.221,0.193
4/12/2012,0.264,0.212
4/13/2012,0.226,0.191
4/16/2012,0.266,0.226
4/17/2012,0.222,0.188
4/18/2012,0.186,0.167
4/19/2012,0.144,0.127
4/20/2012,0.131,0.117
4/23/2012,0.136,0.118
4/24/2012,0.172,0.179
4/25/2012,0.231,0.188
4/26/2012,0.18,0.157
4/27/2012,0.176,0.149
4/30/2012,0.259,0.238
5/1/2012,0.238,0.21
5/2/2012,0.197,0.182
5/3/2012,0.204,0.196
5/4/2012,0.218,0.2
5/7/2012,0.207,0.197
5/8/2012,0.208,0.19
5/9/2012,0.196,0.183
5/10/2012,0.207,0.198
5/11/2012,0.211,0.2
5/14/2012,0.259,0.242
5/15/2012,0.266,0.253
5/16/2012,0.227,0.223
5/17/2012,0.242,0.233
5/18/2012,0.227,0.209
5/21/2012,0.228,0.202
5/22/2012,0.211,0.184
5/23/2012,0.167,0.149
5/24/2012,0.228,0.193
5/25/2012,0.235,0.206
5/29/2012,0.209,0.179
5/30/2012,0.196,0.174
5/31/2012,0.266,0.274
6/1/2012,0.264,0.244
6/4/2012,0.255,0.235
6/5/2012,0.24,0.217
6/6/2012,0.206,0.185
6/7/2012,0.202,0.191
6/8/2012,0.224,0.214
6/11/2012,0.229,0.218
6/12/2012,0.262,0.239
6/13/2012,0.281,0.261
6/14/2012,0.279,0.26
6/15/2012,0.306,0.275
6/18/2012,0.242,0.223
6/19/2012,0.2,0.173
6/20/2012,0.182,0.168
6/21/2012,0.213,0.203
6/22/2012,0.303,0.256
6/25/2012,0.27,0.226
6/26/2012,0.201,0.177
6/27/2012,0.226,0.187
6/28/2012,0.234,0.22
6/29/2012,0.385,0.278
7/2/2012,0.343,0.297
7/3/2012,0.285,0.261
7/5/2012,0.276,0.25
7/6/2012,0.268,0.224
7/9/2012,0.214,0.185
7/10/2012,0.21,0.194
7/11/2012,0.219,0.199
7/12/2012,0.251,0.226
7/13/2012,0.235,0.207
7/16/2012,0.258,0.237
7/17/2012,0.226,0.204
7/18/2012,0.163,0.143
7/19/2012,0.134,0.12
7/20/2012,0.161,0.146
7/23/2012,0.16,0.14
7/24/2012,0.227,0.208
7/25/2012,0.235,0.205
7/26/2012,0.202,0.182
7/27/2012,0.197,0.172
7/30/2012,0.182,0.157
7/31/2012,0.236,0.238
8/1/2012,0.224,0.211
8/2/2012,0.231,0.225
8/3/2012,0.22,0.208
8/6/2012,0.205,0.19
8/7/2012,0.194,0.187
8/8/2012,0.222,0.209
8/9/2012,0.232,0.224
8/10/2012,0.212,0.192
8/13/2012,0.21,0.171
8/14/2012,0.186,0.17
8/15/2012,0.244,0.218
8/16/2012,0.21,0.199
8/17/2012,0.195,0.175
8/20/2012,0.187,0.169
8/21/2012,0.18,0.162
8/22/2012,0.184,0.165
8/23/2012,0.223,0.204
8/24/2012,0.237,0.213
8/27/2012,0.222,0.192
8/28/2012,0.192,0.162
8/29/2012,0.178,0.151
8/30/2012,0.225,0.19
8/31/2012,0.261,0.263
9/4/2012,0.261,0.25
9/5/2012,0.255,0.246
9/6/2012,0.282,0.27
9/7/2012,0.271,0.257
9/10/2012,0.257,0.254
9/11/2012,0.275,0.263
9/12/2012,0.278,0.261
9/13/2012,0.304,0.289
9/14/2012,0.316,0.304
9/17/2012,0.274,0.263
9/18/2012,0.267,0.25
9/19/2012,0.263,0.249
9/20/2012,0.263,0.25
9/21/2012,0.27,0.249
9/24/2012,0.297,0.26
9/25/2012,0.348,0.264
9/26/2012,0.304,0.247
9/27/2012,0.296,0.236
9/28/2012,0.483,0.338
10/1/2012,0.376,0.306
10/2/2012,0.336,0.3
10/3/2012,0.316,0.28
10/4/2012,0.295,0.281
10/5/2012,0.29,0.277
10/9/2012,0.282,0.264
10/10/2012,0.284,0.262
10/11/2012,0.308,0.278
10/12/2012,0.318,0.276
10/15/2012,0.348,0.297
10/16/2012,0.33,0.273
10/17/2012,0.291,0.262
10/18/2012,0.294,0.263
10/19/2012,0.271,0.239
10/22/2012,0.228,0.208
10/23/2012,0.206,0.192
10/24/2012,0.278,0.237
10/25/2012,0.325,0.261
10/26/2012,0.267,0.221
10/29/2012,0.647,0.526
10/31/2012,0.6,0.4
11/1/2012,0.423,0.301
11/2/2012,0.329,0.25
11/5/2012,0.275,0.226
11/6/2012,0.255,0.209
11/7/2012,0.229,0.195
11/8/2012,0.28,0.247
11/9/2012,0.284,0.249
11/13/2012,0.275,0.246
11/14/2012,0.294,0.252
11/15/2012,0.289,0.26
11/16/2012,0.238,0.224
11/19/2012,0.205,0.194
11/20/2012,0.223,0.208
11/21/2012,0.258,0.229
11/23/2012,0.309,0.288
11/26/2012,0.293,0.247
11/27/2012,0.23,0.209
11/28/2012,0.225,0.191
11/29/2012,0.236,0.212
11/30/2012,0.316,0.275
12/3/2012,0.287,0.257
12/4/2012,0.285,0.264
12/5/2012,0.287,0.266
12/6/2012,0.312,0.281
12/7/2012,0.3,0.26
12/10/2012,0.25,0.229
12/11/2012,0.28,0.251
12/12/2012,0.251,0.224
12/13/2012,0.24,0.23
12/14/2012,0.269,0.255
12/17/2012,0.281,0.262
12/18/2012,0.262,0.238
12/19/2012,0.235,0.23
12/20/2012,0.242,0.233
12/21/2012,0.238,0.223
12/24/2012,0.285,0.256
12/26/2012,0.286,0.222
12/27/2012,0.25,0.216
12/28/2012,0.274,0.221
12/31/2012,0.64,0.29
1/2/2013,0.306,0.231
1/3/2013,0.234,0.184
1/4/2013,0.222,0.172
1/7/2013,0.192,0.153
1/8/2013,0.173,0.141
1/9/2013,0.146,0.123
1/10/2013,0.145,0.131
1/11/2013,0.183,0.148
1/14/2013,0.219,0.178
1/15/2013,0.274,0.193
1/16/2013,0.184,0.148
1/17/2013,0.155,0.118
1/18/2013,0.126,0.099
1/22/2013,0.101,0.08
1/23/2013,0.103,0.085
1/24/2013,0.223,0.172
1/25/2013,0.205,0.154
1/28/2013,0.107,0.082
1/29/2013,0.094,0.051
1/30/2013,0.132,0.092
1/31/2013,0.235,0.195
2/1/2013,0.196,0.148
2/4/2013,0.159,0.117
2/5/2013,0.136,0.081
2/6/2013,0.139,0.077
2/7/2013,0.167,0.115
2/8/2013,0.197,0.134
2/11/2013,0.133,0.094
2/12/2013,0.141,0.097
2/13/2013,0.184,0.141
2/14/2013,0.219,0.171
2/15/2013,0.247,0.2
2/19/2013,0.184,0.158
2/20/2013,0.231,0.188
2/21/2013,0.238,0.194
2/22/2013,0.255,0.193
2/25/2013,0.181,0.144
2/26/2013,0.116,0.107
2/27/2013,0.136,0.121
2/28/2013,0.261,0.239
3/1/2013,0.249,0.219
3/4/2013,0.228,0.198
3/5/2013,0.189,0.168
3/6/2013,0.222,0.189
3/7/2013,0.21,0.198
3/8/2013,0.223,0.199
3/11/2013,0.206,0.174
3/12/2013,0.171,0.143
3/13/2013,0.126,0.111
3/14/2013,0.183,0.169
3/15/2013,0.241,0.211
3/18/2013,0.179,0.162
3/19/2013,0.169,0.161
3/20/2013,0.193,0.16
3/21/2013,0.17,0.143
3/22/2013,0.191,0.165
3/25/2013,0.197,0.155
3/26/2013,0.152,0.12
3/27/2013,0.158,0.143
3/28/2013,0.484,0.268
4/1/2013,0.265,0.244
4/2/2013,0.205,0.179
4/3/2013,0.155,0.138
4/4/2013,0.207,0.193
4/5/2013,0.208,0.191
4/8/2013,0.194,0.18
4/9/2013,0.221,0.192
4/10/2013,0.228,0.202
4/11/2013,0.239,0.216
4/12/2013,0.226,0.201
4/15/2013,0.22,0.194
4/16/2013,0.22,0.196
4/17/2013,0.208,0.18
4/18/2013,0.184,0.165
4/19/2013,0.179,0.152
4/22/2013,0.16,0.113
4/23/2013,0.108,0.072
4/24/2013,0.157,0.115
4/25/2013,0.155,0.114
4/26/2013,0.14,0.098
4/29/2013,0.137,0.102
4/30/2013,0.237,0.213
5/1/2013,0.216,0.194
5/2/2013,0.218,0.188
5/3/2013,0.187,0.153
5/6/2013,0.163,0.131
5/7/2013,0.133,0.107
5/8/2013,0.127,0.101
5/9/2013,0.129,0.102
5/10/2013,0.14,0.104
5/13/2013,0.117,0.085
5/14/2013,0.11,0.077
5/15/2013,0.151,0.112
5/16/2013,0.106,0.075
5/17/2013,0.086,0.062
5/20/2013,0.072,0.05
5/21/2013,0.051,0.022
5/22/2013,0.038,0.018
5/23/2013,0.07,0.041
5/24/2013,0.114,0.06
5/28/2013,0.086,0.036
5/29/2013,0.044,0.016
5/30/2013,0.044,0.022
5/31/2013,0.168,0.123
6/3/2013,0.17,0.111
6/4/2013,0.156,0.119
6/5/2013,0.105,0.072
6/6/2013,0.109,0.086
6/7/2013,0.081,0.068
6/10/2013,0.076,0.057
6/11/2013,0.066,0.053
6/12/2013,0.07,0.055
6/13/2013,0.067,0.055
6/14/2013,0.094,0.079
6/17/2013,0.133,0.118
6/18/2013,0.121,0.106
6/19/2013,0.087,0.068
6/20/2013,0.067,0.053
6/21/2013,0.068,0.055
6/24/2013,0.092,0.071
6/25/2013,0.055,0.035
6/26/2013,0.046,0.027
6/27/2013,0.084,0.07
6/28/2013,0.127,0.142
7/1/2013,0.151,0.113
7/2/2013,0.102,0.089
7/3/2013,0.116,0.096
7/5/2013,0.111,0.106
7/8/2013,0.077,0.057
7/9/2013,0.051,0.039
7/10/2013,0.047,0.036
7/11/2013,0.045,0.036
7/12/2013,0.06,0.052
7/15/2013,0.098,0.073
7/16/2013,0.035,0.024
7/17/2013,0.038,0.025
7/18/2013,0.042,0.032
7/19/2013,0.041,0.033
7/22/2013,0.041,0.028
7/23/2013,0.029,0.02
7/24/2013,0.06,0.047
7/25/2013,0.065,0.046
7/26/2013,0.042,0.035
7/29/2013,0.05,0.04
7/30/2013,0.053,0.043
7/31/2013,0.117,0.096
8/1/2013,0.083,0.075
8/2/2013,0.101,0.09
8/5/2013,0.107,0.098
8/6/2013,0.097,0.082
8/7/2013,0.067,0.059
8/8/2013,0.063,0.063
8/9/2013,0.069,0.061
8/12/2013,0.073,0.063
8/13/2013,0.066,0.058
8/14/2013,0.055,0.046
8/15/2013,0.098,0.084
8/16/2013,0.06,0.052
8/19/2013,0.045,0.042
8/20/2013,0.035,0.029
8/21/2013,0.025,0.017
8/22/2013,0.031,0.022
8/23/2013,0.053,0.042
8/26/2013,0.044,0.035
8/27/2013,0.031,0.023
8/28/2013,0.04,0.03
8/29/2013,0.066,0.059
8/30/2013,0.087,0.07
9/3/2013,0.104,0.101
9/4/2013,0.093,0.08
9/5/2013,0.082,0.075
9/6/2013,0.079,0.074
9/9/2013,0.065,0.059
9/10/2013,0.056,0.051
9/11/2013,0.066,0.062
9/12/2013,0.081,0.07
9/13/2013,0.084,0.073
9/16/2013,0.088,0.085
9/17/2013,0.077,0.071
9/18/2013,0.057,0.054
9/19/2013,0.056,0.052
9/20/2013,0.059,0.051
9/23/2013,0.059,0.05
9/24/2013,0.062,0.049
9/25/2013,0.071,0.061
9/26/2013,0.058,0.053
9/27/2013,0.057,0.043
9/30/2013,0.183,0.101
10/1/2013,0.082,0.072
10/2/2013,0.075,0.071
10/3/2013,0.084,0.078
10/4/2013,0.099,0.089
10/7/2013,0.088,0.077
10/8/2013,0.094,0.088
10/9/2013,0.156,0.14
10/10/2013,0.248,0.23
10/11/2013,0.182,0.176
10/15/2013,0.218,0.219
10/16/2013,0.286,0.255
10/17/2013,0.193,0.187
10/18/2013,0.134,0.135
10/21/2013,0.072,0.064
10/22/2013,0.055,0.042
10/23/2013,0.042,0.045
10/24/2013,0.095,0.086
10/25/2013,0.113,0.108
10/28/2013,0.105,0.101
10/29/2013,0.105,0.098
10/30/2013,0.087,0.08
10/31/2013,0.141,0.13
11/1/2013,0.102,0.092
11/4/2013,0.084,0.077
11/5/2013,0.075,0.069
11/6/2013,0.075,0.065
11/7/2013,0.103,0.111
11/8/2013,0.102,0.097
11/12/2013,0.094,0.09
11/13/2013,0.084,0.083
11/14/2013,0.115,0.127
11/15/2013,0.139,0.138
11/18/2013,0.1,0.098
11/19/2013,0.092,0.09
11/20/2013,0.079,0.08
11/21/2013,0.1,0.097
11/22/2013,0.106,0.104
11/25/2013,0.109,0.101
11/26/2013,0.105,0.094
11/27/2013,0.106,0.099
11/29/2013,0.124,0.11
12/2/2013,0.132,0.132
12/3/2013,0.105,0.102
12/4/2013,0.089,0.083
12/5/2013,0.091,0.09
12/6/2013,0.085,0.085
12/9/2013,0.078,0.076
12/10/2013,0.072,0.066
12/11/2013,0.051,0.047
12/12/2013,0.05,0.05
12/13/2013,0.058,0.06
12/16/2013,0.108,0.103
12/17/2013,0.09,0.092
12/18/2013,0.088,0.087
12/19/2013,0.08,0.079
12/20/2013,0.076,0.062
12/23/2013,0.049,0.046
12/24/2013,0.051,0.045
12/26/2013,0.047,0.045
12/27/2013,0.037,0.032
12/30/2013,0.026,0.017
12/31/2013,0.044,0.01
1/2/2014,0.047,0.051
1/3/2014,0.078,0.063
1/6/2014,0.041,0.037
1/7/2014,0.04,0.041
1/8/2014,0.046,0.039
1/9/2014,0.038,0.036
1/10/2014,0.033,0.036
1/13/2014,0.038,0.035
1/14/2014,0.036,0.037
1/15/2014,0.044,0.038
1/16/2014,0.036,0.032
1/17/2014,0.03,0.029
1/21/2014,0.028,0.028
1/22/2014,0.025,0.026
1/23/2014,0.024,0.023
1/24/2014,0.033,0.029
1/27/2014,0.03,0.025
1/28/2014,0.019,0.021
1/29/2014,0.022,0.022
1/30/2014,0.037,0.034
1/31/2014,0.054,0.053
2/3/2014,0.04,0.039
2/4/2014,0.038,0.037
2/5/2014,0.039,0.034
2/6/2014,0.037,0.036
2/7/2014,0.037,0.035
2/10/2014,0.035,0.034
2/11/2014,0.056,0.051
2/12/2014,0.04,0.039
2/13/2014,0.043,0.038
2/14/2014,0.04,0.037
2/18/2014,0.052,0.055
2/19/2014,0.052,0.049
2/20/2014,0.052,0.047
2/21/2014,0.045,0.039
2/24/2014,0.043,0.04
2/25/2014,0.049,0.041
2/26/2014,0.059,0.048
2/27/2014,0.062,0.054
2/28/2014,0.101,0.096
3/3/2014,0.091,0.089
3/4/2014,0.094,0.086
3/5/2014,0.102,0.09
3/6/2014,0.107,0.102
3/7/2014,0.107,0.093
3/10/2014,0.1,0.084
3/11/2014,0.079,0.075
3/12/2014,0.077,0.067
3/13/2014,0.087,0.078
3/14/2014,0.088,0.072
3/17/2014,0.108,0.108
3/18/2014,0.096,0.082
3/19/2014,0.073,0.069
3/20/2014,0.084,0.071
3/21/2014,0.078,0.066
3/24/2014,0.102,0.073
3/25/2014,0.108,0.068
3/26/2014,0.089,0.058
3/27/2014,0.085,0.064
3/28/2014,0.095,0.061
3/31/2014,0.251,0.099
4/1/2014,0.102,0.067
4/2/2014,0.085,0.069
4/3/2014,0.081,0.072
4/4/2014,0.083,0.07
4/7/2014,0.086,0.07
4/8/2014,0.079,0.066
4/9/2014,0.076,0.067
4/10/2014,0.075,0.067
4/11/2014,0.079,0.067
4/14/2014,0.08,0.068
4/15/2014,0.099,0.084
4/16/2014,0.091,0.075
4/17/2014,0.085,0.066
4/21/2014,0.075,0.058
4/22/2014,0.06,0.054
4/23/2014,0.062,0.061
4/24/2014,0.071,0.059
4/25/2014,0.076,0.056
4/28/2014,0.06,0.051
4/29/2014,0.065,0.05
4/30/2014,0.083,0.062
5/1/2014,0.068,0.057
5/2/2014,0.065,0.06
5/5/2014,0.061,0.058
5/6/2014,0.061,0.056
5/7/2014,0.06,0.055
5/8/2014,0.061,0.062
5/9/2014,0.069,0.057
5/12/2014,0.064,0.055
5/13/2014,0.06,0.054
5/14/2014,0.062,0.054
5/15/2014,0.072,0.062
5/16/2014,0.065,0.06
5/19/2014,0.061,0.058
5/20/2014,0.06,0.056
5/21/2014,0.06,0.056
5/22/2014,0.061,0.059
5/23/2014,0.082,0.071
5/27/2014,0.086,0.074
5/28/2014,0.083,0.08
5/29/2014,0.112,0.105
5/30/2014,0.14,0.111
6/2/2014,0.122,0.117
6/3/2014,0.127,0.107
6/4/2014,0.119,0.096
6/5/2014,0.129,0.118
6/6/2014,0.121,0.104
6/9/2014,0.118,0.115
6/10/2014,0.122,0.113
6/11/2014,0.129,0.131
6/12/2014,0.143,0.124
6/13/2014,0.135,0.121
6/16/2014,0.164,0.134
6/17/2014,0.128,0.115
6/18/2014,0.116,0.103
6/19/2014,0.101,0.094
6/20/2014,0.102,0.087
6/23/2014,0.098,0.083
6/24/2014,0.133,0.115
6/25/2014,0.142,0.124
6/26/2014,0.149,0.149
6/27/2014,0.197,0.163
6/30/2014,0.259,0.155
7/1/2014,0.144,0.123
7/2/2014,0.103,0.089
7/3/2014,0.113,0.097
7/7/2014,0.108,0.086
7/8/2014,0.1,0.078
7/9/2014,0.097,0.078
7/10/2014,0.112,0.088
7/11/2014,0.115,0.09
7/14/2014,0.108,0.09
7/15/2014,0.133,0.121
7/16/2014,0.117,0.103
7/17/2014,0.117,0.107
7/18/2014,0.109,0.089
7/21/2014,0.094,0.083
7/22/2014,0.086,0.073
7/23/2014,0.082,0.074
7/24/2014,0.117,0.114
7/25/2014,0.126,0.109
7/28/2014,0.111,0.094
7/29/2014,0.102,0.089
7/30/2014,0.108,0.088
7/31/2014,0.164,0.144
8/1/2014,0.13,0.114
8/4/2014,0.104,0.093
8/5/2014,0.091,0.081
8/6/2014,0.089,0.077
8/7/2014,0.097,0.087
8/8/2014,0.088,0.077
8/11/2014,0.088,0.083
8/12/2014,0.084,0.076
8/13/2014,0.08,0.07
8/14/2014,0.098,0.091
8/15/2014,0.13,0.119
8/18/2014,0.116,0.102
8/19/2014,0.086,0.08
8/20/2014,0.078,0.07
8/21/2014,0.076,0.072
8/22/2014,0.103,0.091
8/25/2014,0.096,0.084
8/26/2014,0.081,0.062
8/27/2014,0.069,0.056
8/28/2014,0.068,0.06
8/29/2014,0.093,0.084
9/2/2014,0.104,0.099
9/3/2014,0.101,0.096
9/4/2014,0.119,0.11
9/5/2014,0.118,0.093
9/8/2014,0.094,0.084
9/9/2014,0.082,0.067
9/10/2014,0.077,0.065
9/11/2014,0.077,0.066
9/12/2014,0.081,0.096
9/15/2014,0.124,0.104
9/16/2014,0.087,0.074
9/17/2014,0.08,0.066
9/18/2014,0.066,0.063
9/19/2014,0.069,0.059
9/22/2014,0.066,0.047
9/23/2014,0.058,0.05
9/24/2014,0.075,0.058
9/25/2014,0.073,0.059
9/26/2014,0.075,0.061
9/29/2014,0.067,0.045
9/30/2014,0.068,0.018
10/1/2014,0.079,0.068
10/2/2014,0.085,0.079
10/3/2014,0.101,0.078
10/6/2014,0.096,0.086
10/7/2014,0.109,0.084
10/8/2014,0.102,0.078
10/9/2014,0.126,0.098
10/10/2014,0.132,0.102
10/14/2014,0.142,0.112
10/15/2014,0.186,0.149
10/16/2014,0.218,0.189
10/17/2014,0.207,0.179
10/20/2014,0.147,0.125
10/21/2014,0.15,0.127
10/22/2014,0.129,0.111
10/23/2014,0.143,0.119
10/24/2014,0.176,0.154
10/27/2014,0.176,0.136
10/28/2014,0.136,0.108
10/29/2014,0.137,0.113
10/30/2014,0.168,0.139
10/31/2014,0.224,0.198
11/3/2014,0.161,0.149
11/4/2014,0.145,0.12
11/5/2014,0.143,0.11
11/6/2014,0.148,0.116
11/7/2014,0.149,0.11
11/10/2014,0.153,0.121
11/12/2014,0.168,0.125
11/13/2014,0.184,0.142
11/14/2014,0.183,0.147
11/17/2014,0.196,0.168
11/18/2014,0.148,0.129
11/19/2014,0.121,0.123
11/20/2014,0.14,0.129
11/21/2014,0.133,0.111
11/24/2014,0.154,0.135
11/25/2014,0.148,0.128
11/26/2014,0.169,0.141
11/28/2014,0.225,0.221
12/1/2014,0.241,0.215
12/2/2014,0.232,0.196
12/3/2014,0.201,0.175
12/4/2014,0.216,0.202
12/5/2014,0.225,0.196
12/8/2014,0.208,0.173
12/9/2014,0.186,0.158
12/10/2014,0.172,0.158
12/11/2014,0.205,0.189
12/12/2014,0.201,0.18
12/15/2014,0.212,0.201
12/16/2014,0.207,0.187
12/17/2014,0.195,0.19
12/18/2014,0.217,0.204
12/19/2014,0.207,0.184
12/22/2014,0.182,0.165
12/23/2014,0.148,0.137
12/24/2014,0.189,0.135
12/26/2014,0.18,0.149
12/29/2014,0.169,0.146
12/30/2014,0.163,0.14
12/31/2014,0.429,0.249
1/2/2015,0.199,0.174
1/5/2015,0.155,0.135
1/6/2015,0.126,0.115
1/7/2015,0.135,0.127
1/8/2015,0.14,0.135
1/9/2015,0.157,0.131
1/12/2015,0.147,0.136
1/13/2015,0.15,0.142
1/14/2015,0.161,0.153
1/15/2015,0.185,0.181
1/16/2015,0.184,0.159
1/20/2015,0.155,0.126
1/21/2015,0.116,0.107
1/22/2015,0.112,0.094
1/23/2015,0.155,0.113
1/26/2015,0.132,0.103
1/27/2015,0.127,0.103
1/28/2015,0.094,0.077
1/29/2015,0.1,0.095
1/30/2015,0.171,0.143
2/2/2015,0.172,0.165
2/3/2015,0.171,0.154
2/4/2015,0.158,0.143
2/5/2015,0.191,0.191
2/6/2015,0.211,0.185
2/9/2015,0.193,0.178
2/10/2015,0.168,0.158
2/11/2015,0.152,0.146
2/12/2015,0.183,0.163
2/13/2015,0.168,0.149
2/17/2015,0.161,0.145
2/18/2015,0.133,0.125
2/19/2015,0.117,0.095
2/20/2015,0.091,0.08
2/23/2015,0.077,0.059
2/24/2015,0.075,0.063
2/25/2015,0.081,0.063
2/26/2015,0.105,0.101
2/27/2015,0.169,0.153
3/2/2015,0.166,0.155
3/3/2015,0.159,0.158
3/4/2015,0.166,0.17
3/5/2015,0.19,0.172
3/6/2015,0.181,0.171
3/9/2015,0.172,0.17
3/10/2015,0.169,0.149
3/11/2015,0.159,0.143
3/12/2015,0.174,0.168
3/13/2015,0.182,0.183
3/16/2015,0.226,0.229
3/17/2015,0.249,0.229
3/18/2015,0.183,0.175
3/19/2015,0.168,0.148
3/20/2015,0.145,0.128
3/23/2015,0.134,0.126
3/24/2015,0.19,0.193
3/25/2015,0.237,0.207
3/26/2015,0.225,0.207
3/27/2015,0.235,0.206
3/30/2015,0.235,0.217
3/31/2015,0.67,0.45
4/1/2015,0.262,0.237
4/2/2015,0.251,0.25
4/6/2015,0.238,0.217
4/7/2015,0.233,0.214
4/8/2015,0.224,0.21
4/9/2015,0.235,0.233
4/10/2015,0.248,0.228
4/13/2015,0.233,0.224
4/14/2015,0.234,0.226
4/15/2015,0.271,0.256
4/16/2015,0.261,0.246
4/17/2015,0.242,0.219
4/20/2015,0.172,0.156
4/21/2015,0.14,0.123
4/22/2015,0.105,0.103
4/23/2015,0.099,0.1
4/24/2015,0.176,0.152
4/27/2015,0.184,0.16
4/28/2015,0.155,0.132
4/29/2015,0.153,0.136
4/30/2015,0.306,0.262
5/1/2015,0.241,0.212
5/4/2015,0.164,0.155
5/5/2015,0.162,0.151
5/6/2015,0.151,0.133
5/7/2015,0.142,0.126
5/8/2015,0.146,0.137
5/11/2015,0.148,0.148
5/12/2015,0.184,0.175
5/13/2015,0.198,0.179
5/14/2015,0.184,0.172
5/15/2015,0.208,0.184
5/18/2015,0.123,0.109
5/19/2015,0.092,0.088
5/20/2015,0.089,0.078
5/21/2015,0.129,0.116
5/22/2015,0.182,0.146
5/26/2015,0.16,0.146
5/27/2015,0.119,0.108
5/28/2015,0.137,0.133
5/29/2015,0.241,0.214
6/1/2015,0.224,0.197
6/2/2015,0.204,0.183
6/3/2015,0.241,0.209
6/4/2015,0.234,0.203
6/5/2015,0.218,0.19
6/8/2015,0.196,0.177
6/9/2015,0.177,0.172
6/10/2015,0.193,0.18
6/11/2015,0.218,0.195
6/12/2015,0.224,0.202
6/15/2015,0.24,0.222
6/16/2015,0.219,0.206
6/17/2015,0.194,0.174
6/18/2015,0.167,0.152
6/19/2015,0.129,0.115
6/22/2015,0.116,0.096
6/23/2015,0.1,0.083
6/24/2015,0.201,0.179
6/25/2015,0.22,0.189
6/26/2015,0.251,0.217
6/29/2015,0.22,0.182
6/30/2015,0.604,0.423
7/1/2015,0.207,0.188
7/2/2015,0.21,0.182
7/6/2015,0.194,0.177
7/7/2015,0.199,0.185
7/8/2015,0.222,0.195
7/9/2015,0.235,0.204
7/10/2015,0.237,0.216
7/13/2015,0.24,0.211
7/14/2015,0.246,0.212
7/15/2015,0.28,0.241
7/16/2015,0.24,0.218
7/17/2015,0.194,0.175
7/20/2015,0.158,0.151
7/21/2015,0.133,0.12
7/22/2015,0.108,0.111
7/23/2015,0.148,0.152
7/24/2015,0.26,0.228
7/27/2015,0.25,0.232
7/28/2015,0.245,0.227
7/29/2015,0.251,0.231
7/30/2015,0.295,0.273
7/31/2015,0.369,0.316
8/3/2015,0.263,0.258
8/4/2015,0.257,0.248
8/5/2015,0.266,0.255
8/6/2015,0.273,0.264
8/7/2015,0.279,0.273
8/10/2015,0.282,0.261
8/11/2015,0.29,0.259
8/12/2015,0.307,0.282
8/13/2015,0.301,0.27
8/14/2015,0.283,0.26
8/17/2015,0.279,0.274
8/18/2015,0.252,0.244
8/19/2015,0.232,0.227
8/20/2015,0.202,0.205
8/21/2015,0.182,0.177
8/24/2015,0.252,0.24
8/25/2015,0.226,0.213
8/26/2015,0.198,0.188
8/27/2015,0.184,0.178
8/28/2015,0.199,0.194
8/31/2015,0.304,0.286
9/1/2015,0.288,0.266
9/2/2015,0.245,0.228
9/3/2015,0.203,0.188
9/4/2015,0.178,0.165
9/8/2015,0.161,0.146
9/9/2015,0.149,0.152
9/10/2015,0.206,0.209
9/11/2015,0.217,0.198
9/14/2015,0.193,0.181
9/15/2015,0.211,0.21
9/16/2015,0.179,0.176
9/17/2015,0.183,0.177
9/18/2015,0.148,0.138
9/21/2015,0.15,0.145
9/22/2015,0.154,0.145
9/23/2015,0.132,0.12
9/24/2015,0.195,0.178
9/25/2015,0.166,0.155
9/28/2015,0.148,0.143
9/29/2015,0.143,0.134
9/30/2015,0.488,0.352
10/1/2015,0.179,0.186
10/2/2015,0.182,0.163
10/5/2015,0.155,0.146
10/6/2015,0.165,0.157
10/7/2015,0.166,0.161
10/8/2015,0.172,0.174
10/9/2015,0.199,0.195
10/13/2015,0.194,0.203
10/14/2015,0.237,0.228
10/15/2015,0.255,0.247
10/16/2015,0.246,0.232
10/19/2015,0.204,0.186
10/20/2015,0.179,0.167
10/21/2015,0.14,0.121
10/22/2015,0.105,0.094
10/23/2015,0.189,0.169
10/26/2015,0.16,0.137
10/27/2015,0.119,0.106
10/28/2015,0.113,0.101
10/29/2015,0.131,0.118
10/30/2015,0.189,0.153
11/2/2015,0.14,0.117
11/3/2015,0.162,0.165
11/4/2015,0.154,0.15
11/5/2015,0.22,0.207
11/6/2015,0.168,0.156
11/9/2015,0.154,0.137
11/10/2015,0.134,0.124
11/12/2015,0.181,0.173
11/13/2015,0.169,0.165
11/16/2015,0.181,0.175
11/17/2015,0.154,0.148
11/18/2015,0.127,0.104
11/19/2015,0.126,0.116
11/20/2015,0.094,0.084
11/23/2015,0.087,0.075
11/24/2015,0.142,0.152
11/25/2015,0.179,0.166
11/27/2015,0.242,0.232
11/30/2015,0.297,0.23
12/1/2015,0.187,0.183
12/2/2015,0.195,0.201
12/3/2015,0.248,0.234
12/4/2015,0.251,0.244
12/7/2015,0.267,0.275
12/8/2015,0.307,0.303
12/9/2015,0.349,0.31
12/10/2015,0.28,0.262
12/11/2015,0.247,0.226
12/14/2015,0.224,0.235
12/15/2015,0.348,0.329
12/16/2015,0.404,0.4
12/17/2015,0.456,0.45
12/18/2015,0.457,0.436
12/21/2015,0.432,0.395
12/22/2015,0.371,0.352
12/23/2015,0.411,0.401
12/24/2015,0.556,0.539
12/28/2015,0.596,0.549
12/29/2015,0.604,0.501
12/30/2015,0.523,0.475
12/31/2015,0.705,0.639
1/4/2016,0.488,0.474
1/5/2016,0.489,0.48
1/6/2016,0.5,0.494
1/7/2016,0.476,0.466
1/8/2016,0.476,0.457
1/11/2016,0.457,0.449
1/12/2016,0.45,0.44
1/13/2016,0.449,0.434
1/14/2016,0.444,0.433
1/15/2016,0.46,0.444
1/19/2016,0.446,0.445
1/20/2016,0.476,0.469
1/21/2016,0.5,0.508
1/22/2016,0.622,0.568
1/25/2016,0.53,0.487
1/26/2016,0.485,0.465
1/27/2016,0.484,0.463
1/28/2016,0.54,0.516
1/29/2016,0.559,0.533
2/1/2016,0.494,0.485
2/2/2016,0.524,0.501
2/3/2016,0.525,0.49
2/4/2016,0.543,0.517
2/5/2016,0.529,0.503
2/8/2016,0.493,0.481
2/9/2016,0.501,0.491
2/10/2016,0.507,0.495
2/11/2016,0.544,0.517
2/12/2016,0.508,0.483
2/16/2016,0.525,0.506
2/17/2016,0.506,0.485
2/18/2016,0.49,0.482
2/19/2016,0.481,0.459
2/22/2016,0.448,0.426
2/23/2016,0.395,0.383
2/24/2016,0.484,0.454
2/25/2016,0.473,0.444
2/26/2016,0.418,0.388
2/29/2016,0.493,0.462
3/1/2016,0.432,0.411
3/2/2016,0.433,0.423
3/3/2016,0.453,0.438
3/4/2016,0.439,0.417
3/7/2016,0.425,0.417
3/8/2016,0.422,0.415
3/9/2016,0.426,0.419
3/10/2016,0.468,0.457
3/11/2016,0.469,0.452
3/14/2016,0.454,0.437
3/15/2016,0.487,0.472
3/16/2016,0.457,0.437
3/17/2016,0.457,0.438
3/18/2016,0.405,0.391
3/21/2016,0.376,0.361
3/22/2016,0.327,0.322
3/23/2016,0.36,0.376
3/24/2016,0.48,0.489
3/28/2016,0.491,0.493
3/29/2016,0.489,0.469
3/30/2016,0.444,0.431
3/31/2016,0.622,0.639
4/1/2016,0.502,0.504
4/4/2016,0.483,0.466
4/5/2016,0.436,0.428
4/6/2016,0.436,0.428
4/7/2016,0.445,0.442
4/8/2016,0.442,0.442
4/11/2016,0.451,0.453
4/12/2016,0.447,0.451
4/13/2016,0.46,0.45
4/14/2016,0.45,0.454
4/15/2016,0.479,0.486
4/18/2016,0.44,0.433
4/19/2016,0.381,0.375
4/20/2016,0.362,0.352
4/21/2016,0.343,0.348
4/22/2016,0.461,0.43
4/25/2016,0.412,0.398
4/26/2016,0.388,0.379
4/27/2016,0.371,0.354
4/28/2016,0.341,0.341
4/29/2016,0.445,0.402
5/2/2016,0.379,0.384
5/3/2016,0.402,0.402
5/4/2016,0.409,0.408
5/5/2016,0.428,0.43
5/6/2016,0.449,0.437
5/9/2016,0.432,0.43
5/10/2016,0.44,0.436
5/11/2016,0.433,0.423
5/12/2016,0.437,0.429
5/13/2016,0.439,0.447
5/16/2016,0.465,0.451
5/17/2016,0.427,0.425
5/18/2016,0.393,0.379
5/19/2016,0.348,0.337
5/20/2016,0.32,0.315
5/23/2016,0.299,0.288
5/24/2016,0.389,0.384
5/25/2016,0.334,0.324
5/26/2016,0.295,0.295
5/27/2016,0.31,0.325
5/31/2016,0.436,0.442
6/1/2016,0.417,0.42
6/2/2016,0.424,0.434
6/3/2016,0.43,0.434
6/6/2016,0.418,0.419
6/7/2016,0.444,0.454
6/8/2016,0.463,0.456
6/9/2016,0.471,0.483
6/10/2016,0.505,0.492
6/13/2016,0.491,0.486
6/14/2016,0.488,0.488
6/15/2016,0.539,0.531
6/16/2016,0.52,0.518
6/17/2016,0.493,0.491
6/20/2016,0.485,0.484
6/21/2016,0.491,0.494
6/22/2016,0.534,0.548
6/23/2016,0.626,0.614
6/24/2016,0.912,0.855
6/27/2016,0.823,0.761
6/28/2016,0.683,0.641
6/29/2016,0.595,0.569
6/30/2016,0.964,0.875
7/1/2016,0.624,0.582
7/5/2016,0.505,0.502
7/6/2016,0.518,0.51
7/7/2016,0.512,0.517
7/8/2016,0.53,0.53
7/11/2016,0.529,0.508
7/12/2016,0.489,0.482
7/13/2016,0.482,0.474
7/14/2016,0.504,0.481
7/15/2016,0.524,0.503
7/18/2016,0.469,0.432
7/19/2016,0.399,0.393
7/20/2016,0.398,0.395
7/21/2016,0.455,0.442
7/22/2016,0.502,0.461
7/25/2016,0.463,0.447
7/26/2016,0.45,0.447
7/27/2016,0.45,0.449
7/28/2016,0.467,0.481
7/29/2016,0.579,0.539
8/1/2016,0.515,0.532
8/2/2016,0.545,0.526
8/3/2016,0.545,0.482
8/4/2016,0.556,0.53
8/5/2016,0.547,0.522
8/8/2016,0.534,0.471
8/9/2016,0.476,0.459
8/10/2016,0.472,0.474
8/11/2016,0.532,0.521
8/12/2016,0.537,0.515
8/15/2016,0.561,0.557
8/16/2016,0.538,0.527
8/17/2016,0.52,0.518
8/18/2016,0.538,0.525
8/19/2016,0.505,0.487
8/22/2016,0.464,0.402
8/23/2016,0.406,0.409
8/24/2016,0.493,0.458
8/25/2016,0.501,0.508
8/26/2016,0.517,0.504
8/29/2016,0.5,0.498
8/30/2016,0.49,0.485
8/31/2016,0.566,0.556
9/1/2016,0.551,0.549
9/2/2016,0.531,0.5
9/6/2016,0.511,0.494
9/7/2016,0.507,0.505
9/8/2016,0.541,0.56
9/9/2016,0.571,0.54
9/12/2016,0.54,0.526
9/13/2016,0.531,0.517
9/14/2016,0.516,0.485
9/15/2016,0.571,0.541
9/16/2016,0.502,0.423
9/19/2016,0.432,0.408
9/20/2016,0.435,0.419
9/21/2016,0.43,0.414
9/22/2016,0.453,0.433
9/23/2016,0.53,0.506
9/26/2016,0.53,0.577
9/27/2016,0.741,0.681
9/28/2016,0.854,0.79
9/29/2016,0.976,0.891
9/30/2016,1.328,1.266
10/3/2016,0.664,0.747
10/4/2016,0.808,0.749
10/5/2016,0.712,0.662
10/6/2016,0.663,0.602
10/7/2016,0.519,0.481
10/11/2016,0.519,0.52
10/12/2016,0.567,0.539
10/13/2016,0.595,0.511
10/14/2016,0.501,0.478
10/17/2016,0.536,0.519
10/18/2016,0.437,0.416
10/19/2016,0.37,0.363
10/20/2016,0.408,0.395
10/21/2016,0.348,0.334
10/24/2016,0.457,0.427
10/25/2016,0.424,0.444
10/26/2016,0.493,0.474
10/27/2016,0.527,0.5
10/28/2016,0.454,0.414
10/31/2016,0.527,0.493
11/1/2016,0.443,0.432
11/2/2016,0.437,0.425
11/3/2016,0.511,0.496
11/4/2016,0.495,0.453
11/7/2016,0.458,0.443
11/8/2016,0.447,0.451
11/9/2016,0.485,0.477
11/10/2016,0.538,0.501
11/14/2016,0.465,0.428
11/15/2016,0.45,0.414
11/16/2016,0.412,0.388
11/17/2016,0.372,0.35
11/18/2016,0.312,0.286
11/21/2016,0.276,0.252
11/22/2016,0.257,0.244
11/23/2016,0.332,0.306
11/25/2016,0.35,0.346
11/28/2016,0.319,0.298
11/29/2016,0.28,0.276
11/30/2016,0.354,0.324
12/1/2016,0.292,0.277
12/2/2016,0.301,0.294
12/5/2016,0.295,0.278
12/6/2016,0.304,0.268
12/7/2016,0.305,0.284
12/8/2016,0.323,0.304
12/9/2016,0.41,0.374
12/12/2016,0.425,0.37
12/13/2016,0.365,0.312
12/14/2016,0.284,0.264
12/15/2016,0.525,0.538
12/16/2016,0.577,0.55
12/19/2016,0.536,0.505
12/20/2016,0.498,0.481
12/21/2016,0.483,0.448
12/22/2016,0.496,0.486
12/23/2016,0.576,0.56
12/27/2016,0.622,0.586
12/28/2016,0.742,0.665
12/29/2016,0.605,0.564
12/30/2016,0.584,0.471
1/3/2017,0.597,0.588
1/4/2017,0.713,0.67
1/5/2017,0.627,0.622
1/6/2017,0.634,0.619
1/9/2017,0.599,0.572
1/10/2017,0.545,0.535
1/11/2017,0.549,0.549
1/12/2017,0.599,0.604
1/13/2017,0.689,0.663
1/17/2017,0.745,0.763
1/18/2017,0.738,0.692
1/19/2017,0.597,0.569
1/20/2017,0.54,0.538
1/23/2017,0.514,0.5
1/24/2017,0.616,0.613
1/25/2017,0.617,0.605
1/26/2017,0.616,0.61
1/27/2017,0.611,0.593
1/30/2017,0.609,0.602
1/31/2017,0.722,0.695
2/1/2017,0.651,0.629
2/2/2017,0.61,0.597
2/3/2017,0.618,0.605
2/6/2017,0.61,0.588
2/7/2017,0.59,0.57
2/8/2017,0.57,0.553
2/9/2017,0.687,0.652
2/10/2017,0.639,0.621
2/13/2017,0.604,0.581
2/14/2017,0.599,0.582
2/15/2017,0.664,0.64
2/16/2017,0.597,0.564
2/17/2017,0.545,0.514
2/21/2017,0.509,0.495
2/22/2017,0.496,0.489
2/23/2017,0.503,0.499
2/24/2017,0.576,0.547
2/27/2017,0.544,0.532
2/28/2017,0.618,0.596
3/1/2017,0.531,0.533
3/2/2017,0.525,0.536
3/3/2017,0.544,0.536
3/6/2017,0.547,0.533
3/7/2017,0.528,0.527
3/8/2017,0.528,0.53
3/9/2017,0.527,0.529
3/10/2017,0.533,0.523
3/13/2017,0.526,0.506
3/14/2017,0.621,0.589
3/15/2017,0.615,0.582
3/16/2017,0.834,0.81
3/17/2017,0.758,0.756
3/20/2017,0.761,0.759
3/21/2017,0.762,0.759
3/22/2017,0.757,0.752
3/23/2017,0.8,0.798
3/24/2017,0.848,0.838
3/27/2017,0.83,0.815
3/28/2017,0.81,0.803
3/29/2017,0.808,0.797
3/30/2017,0.905,0.851
3/31/2017,1.049,1.025
4/3/2017,0.831,0.832
4/4/2017,0.829,0.832
4/5/2017,0.852,0.852
4/6/2017,0.914,0.908
4/7/2017,0.908,0.897
4/10/2017,0.892,0.879
4/11/2017,0.867,0.868
4/12/2017,0.901,0.892
4/13/2017,1.015,0.984
4/17/2017,1.011,0.993
4/18/2017,0.956,0.915
4/19/2017,0.848,0.836
4/20/2017,0.805,0.803
4/21/2017,0.803,0.802
4/24/2017,0.871,0.869
4/25/2017,0.863,0.846
4/26/2017,0.87,0.87
4/27/2017,0.915,0.9
4/28/2017,1.076,1.002
5/1/2017,0.922,0.884
5/2/2017,0.863,0.844
5/3/2017,0.852,0.844
5/4/2017,0.868,0.863
5/5/2017,0.905,0.856
5/8/2017,0.869,0.839
5/9/2017,0.846,0.813
5/10/2017,0.821,0.816
5/11/2017,0.856,0.829
5/12/2017,0.83,0.811
5/15/2017,0.864,0.859
5/16/2017,0.846,0.832
5/17/2017,0.841,0.841
5/18/2017,0.853,0.839
5/19/2017,0.83,0.805
5/22/2017,0.806,0.795
5/23/2017,0.794,0.791
5/24/2017,0.873,0.868
5/25/2017,0.918,0.92
5/26/2017,0.957,0.921
5/30/2017,0.908,0.885
5/31/2017,0.998,0.991
6/1/2017,0.959,0.95
6/2/2017,0.934,0.928
6/5/2017,0.933,0.928
6/6/2017,0.94,0.938
6/7/2017,0.948,0.951
6/8/2017,0.992,0.98
6/9/2017,1.009,0.994
6/12/2017,1.015,0.993
6/13/2017,1.035,1.008
6/14/2017,1.067,1.075
6/15/2017,1.313,1.312
6/16/2017,1.284,1.253
6/19/2017,1.212,1.173
6/20/2017,1.138,1.109
6/21/2017,1.073,1.06
6/22/2017,1.078,1.072
6/23/2017,1.189,1.164
6/26/2017,1.157,1.134
6/27/2017,1.159,1.101
6/28/2017,1.244,1.123
6/29/2017,1.272,1.212
6/30/2017,1.506,1.366
7/3/2017,1.236,1.222
7/5/2017,1.169,1.134
7/6/2017,1.149,1.095
7/7/2017,1.096,1.04
7/10/2017,1.06,1.029
7/11/2017,1.03,1.013
7/12/2017,1.05,1.041
7/13/2017,1.095,1.065
7/14/2017,1.093,1.079
7/17/2017,1.144,1.127
7/18/2017,1.106,1.071
7/19/2017,1.06,1.055
7/20/2017,1.089,1.071
7/21/2017,1.072,1.063
7/24/2017,1.168,1.13
7/25/2017,1.151,1.127
7/26/2017,1.143,1.101
7/27/2017,1.136,1.111
7/28/2017,1.11,1.085
7/31/2017,1.213,1.171
8/1/2017,1.121,1.072
8/2/2017,1.054,1.055
8/3/2017,1.07,1.07
8/4/2017,1.064,1.06
8/7/2017,1.071,1.066
8/8/2017,1.065,1.058
8/9/2017,1.074,1.074
8/10/2017,1.146,1.132
8/11/2017,1.183,1.157
8/14/2017,1.186,1.175
8/15/2017,1.232,1.211
8/16/2017,1.169,1.169
8/17/2017,1.194,1.185
8/18/2017,1.16,1.145
8/21/2017,1.113,1.093
8/22/2017,1.074,1.073
8/23/2017,1.09,1.085
8/24/2017,1.211,1.177
8/25/2017,1.161,1.152
8/28/2017,1.157,1.148
8/29/2017,1.143,1.111
8/30/2017,1.15,1.114
8/31/2017,1.31,1.227
9/1/2017,1.228,1.177
9/5/2017,1.145,1.112
9/6/2017,1.129,1.118
9/7/2017,1.146,1.123
9/8/2017,1.145,1.117
9/11/2017,1.163,1.138
9/12/2017,1.229,1.134
9/13/2017,1.217,1.133
9/14/2017,1.245,1.202
9/15/2017,1.248,1.194
9/18/2017,1.138,1.086
9/19/2017,1.059,1.023
9/20/2017,1.038,1.022
9/21/2017,1.071,1.037
9/22/2017,1.124,1.06
9/25/2017,1.086,1.052
9/26/2017,1.062,1.033
9/27/2017,1.038,1.028
9/28/2017,1.072,1.062
9/29/2017,1.26,1.203
10/2/2017,1.134,1.122
10/3/2017,1.141,1.103
10/4/2017,1.145,1.094
10/5/2017,1.192,1.135
10/6/2017,1.193,1.127
10/10/2017,1.159,1.114
10/11/2017,1.161,1.11
10/12/2017,1.15,1.081
10/13/2017,1.129,1.148
10/16/2017,1.18,1.178
10/17/2017,1.169,1.161
10/18/2017,1.153,1.145
10/19/2017,1.154,1.174
10/20/2017,1.21,1.201
10/23/2017,1.203,1.177
10/24/2017,1.193,1.155
10/25/2017,1.159,1.15
10/26/2017,1.192,1.176
10/27/2017,1.161,1.137
10/30/2017,1.147,1.124
10/31/2017,1.239,1.215
11/1/2017,1.167,1.182
11/2/2017,1.205,1.21
11/3/2017,1.201,1.196
11/6/2017,1.182,1.171
11/7/2017,1.154,1.16
11/8/2017,1.18,1.159
11/9/2017,1.214,1.204
11/10/2017,1.213,1.2
11/13/2017,1.214,1.196
11/14/2017,1.229,1.244
11/15/2017,1.303,1.288
11/16/2017,1.341,1.303
11/17/2017,1.262,1.254
11/20/2017,1.216,1.183
11/21/2017,1.159,1.135
11/22/2017,1.154,1.118
11/24/2017,1.218,1.219
11/27/2017,1.203,1.177
11/28/2017,1.145,1.113
11/29/2017,1.061,1.057
11/30/2017,1.162,1.154
12/1/2017,1.128,1.109
12/4/2017,1.091,1.116
12/5/2017,1.148,1.17
12/6/2017,1.17,1.167
12/7/2017,1.168,1.142
12/8/2017,1.139,1.103
12/11/2017,1.13,1.114
12/12/2017,1.133,1.114
12/13/2017,1.145,1.12
12/14/2017,1.46,1.438
12/15/2017,1.541,1.498
12/18/2017,1.471,1.468
12/19/2017,1.47,1.465
12/20/2017,1.477,1.463
12/21/2017,1.513,1.501
12/22/2017,1.555,1.532
12/26/2017,1.555,1.527
12/27/2017,1.558,1.495
12/28/2017,1.586,1.574
12/29/2017,1.852,1.836
1/2/2018,1.57,1.604
1/3/2018,1.582,1.546
1/4/2018,1.599,1.536
1/5/2018,1.468,1.445
1/8/2018,1.462,1.411
1/9/2018,1.443,1.371
1/10/2018,1.376,1.339
1/11/2018,1.457,1.448
1/12/2018,1.522,1.483
1/16/2018,1.575,1.525
1/17/2018,1.522,1.48
1/18/2018,1.451,1.429
1/19/2018,1.42,1.398
1/22/2018,1.393,1.379
1/23/2018,1.379,1.372
1/24/2018,1.492,1.464
1/25/2018,1.498,1.449
1/26/2018,1.463,1.437
1/29/2018,1.445,1.396
1/30/2018,1.452,1.398
1/31/2018,1.514,1.45
2/1/2018,1.436,1.435
2/2/2018,1.436,1.397
2/5/2018,1.416,1.381
2/6/2018,1.372,1.354
2/7/2018,1.376,1.377
2/8/2018,1.454,1.438
2/9/2018,1.449,1.409
2/12/2018,1.447,1.396
2/13/2018,1.435,1.396
2/14/2018,1.408,1.389
2/15/2018,1.51,1.485
2/16/2018,1.49,1.475
2/20/2018,1.466,1.398
2/21/2018,1.444,1.382
2/22/2018,1.452,1.416
2/23/2018,1.471,1.417
2/26/2018,1.448,1.449
2/27/2018,1.459,1.45
2/28/2018,1.538,1.476
3/1/2018,1.554,1.575
3/2/2018,1.566,1.534
3/5/2018,1.552,1.519
3/6/2018,1.532,1.508
3/7/2018,1.532,1.503
3/8/2018,1.594,1.569
3/9/2018,1.567,1.556
3/12/2018,1.558,1.526
3/13/2018,1.55,1.532
3/14/2018,1.568,1.548
3/15/2018,1.652,1.636
3/16/2018,1.577,1.572
3/19/2018,1.571,1.569
3/20/2018,1.58,1.552
3/21/2018,1.592,1.519
3/22/2018,1.746,1.755
3/23/2018,1.802,1.794
3/26/2018,1.824,1.816
3/27/2018,1.829,1.802
3/28/2018,1.844,1.809
3/29/2018,1.971,2.068
4/2/2018,1.931,1.95
4/3/2018,1.927,1.93
4/4/2018,1.812,1.795
4/5/2018,1.831,1.83
4/6/2018,1.823,1.819
4/9/2018,1.829,1.834
4/10/2018,1.836,1.825
4/11/2018,1.837,1.823
4/12/2018,1.79,1.786
4/13/2018,1.789,1.796
4/16/2018,1.842,1.836
4/17/2018,1.833,1.829
4/18/2018,1.807,1.804
4/19/2018,1.768,1.777
4/20/2018,1.77,1.759
4/23/2018,1.763,1.742
4/24/2018,1.791,1.755
4/25/2018,1.775,1.756
4/26/2018,1.785,1.776
4/27/2018,1.787,1.772
4/30/2018,1.844,1.827
5/1/2018,1.812,1.808
5/2/2018,1.804,1.789
5/3/2018,1.805,1.777
5/4/2018,1.778,1.767
5/7/2018,1.775,1.766
5/8/2018,1.783,1.778
5/9/2018,1.788,1.771
5/10/2018,1.81,1.793
5/11/2018,1.816,1.8
5/14/2018,1.808,1.794
5/15/2018,1.855,1.837
5/16/2018,1.803,1.789
5/17/2018,1.819,1.8
5/18/2018,1.773,1.762
5/21/2018,1.736,1.715
5/22/2018,1.691,1.67
5/23/2018,1.705,1.714
5/24/2018,1.808,1.791
5/25/2018,1.801,1.795
5/29/2018,1.807,1.794
5/30/2018,1.815,1.801
5/31/2018,1.912,1.985
6/1/2018,1.9,1.884
6/4/2018,1.865,1.841
6/5/2018,1.825,1.796
6/6/2018,1.795,1.781
6/7/2018,1.787,1.766
6/8/2018,1.775,1.755
6/11/2018,1.765,1.739
6/12/2018,1.762,1.762
6/13/2018,1.789,1.743
6/14/2018,1.979,1.955
6/15/2018,1.994,1.996
6/18/2018,1.949,1.939
6/19/2018,1.941,1.93
6/20/2018,1.928,1.921
6/21/2018,1.943,1.966
6/22/2018,2,1.975
6/25/2018,1.998,1.955
6/26/2018,2.001,1.964
6/27/2018,1.988,1.953
6/28/2018,2.013,2.045
6/29/2018,2.321,2.233
7/2/2018,2.145,2.11
7/3/2018,2.088,2.049
7/5/2018,2.05,2.025
7/6/2018,2.004,1.974
7/9/2018,1.968,1.946
7/10/2018,1.964,1.962
7/11/2018,1.971,1.938
7/12/2018,1.978,1.946
7/13/2018,1.989,1.995
7/16/2018,2.033,2.025
7/17/2018,2.011,1.983
7/18/2018,1.96,1.921
7/19/2018,1.973,1.954
7/20/2018,1.958,1.948
7/23/2018,1.951,1.923
7/24/2018,1.994,1.916
7/25/2018,1.98,1.956
7/26/2018,2.002,1.953
7/27/2018,1.968,1.922
7/30/2018,1.978,1.936
7/31/2018,2.038,1.979
8/1/2018,1.975,1.964
8/2/2018,2.013,1.967
8/3/2018,1.966,1.942
8/6/2018,1.986,1.959
8/7/2018,2.01,1.956
8/8/2018,2.024,1.959
8/9/2018,2.037,1.991
8/10/2018,2.03,2.018
8/13/2018,2.033,2.009
8/14/2018,2.048,2.047
8/15/2018,2.092,2.07
8/16/2018,2.093,2.055
8/17/2018,2.014,1.973
8/20/2018,1.994,1.973
8/21/2018,1.995,1.981
8/22/2018,2.015,2.003
8/23/2018,2.049,2.031
8/24/2018,2.042,2.024
8/27/2018,2.046,2.037
8/28/2018,2.039,2.006
8/29/2018,2.023,1.987
8/30/2018,2.033,1.995
8/31/2018,2.054,2.039
9/4/2018,2.035,2.028
9/5/2018,2.033,2.007
9/6/2018,2.026,2.007
9/7/2018,2.025,2.02
9/10/2018,2.028,2.006
9/11/2018,2.032,2.003
9/12/2018,2.023,2.006
9/13/2018,2.016,1.99
9/14/2018,2.019,2.029
9/17/2018,2.062,2.045
9/18/2018,1.999,1.987
9/19/2018,1.978,1.981
9/20/2018,1.993,1.976
9/21/2018,1.983,1.984
9/24/2018,2.031,1.963
9/25/2018,2.013,1.97
9/26/2018,1.997,1.962
9/27/2018,2.247,2.226
9/28/2018,2.386,2.348
10/1/2018,2.301,2.29
10/2/2018,2.292,2.286
10/3/2018,2.282,2.275
10/4/2018,2.267,2.233
10/5/2018,2.248,2.223
10/9/2018,2.24,2.251
10/10/2018,2.247,2.26
10/11/2018,2.265,2.255
10/12/2018,2.263,2.263
10/15/2018,2.291,2.285
10/16/2018,2.273,2.262
10/17/2018,2.268,2.27
10/18/2018,2.28,2.268
10/19/2018,2.268,2.261
10/22/2018,2.259,2.236
10/23/2018,2.253,2.233
10/24/2018,2.26,2.243
10/25/2018,2.267,2.265
10/26/2018,2.273,2.257
10/29/2018,2.268,2.246
10/30/2018,2.269,2.251
10/31/2018,2.304,2.31
11/1/2018,2.331,2.394
11/2/2018,2.362,2.324
11/5/2018,2.336,2.297
11/6/2018,2.313,2.261
11/7/2018,2.266,2.225
11/8/2018,2.298,2.281
11/9/2018,2.286,2.264
11/13/2018,2.265,2.249
11/14/2018,2.272,2.274
11/15/2018,2.361,2.342
11/16/2018,2.346,2.33
11/19/2018,2.322,2.297
11/20/2018,2.28,2.248
11/21/2018,2.265,2.24
11/23/2018,2.329,2.263
11/26/2018,2.293,2.261
11/27/2018,2.282,2.266
11/28/2018,2.29,2.268
11/29/2018,2.344,2.307
11/30/2018,2.393,2.357
12/3/2018,2.335,2.321
12/5/2018,,2.35
12/6/2018,2.448,2.447
12/7/2018,2.381,2.316
12/10/2018,2.325,2.277
12/11/2018,2.291,2.271
12/12/2018,2.281,2.264
12/13/2018,2.283,2.262
12/14/2018,2.295,2.287
12/17/2018,2.409,2.396
12/18/2018,2.414,2.362
12/19/2018,2.369,2.326
12/20/2018,2.511,2.478
12/21/2018,2.491,2.445
12/24/2018,2.507,2.517
12/26/2018,2.531,2.524
12/27/2018,2.524,2.503
12/28/2018,2.574,2.551
12/31/2018,4.434,5.149
1/2/2019,3.39,3.231
1/3/2019,2.807,2.642
1/4/2019,2.533,2.491
1/7/2019,2.487,2.496
1/8/2019,2.519,2.516
1/9/2019,2.529,2.511
1/10/2019,2.515,2.484
1/11/2019,2.477,2.457
1/14/2019,2.474,2.446
1/15/2019,2.522,2.495
1/16/2019,2.466,2.455
1/17/2019,2.467,2.459
1/18/2019,2.463,2.455
1/22/2019,2.47,2.464
1/23/2019,2.473,2.448
1/24/2019,2.498,2.477
1/25/2019,2.475,2.451
1/28/2019,2.465,2.443
1/29/2019,2.467,2.448
1/30/2019,2.459,2.452
1/31/2019,2.716,2.693
2/1/2019,2.553,2.521
2/4/2019,2.482,2.456
2/5/2019,2.465,2.445
2/6/2019,2.462,2.456
2/7/2019,2.461,2.442
2/8/2019,2.448,2.435
2/11/2019,2.505,2.455
2/12/2019,2.458,2.459
2/13/2019,2.459,2.45
2/14/2019,2.465,2.458
2/15/2019,2.504,2.487
2/19/2019,2.472,2.473
2/20/2019,2.47,2.459
2/21/2019,2.459,2.453
2/22/2019,2.453,2.443
2/25/2019,2.463,2.446
2/26/2019,2.463,2.443
2/27/2019,2.456,2.437
2/28/2019,2.713,2.618
3/1/2019,2.464,2.454
3/4/2019,2.453,2.433
3/5/2019,2.45,2.437
3/6/2019,2.451,2.44
3/7/2019,2.463,2.452
3/8/2019,2.456,2.442
3/11/2019,2.459,2.449
3/12/2019,2.472,2.465
3/13/2019,2.476,2.458
3/14/2019,2.491,2.479
3/15/2019,2.544,2.521
3/18/2019,2.485,2.478
3/19/2019,2.523,2.531
3/20/2019,2.56,2.524
3/21/2019,2.521,2.5
3/22/2019,2.467,2.456
3/25/2019,2.456,2.453
3/26/2019,2.475,2.485
3/27/2019,2.477,2.449
3/28/2019,2.514,2.478
3/29/2019,2.815,2.611
4/1/2019,2.507,2.545
4/2/2019,2.53,2.543
4/3/2019,2.53,2.512
4/4/2019,2.523,2.535
4/5/2019,2.526,2.518
4/8/2019,2.528,2.516
4/9/2019,2.511,2.505
4/10/2019,2.505,2.49
4/11/2019,2.492,2.482
4/12/2019,2.492,2.498
4/15/2019,2.524,2.547
4/16/2019,2.552,2.587
4/17/2019,2.602,2.576
4/18/2019,2.556,2.568
4/22/2019,2.546,2.547
4/23/2019,2.529,2.499
4/24/2019,2.499,2.49
4/25/2019,2.506,2.512
4/26/2019,2.542,2.519
4/29/2019,2.557,2.534
4/30/2019,2.915,2.807
5/1/2019,2.603,2.602
5/2/2019,2.56,2.534
5/3/2019,2.501,2.47
5/6/2019,2.481,2.464
5/7/2019,2.51,2.492
5/8/2019,2.49,2.473
5/9/2019,2.469,2.449
5/10/2019,2.458,2.445
5/13/2019,2.442,2.433
5/14/2019,2.471,2.456
5/15/2019,2.557,2.533
5/16/2019,2.501,2.487
5/17/2019,2.465,2.462
5/20/2019,2.447,2.433
5/21/2019,2.443,2.434
5/22/2019,2.425,2.413
5/23/2019,2.437,2.429
5/24/2019,2.44,2.425
5/28/2019,2.477,2.456
5/29/2019,2.486,2.46
5/30/2019,2.48,2.445
5/31/2019,2.578,2.552
6/3/2019,2.477,2.459
6/4/2019,2.467,2.45
6/5/2019,2.465,2.455
6/6/2019,2.478,2.462
6/7/2019,2.462,2.444
6/10/2019,2.457,2.444
6/11/2019,2.454,2.437
6/12/2019,2.446,2.422
6/13/2019,2.427,2.409
6/14/2019,2.418,2.408
6/17/2019,2.496,2.493
6/18/2019,2.441,2.435
6/19/2019,2.424,2.41
6/20/2019,2.432,2.441
6/21/2019,2.447,2.419
6/24/2019,2.471,2.467
6/25/2019,2.513,2.448
6/26/2019,2.51,2.464
6/27/2019,2.492,2.466
6/28/2019,2.647,2.588
7/1/2019,2.566,2.87
7/2/2019,2.656,2.609
7/3/2019,2.724,2.656
7/5/2019,2.677,2.642
7/8/2019,2.559,2.543
7/9/2019,2.562,2.532
7/10/2019,2.553,2.496
7/11/2019,2.487,2.451
7/12/2019,2.475,2.459
7/15/2019,2.561,2.551
7/16/2019,2.566,2.562
7/17/2019,2.591,2.527
7/18/2019,2.552,2.511
7/19/2019,2.504,2.468
7/22/2019,2.491,2.473
7/23/2019,2.497,2.47
7/24/2019,2.511,2.481
7/25/2019,2.525,2.49
7/26/2019,2.514,2.466
7/29/2019,2.509,2.468
7/30/2019,2.499,2.441
7/31/2019,2.705,2.609
8/1/2019,2.292,2.253
8/2/2019,2.267,2.232
8/5/2019,2.223,2.184
8/6/2019,2.203,2.176
8/7/2019,2.189,2.163
8/8/2019,2.188,2.186
8/9/2019,2.212,2.189
8/12/2019,2.237,2.183
8/13/2019,2.268,2.22
8/14/2019,2.25,2.2
8/15/2019,2.296,2.252
8/16/2019,2.22,2.192
8/19/2019,2.188,2.179
8/20/2019,2.208,2.186
8/21/2019,2.179,2.167
8/22/2019,2.169,2.162
8/23/2019,2.184,2.164
8/26/2019,2.196,2.19
8/27/2019,2.255,2.215
8/28/2019,2.218,2.178
8/29/2019,2.225,2.176
8/30/2019,2.276,2.23
9/3/2019,2.335,2.304
9/4/2019,2.37,2.298
9/5/2019,2.307,2.269
9/6/2019,2.238,2.204
9/9/2019,2.22,2.197
9/10/2019,2.244,2.229
9/11/2019,2.261,2.24
9/12/2019,2.294,2.268
9/13/2019,2.298,2.288
9/16/2019,3.109,2.876
9/17/2019,6.699,6.007
9/18/2019,3.462,3
9/19/2019,2.108,1.975
9/20/2019,1.999,1.908
9/23/2019,1.987,2
9/24/2019,2.11,2.014
9/25/2019,2.136,2.01
9/26/2019,1.935,1.869
9/27/2019,1.909,1.874
9/30/2019,2.651,2.46
10/1/2019,1.975,1.96
10/2/2019,1.922,1.901
10/3/2019,1.895,1.871
10/4/2019,1.871,1.876
10/7/2019,1.879,1.884
10/8/2019,1.911,1.898
10/9/2019,1.907,1.899
10/10/2019,1.902,1.887
10/11/2019,1.898,1.888
10/15/2019,2.09,2.17
10/16/2019,2.093,2.069
10/17/2019,1.996,1.974
10/18/2019,1.946,1.916
10/21/2019,1.919,1.908
10/22/2019,1.938,1.914
10/23/2019,1.926,1.902
10/24/2019,1.95,1.91
10/25/2019,1.897,1.88
10/28/2019,1.896,1.857
10/29/2019,1.893,1.873
10/30/2019,1.894,1.873
10/31/2019,1.863,1.807
11/1/2019,1.636,1.634
11/4/2019,1.626,1.62
11/5/2019,1.637,1.619
11/6/2019,1.619,1.601
11/7/2019,1.623,1.607
11/8/2019,1.618,1.603
11/12/2019,1.651,1.632
11/13/2019,1.609,1.596
11/14/2019,1.634,1.612
11/15/2019,1.64,1.624
11/18/2019,1.608,1.608
11/19/2019,1.625,1.639
11/20/2019,1.636,1.62
11/21/2019,1.64,1.626
11/22/2019,1.638,1.614
11/25/2019,1.611,1.594
11/26/2019,1.597,1.588
11/27/2019,1.611,1.596
11/29/2019,1.752,1.656
12/2/2019,1.681,1.64
12/3/2019,1.592,1.59
12/4/2019,1.593,1.598
12/5/2019,1.611,1.6
12/6/2019,1.599,1.588
12/9/2019,1.606,1.589
12/10/2019,1.608,1.589
12/11/2019,1.601,1.576
12/12/2019,1.584,1.568
12/13/2019,1.596,1.612
12/16/2019,1.664,1.643
12/17/2019,1.594,1.592
12/18/2019,1.587,1.579
12/19/2019,1.579,1.568
12/20/2019,1.571,1.559
12/23/2019,1.577,1.563
12/24/2019,1.568,1.549
12/26/2019,1.576,1.573
12/27/2019,1.583,1.579
12/30/2019,1.592,1.572
12/31/2019,1.763,1.624
1/2/2020,1.59,1.603
1/3/2020,1.601,1.593
1/6/2020,1.615,1.593
1/7/2020,1.618,1.594
1/8/2020,1.61,1.584
1/9/2020,1.601,1.59
1/10/2020,1.599,1.577
1/13/2020,1.612,1.578
1/14/2020,1.597,1.575
1/15/2020,1.602,1.584
1/16/2020,1.599,1.578
1/17/2020,1.597,1.575
1/21/2020,1.594,1.569
1/22/2020,1.588,1.57
1/23/2020,1.588,1.57
1/24/2020,1.592,1.565
1/27/2020,1.59,1.571
1/28/2020,1.599,1.569
1/29/2020,1.6,1.572
1/30/2020,1.646,1.626
1/31/2020,1.683,1.652
2/3/2020,1.662,1.644
2/4/2020,1.666,1.637
2/5/2020,1.654,1.624
2/6/2020,1.651,1.622
2/7/2020,1.641,1.607
2/10/2020,1.646,1.594
2/11/2020,1.65,1.622
2/12/2020,1.628,1.615
2/13/2020,1.633,1.623
2/14/2020,1.653,1.627
2/18/2020,1.658,1.646
2/19/2020,1.65,1.631
2/20/2020,1.644,1.627
2/21/2020,1.628,1.609
2/24/2020,1.638,1.614
2/25/2020,1.649,1.634
2/26/2020,1.647,1.626
2/27/2020,1.646,1.626
2/28/2020,1.677,1.647
3/2/2020,1.657,1.695
3/3/2020,1.703,1.72
3/4/2020,1.305,1.245
3/5/2020,1.189,1.168
3/6/2020,1.169,1.146
3/9/2020,1.19,1.163
3/10/2020,1.207,1.181
3/11/2020,1.255,1.191
3/12/2020,1.309,1.194
3/13/2020,1.149,1.158
3/16/2020,0.529,0.859
3/17/2020,0.791,0.638
3/18/2020,0.207,0.154
3/19/2020,0.163,0.103
3/20/2020,0.108,0.074
3/23/2020,0.087,0.068
3/24/2020,0.063,0.061
3/25/2020,0.08,0.094
3/26/2020,0.084,0.089
3/27/2020,0.068,0.05
3/30/2020,0.065,0.048
3/31/2020,0.011,0.002
4/1/2020,0.052,0.052
4/2/2020,0.08,0.089
4/3/2020,0.074,0.06
4/6/2020,0.069,0.068
4/7/2020,0.075,0.08
4/8/2020,0.089,0.095
4/9/2020,0.126,0.106
4/13/2020,0.122,0.112
4/14/2020,0.133,0.095
4/15/2020,0.099,0.078
4/16/2020,0.104,0.111
4/17/2020,0.101,0.088
4/20/2020,0.086,0.06
4/21/2020,0.053,0.04
4/22/2020,0.05,0.05
4/23/2020,0.073,0.091
4/24/2020,0.118,0.097
4/27/2020,0.096,0.084
4/28/2020,0.069,0.06
4/29/2020,0.083,0.075
4/30/2020,0.11,0.106
5/1/2020,0.112,0.111
5/4/2020,0.128,0.098
5/5/2020,0.121,0.104
5/6/2020,0.123,0.109
5/7/2020,0.129,0.119
5/8/2020,0.13,0.12
5/11/2020,0.13,0.118
5/12/2020,0.132,0.117
5/13/2020,0.062,0.057
5/14/2020,0.084,0.086
5/15/2020,0.113,0.105
5/18/2020,0.09,0.079
5/19/2020,0.081,0.084
5/20/2020,0.045,0.025
5/21/2020,0.047,0.064
5/22/2020,0.102,0.104
5/26/2020,0.12,0.115
5/27/2020,0.101,0.102
5/28/2020,0.125,0.126
5/29/2020,0.104,0.096
6/1/2020,0.121,0.118
6/2/2020,0.127,0.125
6/3/2020,0.118,0.115
6/4/2020,0.125,0.114
6/5/2020,0.124,0.119
6/8/2020,0.125,0.124
6/9/2020,0.128,0.125
6/10/2020,0.128,0.121
6/11/2020,0.112,0.112
6/12/2020,0.126,0.125
6/15/2020,0.129,0.13
6/16/2020,0.135,0.134
6/17/2020,0.131,0.12
6/18/2020,0.124,0.122
6/19/2020,0.124,0.123
6/22/2020,0.116,0.117
6/23/2020,0.108,0.11
6/24/2020,0.123,0.121
6/25/2020,0.129,0.125
6/26/2020,0.125,0.126
6/29/2020,0.129,0.123
6/30/2020,0.131,0.129
7/1/2020,0.132,0.134
7/2/2020,0.146,0.149
7/6/2020,0.147,0.142
7/7/2020,0.144,0.136
7/8/2020,0.142,0.132
7/9/2020,0.14,0.138
7/10/2020,0.147,0.144
7/13/2020,0.146,0.139
7/14/2020,0.142,0.141
7/15/2020,0.169,0.151
7/16/2020,0.143,0.139
7/17/2020,0.144,0.143
7/20/2020,0.142,0.136
7/21/2020,0.138,0.13
7/22/2020,0.126,0.115
7/23/2020,0.133,0.125
7/24/2020,0.133,0.133
7/27/2020,0.137,0.135
7/28/2020,0.133,0.122
7/29/2020,0.118,0.115
7/30/2020,0.117,0.113
7/31/2020,0.137,0.134
8/3/2020,0.131,0.129
8/4/2020,0.133,0.124
8/5/2020,0.128,0.127
8/6/2020,0.131,0.129
8/7/2020,0.129,0.123
8/10/2020,0.132,0.128
8/11/2020,0.132,0.131
8/12/2020,0.131,0.129
8/13/2020,0.128,0.128
8/14/2020,0.129,0.127
8/17/2020,0.132,0.13
8/18/2020,0.128,0.118
8/19/2020,0.125,0.09
8/20/2020,0.111,0.112
8/21/2020,0.119,0.112
8/24/2020,0.128,0.105
8/25/2020,0.129,0.107
8/26/2020,0.118,0.095
8/27/2020,0.12,0.098
8/28/2020,0.122,0.101
8/31/2020,0.133,0.123
9/1/2020,0.132,0.132
9/2/2020,0.132,0.128
9/3/2020,0.135,0.132
9/4/2020,0.132,0.13
9/8/2020,0.135,0.129
9/9/2020,0.13,0.125
9/10/2020,0.137,0.129
9/11/2020,0.134,0.128
9/14/2020,0.128,0.112
9/15/2020,0.139,0.129
9/16/2020,0.138,0.122
9/17/2020,0.135,0.127
9/18/2020,0.122,0.093
9/21/2020,0.121,0.08
9/22/2020,0.107,0.077
9/23/2020,0.096,0.072
9/24/2020,0.12,0.109
9/25/2020,0.128,0.116
9/28/2020,0.126,0.102
9/29/2020,0.121,0.103
9/30/2020,0.129,0.116
10/1/2020,0.125,0.117
10/2/2020,0.133,0.13
10/5/2020,0.133,0.121
10/6/2020,0.13,0.124
10/7/2020,0.128,0.095
10/8/2020,0.126,0.121
10/9/2020,0.129,0.118
10/13/2020,0.136,0.127
10/14/2020,0.123,0.113
10/15/2020,0.136,0.131
10/16/2020,0.125,0.116
10/19/2020,0.122,0.116
10/20/2020,0.12,0.114
10/21/2020,0.111,0.095
10/22/2020,0.108,0.101
10/23/2020,0.136,0.121
10/26/2020,0.143,0.123
10/27/2020,0.137,0.114
10/28/2020,0.125,0.102
10/29/2020,0.127,0.118
10/30/2020,0.134,0.115
11/2/2020,0.133,0.126
11/3/2020,0.129,0.13
11/4/2020,0.131,0.127
11/5/2020,0.142,0.132
11/6/2020,0.136,0.124
11/9/2020,0.131,0.115
11/10/2020,0.137,0.123
11/12/2020,0.128,0.113
11/13/2020,0.121,0.112
11/16/2020,0.136,0.127
11/17/2020,0.118,0.111
11/18/2020,0.091,0.083
11/19/2020,0.08,0.073
11/20/2020,0.069,0.068
11/23/2020,0.057,0.067
11/24/2020,0.111,0.11
11/25/2020,0.115,0.107
11/27/2020,0.122,0.11
11/30/2020,0.124,0.11
12/1/2020,0.116,0.1
12/2/2020,0.118,0.098
12/3/2020,0.122,0.109
12/4/2020,0.121,0.117
12/7/2020,0.119,0.1
12/8/2020,0.108,0.091
12/9/2020,0.113,0.091
12/10/2020,0.111,0.102
12/11/2020,0.126,0.102
12/14/2020,0.106,0.082
12/15/2020,0.12,0.111
12/16/2020,0.115,0.099
12/17/2020,0.115,0.111
12/18/2020,0.115,0.11
12/21/2020,0.107,0.098
12/22/2020,0.091,0.074
12/23/2020,0.083,0.07
12/24/2020,0.111,0.107
12/28/2020,0.131,0.122
12/29/2020,0.128,0.119
12/30/2020,0.122,0.096
12/31/2020,0.115,0.08
01/04/2021,0.125,0.121
01/05/2021,0.13,0.125
01/06/2021,0.129,0.124
01/07/2021,0.13,0.12
01/08/2021,0.122,0.114
01/11/2021,0.119,0.096
01/12/2021,0.114,0.098
01/13/2021,0.111,0.1
01/14/2021,0.112,0.088
01/15/2021,0.117,0.09
01/19/2021,0.109,0.089
01/20/2021,0.102,0.063
01/21/2021,0.089,0.044
01/22/2021,0.095,0.076
01/25/2021,0.097,0.075
01/26/2021,0.076,0.042
01/27/2021,0.065,0.054
01/28/2021,0.101,0.074
01/29/2021,0.106,0.072
02/01/2021,0.111,0.1
02/02/2021,0.106,0.096
02/03/2021,0.103,0.088
02/04/2021,0.094,0.062
02/05/2021,0.082,0.037
02/08/2021,0.09,0.062
02/09/2021,0.113,0.097
02/10/2021,0.117,0.102
02/11/2021,0.109,0.081
02/12/2021,0.101,0.067
02/16/2021,0.121,0.093
02/17/2021,0.11,0.08
02/18/2021,0.085,0.054
02/19/2021,0.081,0.042
02/22/2021,0.088,0.046
02/23/2021,0.077,0.023
02/24/2021,0.07,0.05
02/25/2021,0.07,0.038
02/26/2021,0.045,0.009
03/01/2021,0.047,0.058
03/02/2021,0.077,0.075
03/03/2021,0.067,0.058
03/04/2021,0.049,0.038
03/05/2021,0.043,0.035
03/08/2021,0.049,0.035
03/09/2021,0.05,0.042
03/10/2021,0.051,0.048
03/11/2021,0.028,0.019
03/12/2021,0.019,0.012
03/15/2021,0.025,0.023
03/16/2021,0.019,0.012
03/17/2021,0.013,0.01
03/18/2021,0.007,-0.008
03/19/2021,0.002,0.005
03/22/2021,0.004,0.005
03/23/2021,0.005,0.006
03/24/2021,0.019,0.016
03/25/2021,0.04,0.04
03/26/2021,0.041,0.036
03/29/2021,0.043,0.027
03/30/2021,0.024,0.001
03/31/2021,0.006,0.01
04/01/2021,0.033,0.036
04/05/2021,0.047,0.04
04/06/2021,0.038,0.028
04/07/2021,0.026,0.023
04/08/2021,0.017,0.013
04/09/2021,0.011,0.004
04/12/2021,0.016,0.003
04/13/2021,0.017,0.006
04/14/2021,0.01,0
04/15/2021,0.017,0.015
04/16/2021,0.014,0.008
04/19/2021,0.01,0.008
04/20/2021,0.01,0.005
04/21/2021,0.009,0.003
04/22/2021,0.011,0.009
04/23/2021,0.012,0.015
04/26/2021,0.016,0.009
04/27/2021,0.009,0.002
04/28/2021,0.008,0
04/29/2021,0.004,0
04/30/2021,0.012,0.017
05/03/2021,0.017,0.013
05/04/2021,0.019,0.009
05/05/2021,0.018,0.01
05/06/2021,0.021,0.012
05/07/2021,0.019,0.01
05/10/2021,0.02,0.011
05/11/2021,0.019,0.011
05/12/2021,0.018,0.008
05/13/2021,0.008,0.001
05/14/2021,0.01,0.002
05/17/2021,0.012,0.006
05/18/2021,0.012,0.002
05/19/2021,0.011,0.004
05/20/2021,0.01,0.001
05/21/2021,0.009,-0.006
05/24/2021,0.014,-0.001
05/25/2021,0.012,0
05/26/2021,0.012,-0.001
05/27/2021,0.01,-0.001
05/28/2021,0.012,0.003
06/01/2021,0.022,0.02
06/02/2021,0.02,0.018
06/03/2021,0.02,0.014
06/04/2021,0.019,0.013
06/07/2021,0.013,0.009
06/08/2021,0.017,0.01
06/09/2021,0.02,0.01
06/10/2021,0.019,0.009
06/11/2021,0.018,0.009
06/14/2021,0.009,0.004
06/15/2021,0.014,0.009
06/16/2021,0.016,0.01
06/17/2021,0.046,0.043
06/18/2021,0.051,0.043
06/21/2021,0.044,0.039
06/22/2021,0.04,0.039
06/23/2021,0.04,0.038
06/24/2021,0.058,0.049
06/25/2021,0.065,0.057
06/28/2021,0.065,0.042
06/29/2021,0.058,0.031
06/30/2021,0.059,0.05
07/01/2021,0.067,0.062
07/02/2021,0.074,0.066
07/06/2021,0.071,0.068
07/07/2021,0.072,0.068
07/08/2021,0.066,0.06
07/09/2021,0.059,0.051
07/12/2021,0.053,0.048
07/13/2021,0.056,0.051
07/14/2021,0.047,0.044
07/15/2021,0.066,0.055
07/16/2021,0.046,0.043
07/19/2021,0.045,0.037
07/20/2021,0.042,0.04
07/21/2021,0.038,0.038
07/22/2021,0.038,0.039
07/23/2021,0.069,0.055
07/26/2021,0.07,0.054
07/27/2021,0.069,0.054
07/28/2021,0.065,0.05
07/29/2021,0.058,0.05
07/30/2021,0.05,0.047
08/02/2021,0.062,0.073
08/03/2021,0.068,0.068
08/04/2021,0.063,0.064
08/05/2021,0.07,0.063
08/06/2021,0.067,0.061
08/09/2021,0.06,0.056
08/10/2021,0.053,0.056
08/11/2021,0.048,0.046
08/12/2021,0.043,0.044
08/13/2021,0.054,0.051
08/16/2021,0.064,0.061
08/17/2021,0.06,0.055
08/18/2021,0.04,0.037
08/19/2021,0.021,0.022
08/20/2021,0.018,0.021
08/23/2021,0.018,0.022
08/24/2021,0.06,0.056
08/25/2021,0.07,0.058
08/26/2021,0.07,0.06
08/27/2021,0.062,0.056
08/30/2021,0.056,0.053
08/31/2021,0.068,0.061
09/01/2021,0.061,0.061
09/02/2021,0.068,0.06
09/03/2021,0.06,0.059
09/07/2021,0.069,0.06
09/08/2021,0.06,0.057
09/09/2021,0.059,0.059
09/10/2021,0.058,0.057
09/13/2021,0.057,0.056
09/14/2021,0.061,0.053
09/15/2021,0.062,0.061
09/16/2021,0.059,0.055
09/17/2021,0.038,0.04
09/20/2021,0.036,0.039
09/21/2021,0.034,0.034
09/22/2021,0.033,0.034
09/23/2021,0.037,0.039
09/24/2021,0.07,0.052
09/27/2021,0.069,0.056
09/28/2021,0.067,0.05
09/29/2021,0.066,0.039
09/30/2021,0.056,0.041
10/01/2021,0.056,0.05
10/04/2021,0.058,0.05
10/05/2021,0.051,0.045
10/06/2021,0.048,0.041
10/07/2021,0.049,0.043
10/08/2021,0.049,0.042
10/12/2021,0.044,0.042
10/13/2021,0.042,0.039
10/14/2021,0.04,0.026
10/15/2021,0.032,0.034
10/18/2021,0.019,0.02
10/19/2021,0.018,0.019
10/20/2021,0.019,0.017
10/21/2021,0.018,0.015
10/22/2021,0.073,0.044
10/25/2021,0.072,0.04
10/26/2021,0.076,0.049
10/27/2021,0.088,0.052
10/28/2021,0.088,0.057
10/29/2021,0.035,0.03
11/01/2021,0.059,0.059
11/02/2021,0.074,0.059
11/03/2021,0.063,0.055
11/04/2021,0.067,0.056
11/05/2021,0.063,0.06
11/08/2021,0.069,0.059
11/09/2021,0.07,0.057
11/10/2021,0.058,0.053
11/12/2021,0.066,0.054
11/15/2021,0.075,0.062
11/16/2021,0.065,0.056
11/17/2021,0.064,0.047
11/18/2021,0.065,0.047
11/19/2021,0.066,0.047
11/22/2021,0.066,0.05
11/23/2021,0.057,0.053
11/24/2021,0.062,0.052
11/26/2021,0.061,0.051
11/29/2021,0.08,0.057
11/30/2021,0.087,0.067
12/01/2021,0.078,0.061
12/02/2021,0.076,0.065
12/03/2021,0.075,0.065
12/06/2021,0.072,0.061
12/07/2021,0.072,0.061
12/08/2021,0.07,0.06
12/09/2021,0.069,0.055
12/10/2021,0.059,0.045
12/13/2021,0.051,0.034
12/14/2021,0.051,0.033
12/15/2021,0.053,0.034
12/16/2021,0.06,0.035
12/17/2021,0.049,0.033
12/20/2021,0.053,0.03
12/21/2021,0.042,0.024
12/22/2021,0.056,0.043
12/23/2021,0.056,0.048
12/27/2021,0.065,0.042
12/28/2021,0.059,0.04
12/29/2021,0.05,0.04
12/30/2021,0.047,0.036
12/31/2021,0.05,0.045
01/03/2022,0.067,0.06
01/04/2022,0.071,0.066
