Date,Treasury Weighted Average GFC Repo,Treasury Total PAR Value
01/02/08,4.099,
01/03/08,4.054,
01/04/08,4.01,
01/07/08,4.003,
01/08/08,4.077,
01/09/08,4.115,
01/10/08,4.184,
01/11/08,4.119,
01/14/08,4.097,
01/15/08,4.091,
01/16/08,3.872,
01/17/08,3.774,
01/18/08,3.583,
01/22/08,2.075,
01/23/08,1.802,
01/24/08,2.381,
01/25/08,2.621,
01/28/08,2.326,
01/29/08,2.418,
01/30/08,2.128,
01/31/08,1.999,
02/01/08,2.267,
02/04/08,2.712,
02/05/08,2.624,
02/06/08,2.256,
02/07/08,2.522,
02/08/08,2.716,
02/11/08,2.864,
02/12/08,2.865,
02/13/08,2.845,
02/14/08,3.015,
02/15/08,3.068,
02/19/08,2.947,
02/20/08,2.729,
02/21/08,2.835,
02/22/08,2.802,
02/25/08,2.664,
02/26/08,2.421,
02/27/08,2.221,
02/28/08,1.994,
02/29/08,1.933,
03/03/08,2.922,
03/04/08,2.882,
03/05/08,2.696,
03/06/08,2.528,
03/07/08,2.565,
03/10/08,2.734,
03/11/08,2.593,
03/12/08,2.355,
03/13/08,2.626,
03/14/08,2.797,
03/17/08,1.747,
03/18/08,1.007,
03/19/08,0.382,
03/20/08,0.625,
03/24/08,0.75,
03/25/08,0.979,
03/26/08,0.622,
03/27/08,1.125,
03/28/08,2.365,
03/31/08,1.773,
04/01/08,2.609,
04/02/08,2.434,
04/03/08,2.456,
04/04/08,2.296,
04/07/08,2.272,
04/08/08,2.186,
04/09/08,2.07,
04/10/08,2.256,
04/11/08,2.292,
04/14/08,2.266,
04/15/08,2.217,
04/16/08,2.21,
04/17/08,2.195,
04/18/08,2.178,
04/21/08,2.158,
04/22/08,2.03,
04/23/08,1.918,
04/24/08,2.027,
04/25/08,1.919,
04/28/08,1.948,
04/29/08,2.075,
04/30/08,1.971,
05/01/08,1.893,
05/02/08,1.894,
05/05/08,1.922,
05/06/08,1.892,
05/07/08,1.873,
05/08/08,2.025,
05/09/08,2.075,
05/12/08,2.015,
05/13/08,1.969,
05/14/08,1.937,
05/15/08,2.068,
05/16/08,2.018,
05/19/08,2,
05/20/08,1.995,
05/21/08,1.985,
05/22/08,2.109,
05/23/08,2.144,
05/27/08,2.182,
05/28/08,2.258,
05/29/08,2.292,
05/30/08,2.204,
06/02/08,2.26,
06/03/08,2.148,
06/04/08,2.045,
06/05/08,2.066,
06/06/08,2.037,
06/09/08,2.093,
06/10/08,2.113,
06/11/08,2.114,
06/12/08,2.096,
06/13/08,2.103,
06/16/08,2.191,
06/17/08,2.021,
06/18/08,1.942,
06/19/08,1.986,
06/20/08,2.003,
06/23/08,1.957,
06/24/08,1.94,
06/25/08,1.928,
06/26/08,2.036,
06/27/08,2.116,
06/30/08,1.831,
07/01/08,2.143,
07/02/08,2.124,
07/03/08,2.118,
07/07/08,2.149,
07/08/08,2.109,
07/09/08,2.008,
07/10/08,1.993,
07/11/08,1.9,
07/14/08,1.928,
07/15/08,1.967,
07/16/08,2.001,
07/17/08,1.944,
07/18/08,1.932,
07/21/08,1.912,
07/22/08,1.907,
07/23/08,1.949,
07/24/08,2.001,
07/25/08,2.058,
07/28/08,2.152,
07/29/08,2.115,
07/30/08,2.079,
07/31/08,2.122,
08/01/08,2.146,
08/04/08,2.071,
08/05/08,1.999,
08/06/08,1.951,
08/07/08,1.935,
08/08/08,1.947,
08/11/08,1.973,
08/12/08,1.951,
08/13/08,2.04,
08/14/08,2.12,
08/15/08,2.165,
08/18/08,2.073,
08/19/08,1.956,
08/20/08,1.931,
08/21/08,2.005,
08/22/08,2.009,
08/25/08,2.028,
08/26/08,2.027,
08/27/08,2.002,
08/28/08,2.032,
08/29/08,2.006,
09/02/08,2.059,
09/03/08,2.063,
09/04/08,2.064,
09/05/08,2.043,
09/08/08,2.037,
09/09/08,2.041,
09/10/08,2.04,
09/11/08,2.108,
09/12/08,2.21,
09/15/08,2.148,
09/16/08,1.136,
09/17/08,0.451,
09/18/08,1.312,
09/19/08,1.916,
09/22/08,1.797,
09/23/08,0.638,
09/24/08,0.416,
09/25/08,0.742,
09/26/08,1.137,
09/29/08,0.873,
09/30/08,0.474,
10/01/08,0.784,
10/02/08,0.237,
10/03/08,0.16,
10/06/08,0.243,
10/07/08,0.351,
10/08/08,0.147,
10/09/08,0.141,
10/10/08,0.142,
10/14/08,0.172,
10/15/08,0.16,
10/16/08,0.14,
10/17/08,0.139,
10/20/08,0.524,
10/21/08,1.091,
10/22/08,1.052,
10/23/08,1.137,
10/24/08,0.963,
10/27/08,1.012,
10/28/08,0.736,
10/29/08,0.287,
10/30/08,0.244,
10/31/08,0.243,
11/03/08,0.272,
11/04/08,0.191,
11/05/08,0.157,
11/06/08,0.185,
11/07/08,0.202,
11/10/08,0.181,
11/12/08,0.252,
11/13/08,0.299,
11/14/08,0.217,
11/17/08,0.283,
11/18/08,0.319,
11/19/08,0.337,
11/20/08,0.343,
11/21/08,0.511,
11/24/08,0.565,
11/25/08,0.41,
11/26/08,0.361,
11/28/08,0.334,
12/01/08,0.335,
12/02/08,0.327,
12/03/08,0.239,
12/04/08,0.151,
12/05/08,0.045,
12/08/08,0.03,
12/09/08,0.028,
12/10/08,0.015,
12/11/08,0.069,
12/12/08,0.11,
12/15/08,0.114,
12/16/08,0.128,
12/17/08,0.066,
12/18/08,0.047,
12/19/08,0.062,
12/22/08,0.089,
12/23/08,0.1,
12/24/08,0.108,
12/26/08,0.105,
12/29/08,0.076,
12/30/08,0.056,
12/31/08,0.055,
01/02/09,0.088,
01/05/09,0.087,
01/06/09,0.07,
01/07/09,0.071,
01/08/09,0.092,
01/09/09,0.089,
01/12/09,0.082,
01/13/09,0.109,
01/14/09,0.217,
01/15/09,0.278,
01/16/09,0.303,
01/20/09,0.237,
01/21/09,0.226,
01/22/09,0.275,
01/23/09,0.246,
01/26/09,0.182,
01/27/09,0.144,
01/28/09,0.213,
01/29/09,0.256,
01/30/09,0.286,
02/02/09,0.319,
02/03/09,0.265,
02/04/09,0.268,
02/05/09,0.314,
02/06/09,0.273,
02/09/09,0.282,
02/10/09,0.282,
02/11/09,0.279,
02/12/09,0.318,
02/13/09,0.3,
02/17/09,0.307,
02/18/09,0.272,
02/19/09,0.289,
02/20/09,0.271,
02/23/09,0.267,
02/24/09,0.249,
02/25/09,0.259,
02/26/09,0.283,
02/27/09,0.281,
03/02/09,0.333,
03/03/09,0.291,
03/04/09,0.287,
03/05/09,0.305,
03/06/09,0.288,
03/09/09,0.305,
03/10/09,0.293,
03/11/09,0.278,
03/12/09,0.26,
03/13/09,0.17,
03/16/09,0.257,
03/17/09,0.247,
03/18/09,0.228,
03/19/09,0.245,
03/20/09,0.249,
03/23/09,0.25,
03/24/09,0.231,
03/25/09,0.186,
03/26/09,0.163,
03/27/09,0.172,
03/30/09,0.177,
03/31/09,0.227,
04/01/09,0.241,
04/02/09,0.213,
04/03/09,0.193,
04/06/09,0.173,
04/07/09,0.173,
04/08/09,0.182,
04/09/09,0.231,
04/13/09,0.19,
04/14/09,0.158,
04/15/09,0.152,
04/16/09,0.168,
04/17/09,0.17,
04/20/09,0.17,
04/21/09,0.165,
04/22/09,0.172,
04/23/09,0.165,
04/24/09,0.157,
04/27/09,0.156,
04/28/09,0.16,
04/29/09,0.154,
04/30/09,0.234,
05/01/09,0.265,
05/04/09,0.257,
05/05/09,0.247,
05/06/09,0.225,
05/07/09,0.234,
05/08/09,0.211,
05/11/09,0.21,
05/12/09,0.188,
05/13/09,0.202,
05/14/09,0.219,
05/15/09,0.243,
05/18/09,0.243,
05/19/09,0.195,
05/20/09,0.163,
05/21/09,0.2,
05/22/09,0.184,
05/26/09,0.187,
05/27/09,0.172,
05/28/09,0.203,
05/29/09,0.199,
06/01/09,0.248,
06/02/09,0.23,
06/03/09,0.199,
06/04/09,0.268,
06/05/09,0.266,
06/08/09,0.226,
06/09/09,0.198,
06/10/09,0.203,
06/11/09,0.216,
06/12/09,0.222,
06/15/09,0.276,
06/16/09,0.268,
06/17/09,0.28,
06/18/09,0.278,
06/19/09,0.258,
06/22/09,0.27,
06/23/09,0.262,
06/24/09,0.196,
06/25/09,0.145,
06/26/09,0.127,
06/29/09,0.108,
06/30/09,0.042,
07/01/09,0.215,
07/02/09,0.205,
07/06/09,0.59,
07/07/09,0.202,
07/08/09,0.168,
07/09/09,0.178,
07/10/09,0.147,
07/13/09,0.151,
07/14/09,0.149,
07/15/09,0.193,
07/16/09,0.192,
07/17/09,0.176,
07/20/09,0.165,
07/21/09,0.168,
07/22/09,0.155,
07/23/09,0.191,
07/24/09,0.173,
07/27/09,0.165,
07/28/09,0.179,
07/29/09,0.174,
07/30/09,0.168,
07/31/09,0.236,
08/03/09,0.223,
08/04/09,0.206,
08/05/09,0.196,
08/06/09,0.182,
08/07/09,0.169,
08/10/09,0.161,
08/11/09,0.142,
08/12/09,0.138,
08/13/09,0.153,
08/14/09,0.151,
08/17/09,0.192,
08/18/09,0.185,
08/19/09,0.182,
08/20/09,0.179,
08/21/09,0.183,
08/24/09,0.155,
08/25/09,0.139,
08/26/09,0.121,
08/27/09,0.146,
08/28/09,0.15,
08/31/09,0.232,
09/01/09,0.21,
09/02/09,0.184,
09/03/09,0.203,
09/04/09,0.185,
09/08/09,0.187,
09/09/09,0.163,
09/10/09,0.167,
09/11/09,0.151,
09/14/09,0.144,
09/15/09,0.185,
09/16/09,0.172,
09/17/09,0.173,
09/18/09,0.181,
09/21/09,0.152,
09/22/09,0.143,
09/23/09,0.144,
09/24/09,0.123,
09/25/09,0.118,
09/28/09,0.101,
09/29/09,0.045,
09/30/09,0.058,
10/01/09,0.101,
10/02/09,0.111,
10/05/09,0.11,
10/06/09,0.1,
10/07/09,0.091,
10/08/09,0.083,
10/09/09,0.084,
10/13/09,0.115,
10/14/09,0.121,
10/15/09,0.143,
10/16/09,0.126,
10/19/09,0.112,
10/20/09,0.082,
10/21/09,0.087,
10/22/09,0.064,
10/23/09,0.047,
10/26/09,0.046,
10/27/09,0.056,
10/28/09,0.08,
10/29/09,0.085,
10/30/09,0.074,
11/02/09,0.142,
11/03/09,0.124,
11/04/09,0.112,
11/05/09,0.121,
11/06/09,0.13,
11/09/09,0.124,
11/10/09,0.094,
11/12/09,0.082,
11/13/09,0.069,
11/16/09,0.098,
11/17/09,0.075,
11/18/09,0.07,
11/19/09,0.094,
11/20/09,0.113,
11/23/09,0.109,
11/24/09,0.109,
11/25/09,0.128,
11/27/09,0.143,
11/30/09,0.187,
12/01/09,0.169,
12/02/09,0.146,
12/03/09,0.16,
12/04/09,0.164,
12/07/09,0.12,
12/08/09,0.12,
12/09/09,0.125,
12/10/09,0.153,
12/11/09,0.148,
12/14/09,0.144,
12/15/09,0.169,
12/16/09,0.164,
12/17/09,0.145,
12/18/09,0.157,
12/21/09,0.148,
12/22/09,0.125,
12/23/09,0.083,
12/24/09,0.086,
12/28/09,0.083,
12/29/09,0.062,
12/30/09,0.007,
12/31/09,-0.193,
01/04/10,0.116,
01/05/10,0.096,
01/06/10,0.074,
01/07/10,0.06,
01/08/10,0.054,
01/11/10,0.047,
01/12/10,0.049,
01/13/10,0.066,
01/14/10,0.084,
01/15/10,0.146,
01/19/10,0.147,
01/20/10,0.144,
01/21/10,0.131,
01/22/10,0.111,
01/25/10,0.121,
01/26/10,0.111,
01/27/10,0.127,
01/28/10,0.122,
01/29/10,0.115,
02/01/10,0.172,
02/02/10,0.138,
02/03/10,0.142,
02/04/10,0.133,
02/05/10,0.112,
02/08/10,0.121,
02/09/10,0.118,
02/10/10,0.11,
02/11/10,0.115,
02/12/10,0.105,
02/16/10,0.142,
02/17/10,0.13,
02/18/10,0.132,
02/19/10,0.129,
02/22/10,0.119,
02/23/10,0.092,
02/24/10,0.086,
02/25/10,0.14,
02/26/10,0.122,
03/01/10,0.169,
03/02/10,0.158,
03/03/10,0.168,
03/04/10,0.181,
03/05/10,0.185,
03/08/10,0.159,
03/09/10,0.129,
03/10/10,0.129,
03/11/10,0.151,
03/12/10,0.154,
03/15/10,0.218,
03/16/10,0.19,
03/17/10,0.174,
03/18/10,0.198,
03/19/10,0.187,
03/22/10,0.177,
03/23/10,0.159,
03/24/10,0.17,
03/25/10,0.182,
03/26/10,0.166,
03/29/10,0.16,
03/30/10,0.15,
03/31/10,0.01,
04/01/10,0.205,
04/05/10,0.214,
04/06/10,0.19,
04/07/10,0.191,
04/08/10,0.204,
04/09/10,0.193,
04/12/10,0.192,
04/13/10,0.191,
04/14/10,0.201,
04/15/10,0.242,
04/16/10,0.23,
04/19/10,0.207,
04/20/10,0.2,
04/21/10,0.191,
04/22/10,0.196,
04/23/10,0.197,
04/26/10,0.184,
04/27/10,0.167,
04/28/10,0.163,
04/29/10,0.162,
04/30/10,0.209,
05/03/10,0.204,
05/04/10,0.203,
05/05/10,0.194,
05/06/10,0.199,
05/07/10,0.194,
05/10/10,0.203,
05/11/10,0.211,
05/12/10,0.211,
05/13/10,0.221,
05/14/10,0.225,
05/17/10,0.261,
05/18/10,0.241,
05/19/10,0.232,
05/20/10,0.234,
05/21/10,0.225,
05/24/10,0.229,
05/25/10,0.215,
05/26/10,0.21,
05/27/10,0.223,
05/28/10,0.213,
06/01/10,0.243,
06/02/10,0.227,
06/03/10,0.239,
06/04/10,0.227,
06/07/10,0.216,
06/08/10,0.203,
06/09/10,0.188,
06/10/10,0.183,
06/11/10,0.178,
06/14/10,0.18,
06/15/10,0.214,
06/16/10,0.197,
06/17/10,0.208,
06/18/10,0.208,
06/21/10,0.198,
06/22/10,0.197,
06/23/10,0.18,
06/24/10,0.174,
06/25/10,0.18,
06/28/10,0.182,
06/29/10,0.178,
06/30/10,0.19,
07/01/10,0.25,
07/02/10,0.245,
07/06/10,0.236,
07/07/10,0.223,
07/08/10,0.211,
07/09/10,0.216,
07/12/10,0.206,
07/13/10,0.188,
07/14/10,0.206,
07/15/10,0.258,
07/16/10,0.253,
07/19/10,0.24,
07/20/10,0.227,
07/21/10,0.212,
07/22/10,0.22,
07/23/10,0.223,
07/26/10,0.218,
07/27/10,0.211,
07/28/10,0.203,
07/29/10,0.221,
07/30/10,0.217,
08/02/10,0.266,
08/03/10,0.241,
08/04/10,0.236,
08/05/10,0.243,
08/06/10,0.23,
08/09/10,0.214,
08/10/10,0.203,
08/11/10,0.192,
08/12/10,0.214,
08/13/10,0.239,
08/16/10,0.28,
08/17/10,0.246,
08/18/10,0.218,
08/19/10,0.216,
08/20/10,0.218,
08/23/10,0.215,
08/24/10,0.211,
08/25/10,0.221,
08/26/10,0.238,
08/27/10,0.221,
08/30/10,0.211,
08/31/10,0.251,
09/01/10,0.219,
09/02/10,0.226,
09/03/10,0.221,
09/07/10,0.213,
09/08/10,0.2,
09/09/10,0.208,
09/10/10,0.216,
09/13/10,0.219,
09/14/10,0.257,
09/15/10,0.311,
09/16/10,0.297,
09/17/10,0.26,
09/20/10,0.248,
09/21/10,0.237,
09/22/10,0.231,
09/23/10,0.247,
09/24/10,0.24,
09/27/10,0.247,
09/28/10,0.245,
09/29/10,0.223,
09/30/10,0.293,
10/01/10,0.254,
10/04/10,0.224,
10/05/10,0.221,
10/06/10,0.224,
10/07/10,0.225,
10/08/10,0.203,
10/12/10,0.212,
10/13/10,0.221,
10/14/10,0.234,
10/15/10,0.278,
10/18/10,0.251,
10/19/10,0.23,
10/20/10,0.214,
10/21/10,0.234,
10/22/10,0.23,
10/25/10,0.218,
10/26/10,0.213,
10/27/10,0.198,
10/28/10,0.214,
10/29/10,0.22,
11/01/10,0.268,
11/02/10,0.241,
11/03/10,0.218,
11/04/10,0.221,
11/05/10,0.209,
11/08/10,0.194,
11/09/10,0.186,
11/10/10,0.198,
11/12/10,0.235,
11/15/10,0.289,
11/16/10,0.257,
11/17/10,0.243,
11/18/10,0.261,
11/19/10,0.241,
11/22/10,0.224,
11/23/10,0.224,
11/24/10,0.238,
11/26/10,0.258,
11/29/10,0.234,
11/30/10,0.268,
12/01/10,0.236,
12/02/10,0.22,
12/03/10,0.182,
12/06/10,0.169,
12/07/10,0.154,
12/08/10,0.161,
12/09/10,0.169,
12/10/10,0.166,
12/13/10,0.191,
12/14/10,0.235,
12/15/10,0.264,
12/16/10,0.246,
12/17/10,0.242,
12/20/10,0.224,
12/21/10,0.207,
12/22/10,0.175,
12/23/10,0.176,
12/27/10,0.223,
12/28/10,0.171,
12/29/10,0.16,
12/30/10,0.173,
12/31/10,0.234,
01/03/11,0.223,
01/04/11,0.189,
01/05/11,0.164,
01/06/11,0.175,
01/07/11,0.168,
01/10/11,0.165,
01/11/11,0.153,
01/12/11,0.152,
01/13/11,0.164,
01/14/11,0.201,
01/18/11,0.241,
01/19/11,0.219,
01/20/11,0.211,
01/21/11,0.178,
01/24/11,0.165,
01/25/11,0.164,
01/26/11,0.162,
01/27/11,0.177,
01/28/11,0.17,
01/31/11,0.253,
02/01/11,0.227,
02/02/11,0.206,
02/03/11,0.17,
02/04/11,0.158,
02/07/11,0.153,
02/08/11,0.144,
02/09/11,0.14,
02/10/11,0.14,
02/11/11,0.141,
02/14/11,0.141,
02/15/11,0.176,
02/16/11,0.139,
02/17/11,0.142,
02/18/11,0.146,
02/22/11,0.137,
02/23/11,0.131,
02/24/11,0.135,
02/25/11,0.169,
02/28/11,0.189,
03/01/11,0.159,
03/02/11,0.141,
03/03/11,0.153,
03/04/11,0.14,
03/07/11,0.138,
03/08/11,0.136,
03/09/11,0.124,
03/10/11,0.123,
03/11/11,0.136,
03/14/11,0.139,
03/15/11,0.159,
03/16/11,0.15,
03/17/11,0.175,
03/18/11,0.165,
03/21/11,0.153,
03/22/11,0.156,
03/23/11,0.125,
03/24/11,0.117,
03/25/11,0.112,
03/28/11,0.116,
03/29/11,0.099,
03/30/11,0.112,
03/31/11,0.147,
04/01/11,0.101,
04/04/11,0.028,
04/05/11,0.045,
04/06/11,0.079,
04/07/11,0.083,
04/08/11,0.056,
04/11/11,0.041,
04/12/11,0.019,
04/13/11,0.059,
04/14/11,0.111,
04/15/11,0.153,
04/18/11,0.091,
04/19/11,0.081,
04/20/11,0.079,
04/21/11,0.09,
04/25/11,0.068,
04/26/11,0.05,
04/27/11,0.027,
04/28/11,0.02,
04/29/11,0.034,
05/02/11,0.059,
05/03/11,0.03,
05/04/11,0.025,
05/05/11,0.023,
05/06/11,0.043,
05/09/11,0.041,
05/10/11,0.033,
05/11/11,0.024,
05/12/11,0.064,
05/13/11,0.076,
05/16/11,0.113,
05/17/11,0.105,
05/18/11,0.099,
05/19/11,0.087,
05/20/11,0.082,
05/23/11,0.082,
05/24/11,0.074,
05/25/11,0.075,
05/26/11,0.081,
05/27/11,0.071,
05/31/11,0.137,
06/01/11,0.118,
06/02/11,0.111,
06/03/11,0.1,
06/06/11,0.08,
06/07/11,0.067,
06/08/11,0.05,
06/09/11,0.054,
06/10/11,0.059,
06/13/11,0.072,
06/14/11,0.073,
06/15/11,0.117,
06/16/11,0.111,
06/17/11,0.088,
06/20/11,0.069,
06/21/11,0.061,
06/22/11,0.023,
06/23/11,0.009,
06/24/11,0.012,
06/27/11,0.015,
06/28/11,0.007,
06/29/11,-0.005,
06/30/11,0.003,
07/01/11,0.033,
07/05/11,-0.003,
07/06/11,0.009,
07/07/11,0.019,
07/08/11,0.009,
07/11/11,0.01,
07/12/11,0.008,
07/13/11,0.003,
07/14/11,-0.002,
07/15/11,0.025,
07/18/11,0.014,
07/19/11,0.007,
07/20/11,0.02,
07/21/11,0.027,
07/22/11,0.018,
07/25/11,0.022,
07/26/11,0.049,
07/27/11,0.09,
07/28/11,0.132,
07/29/11,0.208,
08/01/11,0.277,
08/02/11,0.228,
08/03/11,0.096,
08/04/11,0.065,
08/05/11,0.043,
08/08/11,0.066,
08/09/11,0.033,
08/10/11,0.038,
08/11/11,0.071,
08/12/11,0.113,
08/15/11,0.103,
08/16/11,0.048,
08/17/11,0.04,
08/18/11,0.059,
08/19/11,0.055,
08/22/11,0.039,
08/23/11,0.018,
08/24/11,0.02,
08/25/11,0.046,
08/26/11,0.048,
08/29/11,0.057,
08/30/11,0.039,
08/31/11,0.097,
09/01/11,0.106,
09/02/11,0.095,
09/06/11,0.114,
09/07/11,0.083,
09/08/11,0.078,
09/09/11,0.062,
09/12/11,0.065,
09/13/11,0.081,
09/14/11,0.082,
09/15/11,0.138,
09/16/11,0.11,
09/19/11,0.107,
09/20/11,0.129,
09/21/11,0.104,
09/22/11,0.096,
09/23/11,0.117,
09/26/11,0.139,
09/27/11,0.096,
09/28/11,0.063,
09/29/11,0.034,
09/30/11,0.12,
10/03/11,0.114,
10/04/11,0.081,
10/05/11,0.079,
10/06/11,0.087,
10/07/11,0.083,
10/11/11,0.077,
10/12/11,0.066,
10/13/11,0.103,
10/14/11,0.129,
10/17/11,0.171,
10/18/11,0.121,
10/19/11,0.068,
10/20/11,0.063,
10/21/11,0.063,
10/24/11,0.071,
10/25/11,0.094,
10/26/11,0.063,
10/27/11,0.066,
10/28/11,0.062,
10/31/11,0.138,
11/01/11,0.134,
11/02/11,0.14,
11/03/11,0.102,
11/04/11,0.063,
11/07/11,0.071,
11/08/11,0.078,
11/09/11,0.086,
11/10/11,0.099,
11/14/11,0.135,
11/15/11,0.169,
11/16/11,0.112,
11/17/11,0.101,
11/18/11,0.114,
11/21/11,0.113,
11/22/11,0.133,
11/23/11,0.13,
11/25/11,0.156,
11/28/11,0.125,
11/29/11,0.084,
11/30/11,0.13,
12/01/11,0.103,
12/02/11,0.093,
12/05/11,0.092,
12/06/11,0.085,
12/07/11,0.065,
12/08/11,0.076,
12/09/11,0.086,
12/12/11,0.093,
12/13/11,0.083,
12/14/11,0.066,
12/15/11,0.143,
12/16/11,0.128,
12/19/11,0.096,
12/20/11,0.096,
12/21/11,0.038,
12/22/11,0.036,
12/23/11,0.082,
12/27/11,0.076,
12/28/11,0.052,
12/29/11,0.098,
12/30/11,-0.001,
01/03/12,0.127,
01/04/12,0.065,
01/05/12,0.068,
01/06/12,0.083,
01/09/12,0.081,
01/10/12,0.071,
01/11/12,0.082,
01/12/12,0.13,
01/13/12,0.173,
01/17/12,0.218,
01/18/12,0.186,
01/19/12,0.19,
01/20/12,0.188,
01/23/12,0.147,
01/24/12,0.127,
01/25/12,0.117,
01/26/12,0.117,
01/27/12,0.116,
01/30/12,0.131,
01/31/12,0.241,
02/01/12,0.2,
02/02/12,0.183,
02/03/12,0.162,
02/06/12,0.132,
02/07/12,0.116,
02/08/12,0.108,
02/09/12,0.164,
02/10/12,0.182,
02/13/12,0.169,
02/14/12,0.139,
02/15/12,0.162,
02/16/12,0.131,
02/17/12,0.102,
02/21/12,0.084,
02/22/12,0.084,
02/23/12,0.131,
02/24/12,0.158,
02/27/12,0.171,
02/28/12,0.131,
02/29/12,0.191,
03/01/12,0.2,
03/02/12,0.191,
03/05/12,0.186,
03/06/12,0.18,
03/07/12,0.163,
03/08/12,0.204,
03/09/12,0.2,
03/12/12,0.2,
03/13/12,0.187,
03/14/12,0.186,
03/15/12,0.258,
03/16/12,0.228,
03/19/12,0.205,
03/20/12,0.188,
03/21/12,0.155,
03/22/12,0.152,
03/23/12,0.192,
03/26/12,0.214,
03/27/12,0.177,
03/28/12,0.16,
03/29/12,0.157,
03/30/12,0.128,
04/02/12,0.224,
04/03/12,0.209,
04/04/12,0.227,
04/05/12,0.259,
04/09/12,0.231,
04/10/12,0.207,
04/11/12,0.193,
04/12/12,0.212,
04/13/12,0.191,
04/16/12,0.226,
04/17/12,0.188,
04/18/12,0.167,
04/19/12,0.127,
04/20/12,0.117,
04/23/12,0.118,
04/24/12,0.179,
04/25/12,0.188,
04/26/12,0.157,
04/27/12,0.149,
04/30/12,0.238,
05/01/12,0.21,
05/02/12,0.182,
05/03/12,0.196,
05/04/12,0.2,
05/07/12,0.197,
05/08/12,0.19,
05/09/12,0.183,
05/10/12,0.198,
05/11/12,0.2,
05/14/12,0.242,
05/15/12,0.253,
05/16/12,0.223,
05/17/12,0.233,
05/18/12,0.209,
05/21/12,0.202,
05/22/12,0.184,
05/23/12,0.149,
05/24/12,0.193,
05/25/12,0.206,
05/29/12,0.179,
05/30/12,0.174,
05/31/12,0.274,
06/01/12,0.244,
06/04/12,0.235,
06/05/12,0.217,
06/06/12,0.185,
06/07/12,0.191,
06/08/12,0.214,
06/11/12,0.218,
06/12/12,0.239,
06/13/12,0.261,
06/14/12,0.26,
06/15/12,0.275,
06/18/12,0.223,
06/19/12,0.173,
06/20/12,0.168,
06/21/12,0.203,
06/22/12,0.256,
06/25/12,0.226,
06/26/12,0.177,
06/27/12,0.187,
06/28/12,0.22,
06/29/12,0.278,
07/02/12,0.297,
07/03/12,0.261,
07/05/12,0.25,
07/06/12,0.224,
07/09/12,0.185,
07/10/12,0.194,
07/11/12,0.199,
07/12/12,0.226,
07/13/12,0.207,
07/16/12,0.237,
07/17/12,0.204,
07/18/12,0.143,
07/19/12,0.12,
07/20/12,0.146,
07/23/12,0.14,
07/24/12,0.208,
07/25/12,0.205,
07/26/12,0.182,
07/27/12,0.172,
07/30/12,0.157,
07/31/12,0.238,
08/01/12,0.211,
08/02/12,0.225,
08/03/12,0.208,
08/06/12,0.19,
08/07/12,0.187,
08/08/12,0.209,
08/09/12,0.224,
08/10/12,0.192,
08/13/12,0.171,
08/14/12,0.17,
08/15/12,0.218,
08/16/12,0.199,
08/17/12,0.175,
08/20/12,0.169,
08/21/12,0.162,
08/22/12,0.165,
08/23/12,0.204,
08/24/12,0.213,
08/27/12,0.192,
08/28/12,0.162,
08/29/12,0.151,
08/30/12,0.19,
08/31/12,0.263,
09/04/12,0.25,
09/05/12,0.246,
09/06/12,0.27,
09/07/12,0.257,
09/10/12,0.254,
09/11/12,0.263,
09/12/12,0.261,
09/13/12,0.289,
09/14/12,0.304,
09/17/12,0.263,
09/18/12,0.25,
09/19/12,0.249,
09/20/12,0.25,
09/21/12,0.249,
09/24/12,0.26,
09/25/12,0.264,
09/26/12,0.247,
09/27/12,0.236,
09/28/12,0.338,
10/01/12,0.306,
10/02/12,0.3,
10/03/12,0.28,
10/04/12,0.281,
10/05/12,0.277,
10/09/12,0.264,
10/10/12,0.262,
10/11/12,0.278,
10/12/12,0.276,
10/15/12,0.297,
10/16/12,0.273,
10/17/12,0.262,
10/18/12,0.263,
10/19/12,0.239,
10/22/12,0.208,
10/23/12,0.192,
10/24/12,0.237,
10/25/12,0.261,
10/26/12,0.221,
10/29/12,0.526,
10/31/12,0.4,
11/01/12,0.301,
11/02/12,0.25,
11/05/12,0.226,
11/06/12,0.209,
11/07/12,0.195,
11/08/12,0.247,
11/09/12,0.249,
11/13/12,0.246,
11/14/12,0.252,
11/15/12,0.26,
11/16/12,0.224,
11/19/12,0.194,
11/20/12,0.208,
11/21/12,0.229,
11/23/12,0.288,
11/26/12,0.247,
11/27/12,0.209,
11/28/12,0.191,
11/29/12,0.212,
11/30/12,0.275,
12/03/12,0.257,
12/04/12,0.264,
12/05/12,0.266,
12/06/12,0.281,
12/07/12,0.26,
12/10/12,0.229,
12/11/12,0.251,
12/12/12,0.224,
12/13/12,0.23,
12/14/12,0.255,
12/17/12,0.262,
12/18/12,0.238,
12/19/12,0.23,
12/20/12,0.233,
12/21/12,0.223,
12/24/12,0.256,
12/26/12,0.222,
12/27/12,0.216,
12/28/12,0.221,
12/31/12,0.29,
01/02/13,0.231,
01/03/13,0.184,
01/04/13,0.172,
01/07/13,0.153,
01/08/13,0.141,
01/09/13,0.123,
01/10/13,0.131,
01/11/13,0.148,
01/14/13,0.178,
01/15/13,0.193,
01/16/13,0.148,
01/17/13,0.118,
01/18/13,0.099,
01/22/13,0.08,
01/23/13,0.085,
01/24/13,0.172,
01/25/13,0.154,
01/28/13,0.082,
01/29/13,0.051,
01/30/13,0.092,
01/31/13,0.195,
02/01/13,0.148,
02/04/13,0.117,
02/05/13,0.081,
02/06/13,0.077,
02/07/13,0.115,
02/08/13,0.134,
02/11/13,0.094,
02/12/13,0.097,
02/13/13,0.141,
02/14/13,0.171,
02/15/13,0.2,
02/19/13,0.158,
02/20/13,0.188,
02/21/13,0.194,
02/22/13,0.193,
02/25/13,0.144,
02/26/13,0.107,
02/27/13,0.121,
02/28/13,0.239,
03/01/13,0.219,
03/04/13,0.198,
03/05/13,0.168,
03/06/13,0.189,
03/07/13,0.198,
03/08/13,0.199,
03/11/13,0.174,
03/12/13,0.143,
03/13/13,0.111,
03/14/13,0.169,
03/15/13,0.211,
03/18/13,0.162,
03/19/13,0.161,
03/20/13,0.16,
03/21/13,0.143,
03/22/13,0.165,
03/25/13,0.155,
03/26/13,0.12,
03/27/13,0.143,
03/28/13,0.268,
04/01/13,0.244,
04/02/13,0.179,
04/03/13,0.138,
04/04/13,0.193,
04/05/13,0.191,
04/08/13,0.18,
04/09/13,0.192,
04/10/13,0.202,
04/11/13,0.216,
04/12/13,0.201,
04/15/13,0.194,
04/16/13,0.196,
04/17/13,0.18,
04/18/13,0.165,
04/19/13,0.152,
04/22/13,0.113,
04/23/13,0.072,
04/24/13,0.115,
04/25/13,0.114,
04/26/13,0.098,
04/29/13,0.102,
04/30/13,0.213,
05/01/13,0.194,
05/02/13,0.188,
05/03/13,0.153,
05/06/13,0.131,
05/07/13,0.107,
05/08/13,0.101,
05/09/13,0.102,
05/10/13,0.104,
05/13/13,0.085,
05/14/13,0.077,
05/15/13,0.112,
05/16/13,0.075,
05/17/13,0.062,
05/20/13,0.05,
05/21/13,0.022,
05/22/13,0.018,
05/23/13,0.041,
05/24/13,0.06,
05/28/13,0.036,
05/29/13,0.016,
05/30/13,0.022,
05/31/13,0.123,
06/03/13,0.111,
06/04/13,0.119,
06/05/13,0.072,
06/06/13,0.086,
06/07/13,0.068,
06/10/13,0.057,
06/11/13,0.053,
06/12/13,0.055,
06/13/13,0.055,
06/14/13,0.079,
06/17/13,0.118,
06/18/13,0.106,
06/19/13,0.068,
06/20/13,0.053,
06/21/13,0.055,
06/24/13,0.071,
06/25/13,0.035,
06/26/13,0.027,
06/27/13,0.07,
06/28/13,0.142,
07/01/13,0.113,
07/02/13,0.089,
07/03/13,0.096,
07/05/13,0.106,
07/08/13,0.057,
07/09/13,0.039,
07/10/13,0.036,
07/11/13,0.036,
07/12/13,0.052,
07/15/13,0.073,
07/16/13,0.024,
07/17/13,0.025,
07/18/13,0.032,
07/19/13,0.033,
07/22/13,0.028,
07/23/13,0.02,
07/24/13,0.047,
07/25/13,0.046,
07/26/13,0.035,
07/29/13,0.04,
07/30/13,0.043,
07/31/13,0.096,
08/01/13,0.075,
08/02/13,0.09,
08/05/13,0.098,
08/06/13,0.082,
08/07/13,0.059,
08/08/13,0.063,
08/09/13,0.061,
08/12/13,0.063,
08/13/13,0.058,
08/14/13,0.046,
08/15/13,0.084,
08/16/13,0.052,
08/19/13,0.042,
08/20/13,0.029,
08/21/13,0.017,
08/22/13,0.022,
08/23/13,0.042,
08/26/13,0.035,
08/27/13,0.023,
08/28/13,0.03,
08/29/13,0.059,
08/30/13,0.07,
09/03/13,0.101,
09/04/13,0.08,
09/05/13,0.075,
09/06/13,0.074,
09/09/13,0.059,
09/10/13,0.051,
09/11/13,0.062,
09/12/13,0.07,
09/13/13,0.073,
09/16/13,0.085,
09/17/13,0.071,
09/18/13,0.054,
09/19/13,0.052,
09/20/13,0.051,
09/23/13,0.05,
09/24/13,0.049,
09/25/13,0.061,
09/26/13,0.053,
09/27/13,0.043,
09/30/13,0.101,
10/01/13,0.072,
10/02/13,0.071,
10/03/13,0.078,
10/04/13,0.089,
10/07/13,0.077,
10/08/13,0.088,
10/09/13,0.14,
10/10/13,0.23,
10/11/13,0.176,
10/15/13,0.219,
10/16/13,0.255,
10/17/13,0.187,
10/18/13,0.135,
10/21/13,0.064,
10/22/13,0.042,
10/23/13,0.045,
10/24/13,0.086,
10/25/13,0.108,
10/28/13,0.101,
10/29/13,0.098,
10/30/13,0.08,
10/31/13,0.13,
11/01/13,0.092,
11/04/13,0.077,
11/05/13,0.069,
11/06/13,0.065,
11/07/13,0.111,
11/08/13,0.097,
11/12/13,0.09,
11/13/13,0.083,
11/14/13,0.127,
11/15/13,0.138,
11/18/13,0.098,
11/19/13,0.09,
11/20/13,0.08,
11/21/13,0.097,
11/22/13,0.104,
11/25/13,0.101,
11/26/13,0.094,
11/27/13,0.099,
11/29/13,0.11,
12/02/13,0.132,
12/03/13,0.102,
12/04/13,0.083,
12/05/13,0.09,
12/06/13,0.085,
12/09/13,0.076,
12/10/13,0.066,
12/11/13,0.047,
12/12/13,0.05,
12/13/13,0.06,
12/16/13,0.103,
12/17/13,0.092,
12/18/13,0.087,
12/19/13,0.079,
12/20/13,0.062,
12/23/13,0.046,
12/24/13,0.045,
12/26/13,0.045,
12/27/13,0.032,
12/30/13,0.017,
12/31/13,0.01,
01/02/14,0.051,
01/03/14,0.063,
01/06/14,0.037,
01/07/14,0.041,
01/08/14,0.039,
01/09/14,0.036,
01/10/14,0.036,
01/13/14,0.035,
01/14/14,0.037,
01/15/14,0.038,
01/16/14,0.032,
01/17/14,0.029,
01/21/14,0.028,
01/22/14,0.026,
01/23/14,0.023,
01/24/14,0.029,
01/27/14,0.025,
01/28/14,0.021,
01/29/14,0.022,
01/30/14,0.034,
01/31/14,0.053,
02/03/14,0.039,
02/04/14,0.037,
02/05/14,0.034,
02/06/14,0.036,
02/07/14,0.035,
02/10/14,0.034,
02/11/14,0.051,
02/12/14,0.039,
02/13/14,0.038,
02/14/14,0.037,
02/18/14,0.055,
02/19/14,0.049,
02/20/14,0.047,
02/21/14,0.039,
02/24/14,0.04,
02/25/14,0.041,
02/26/14,0.048,
02/27/14,0.054,
02/28/14,0.096,
03/03/14,0.089,
03/04/14,0.086,
03/05/14,0.09,
03/06/14,0.102,
03/07/14,0.093,
03/10/14,0.084,
03/11/14,0.075,
03/12/14,0.067,
03/13/14,0.078,
03/14/14,0.072,
03/17/14,0.108,
03/18/14,0.082,
03/19/14,0.069,
03/20/14,0.071,
03/21/14,0.066,
03/24/14,0.073,
03/25/14,0.068,
03/26/14,0.058,
03/27/14,0.064,
03/28/14,0.061,
03/31/14,0.099,
04/01/14,0.067,
04/02/14,0.069,
04/03/14,0.072,
04/04/14,0.07,
04/07/14,0.07,
04/08/14,0.066,
04/09/14,0.067,
04/10/14,0.067,
04/11/14,0.067,
04/14/14,0.068,
04/15/14,0.084,
04/16/14,0.075,
04/17/14,0.066,
04/21/14,0.058,
04/22/14,0.054,
04/23/14,0.061,
04/24/14,0.059,
04/25/14,0.056,
04/28/14,0.051,
04/29/14,0.05,
04/30/14,0.062,
05/01/14,0.057,
05/02/14,0.06,
05/05/14,0.058,
05/06/14,0.056,
05/07/14,0.055,
05/08/14,0.062,
05/09/14,0.057,
05/12/14,0.055,
05/13/14,0.054,
05/14/14,0.054,
05/15/14,0.062,
05/16/14,0.06,
05/19/14,0.058,
05/20/14,0.056,
05/21/14,0.056,
05/22/14,0.059,
05/23/14,0.071,
05/27/14,0.074,
05/28/14,0.08,
05/29/14,0.105,
05/30/14,0.111,
06/02/14,0.117,
06/03/14,0.107,
06/04/14,0.096,
06/05/14,0.118,
06/06/14,0.104,
06/09/14,0.115,
06/10/14,0.113,
06/11/14,0.131,
06/12/14,0.124,
06/13/14,0.121,
06/16/14,0.134,
06/17/14,0.115,
06/18/14,0.103,
06/19/14,0.094,
06/20/14,0.087,
06/23/14,0.083,
06/24/14,0.115,
06/25/14,0.124,
06/26/14,0.149,
06/27/14,0.163,
06/30/14,0.155,
07/01/14,0.123,
07/02/14,0.089,
07/03/14,0.097,
07/07/14,0.086,
07/08/14,0.078,
07/09/14,0.078,
07/10/14,0.088,
07/11/14,0.09,
07/14/14,0.09,
07/15/14,0.121,
07/16/14,0.103,
07/17/14,0.107,
07/18/14,0.089,
07/21/14,0.083,
07/22/14,0.073,
07/23/14,0.074,
07/24/14,0.114,
07/25/14,0.109,
07/28/14,0.094,
07/29/14,0.089,
07/30/14,0.088,
07/31/14,0.144,
08/01/14,0.114,
08/04/14,0.093,
08/05/14,0.081,
08/06/14,0.077,
08/07/14,0.087,
08/08/14,0.077,
08/11/14,0.083,
08/12/14,0.076,
08/13/14,0.07,
08/14/14,0.091,
08/15/14,0.119,
08/18/14,0.102,
08/19/14,0.08,
08/20/14,0.07,
08/21/14,0.072,
08/22/14,0.091,
08/25/14,0.084,
08/26/14,0.062,
08/27/14,0.056,
08/28/14,0.06,
08/29/14,0.084,
09/02/14,0.099,
09/03/14,0.096,
09/04/14,0.11,
09/05/14,0.093,
09/08/14,0.084,
09/09/14,0.067,
09/10/14,0.065,
09/11/14,0.066,
09/12/14,0.096,
09/15/14,0.104,
09/16/14,0.074,
09/17/14,0.066,
09/18/14,0.063,
09/19/14,0.059,
09/22/14,0.047,
09/23/14,0.05,
09/24/14,0.058,
09/25/14,0.059,
09/26/14,0.061,
09/29/14,0.045,
09/30/14,0.018,
10/01/14,0.068,
10/02/14,0.079,
10/03/14,0.078,
10/06/14,0.086,
10/07/14,0.084,
10/08/14,0.078,
10/09/14,0.098,
10/10/14,0.102,
10/14/14,0.112,
10/15/14,0.149,
10/16/14,0.189,
10/17/14,0.179,
10/20/14,0.125,
10/21/14,0.127,
10/22/14,0.111,
10/23/14,0.119,
10/24/14,0.154,
10/27/14,0.136,
10/28/14,0.108,
10/29/14,0.113,
10/30/14,0.139,
10/31/14,0.198,
11/03/14,0.149,
11/04/14,0.12,
11/05/14,0.11,
11/06/14,0.116,
11/07/14,0.11,
11/10/14,0.121,
11/12/14,0.125,
11/13/14,0.142,
11/14/14,0.147,
11/17/14,0.168,
11/18/14,0.129,
11/19/14,0.123,
11/20/14,0.129,
11/21/14,0.111,
11/24/14,0.135,
11/25/14,0.128,
11/26/14,0.141,
11/28/14,0.221,
12/01/14,0.215,
12/02/14,0.196,
12/03/14,0.175,
12/04/14,0.202,
12/05/14,0.196,
12/08/14,0.173,
12/09/14,0.158,
12/10/14,0.158,
12/11/14,0.189,
12/12/14,0.18,
12/15/14,0.201,
12/16/14,0.187,
12/17/14,0.19,
12/18/14,0.204,
12/19/14,0.184,
12/22/14,0.165,
12/23/14,0.137,
12/24/14,0.135,
12/26/14,0.149,
12/29/14,0.146,
12/30/14,0.14,
12/31/14,0.249,
01/02/15,0.174,
01/05/15,0.135,
01/06/15,0.115,
01/07/15,0.127,
01/08/15,0.135,
01/09/15,0.131,
01/12/15,0.136,
01/13/15,0.142,
01/14/15,0.153,
01/15/15,0.181,
01/16/15,0.159,
01/20/15,0.126,
01/21/15,0.107,
01/22/15,0.094,
01/23/15,0.113,
01/26/15,0.103,
01/27/15,0.103,
01/28/15,0.077,
01/29/15,0.095,
01/30/15,0.143,
02/02/15,0.165,
02/03/15,0.154,
02/04/15,0.143,
02/05/15,0.191,
02/06/15,0.185,
02/09/15,0.178,
02/10/15,0.158,
02/11/15,0.146,
02/12/15,0.163,
02/13/15,0.149,
02/17/15,0.145,
02/18/15,0.125,
02/19/15,0.095,
02/20/15,0.08,
02/23/15,0.059,
02/24/15,0.063,
02/25/15,0.063,
02/26/15,0.101,
02/27/15,0.153,
03/02/15,0.155,
03/03/15,0.158,
03/04/15,0.17,
03/05/15,0.172,
03/06/15,0.171,
03/09/15,0.17,
03/10/15,0.149,
03/11/15,0.143,
03/12/15,0.168,
03/13/15,0.183,
03/16/15,0.229,
03/17/15,0.229,
03/18/15,0.175,
03/19/15,0.148,
03/20/15,0.128,
03/23/15,0.126,
03/24/15,0.193,
03/25/15,0.207,
03/26/15,0.207,
03/27/15,0.206,
03/30/15,0.217,
03/31/15,0.45,
04/01/15,0.237,
04/02/15,0.25,
04/06/15,0.217,
04/07/15,0.214,
04/08/15,0.21,
04/09/15,0.233,
04/10/15,0.228,
04/13/15,0.224,
04/14/15,0.226,
04/15/15,0.256,
04/16/15,0.246,
04/17/15,0.219,
04/20/15,0.156,
04/21/15,0.123,
04/22/15,0.103,
04/23/15,0.1,
04/24/15,0.152,
04/27/15,0.16,
04/28/15,0.132,
04/29/15,0.136,
04/30/15,0.262,
05/01/15,0.212,
05/04/15,0.155,
05/05/15,0.151,
05/06/15,0.133,
05/07/15,0.126,
05/08/15,0.137,
05/11/15,0.148,
05/12/15,0.175,
05/13/15,0.179,
05/14/15,0.172,
05/15/15,0.184,
05/18/15,0.109,
05/19/15,0.088,
05/20/15,0.078,
05/21/15,0.116,
05/22/15,0.146,
05/26/15,0.146,
05/27/15,0.108,
05/28/15,0.133,
05/29/15,0.214,
06/01/15,0.197,
06/02/15,0.183,
06/03/15,0.209,
06/04/15,0.203,
06/05/15,0.19,
06/08/15,0.177,
06/09/15,0.172,
06/10/15,0.18,
06/11/15,0.195,
06/12/15,0.202,
06/15/15,0.222,
06/16/15,0.206,
06/17/15,0.174,
06/18/15,0.152,
06/19/15,0.115,
06/22/15,0.096,
06/23/15,0.083,
06/24/15,0.179,
06/25/15,0.189,
06/26/15,0.217,
06/29/15,0.182,
06/30/15,0.423,
07/01/15,0.188,
07/02/15,0.182,
07/06/15,0.177,
07/07/15,0.185,
07/08/15,0.195,
07/09/15,0.204,
07/10/15,0.216,
07/13/15,0.211,
07/14/15,0.212,
07/15/15,0.241,
07/16/15,0.218,
07/17/15,0.175,
07/20/15,0.151,
07/21/15,0.12,
07/22/15,0.111,
07/23/15,0.152,
07/24/15,0.228,
07/27/15,0.232,
07/28/15,0.227,
07/29/15,0.231,
07/30/15,0.273,
07/31/15,0.316,
08/03/15,0.258,
08/04/15,0.248,
08/05/15,0.255,
08/06/15,0.264,
08/07/15,0.273,
08/10/15,0.261,
08/11/15,0.259,
08/12/15,0.282,
08/13/15,0.27,
08/14/15,0.26,
08/17/15,0.274,
08/18/15,0.244,
08/19/15,0.227,
08/20/15,0.205,
08/21/15,0.177,
08/24/15,0.24,
08/25/15,0.213,
08/26/15,0.188,
08/27/15,0.178,
08/28/15,0.194,
08/31/15,0.286,
09/01/15,0.266,
09/02/15,0.228,
09/03/15,0.188,
09/04/15,0.165,
09/08/15,0.146,
09/09/15,0.152,
09/10/15,0.209,
09/11/15,0.198,
09/14/15,0.181,
09/15/15,0.21,
09/16/15,0.176,
09/17/15,0.177,
09/18/15,0.138,
09/21/15,0.145,
09/22/15,0.145,
09/23/15,0.12,
09/24/15,0.178,
09/25/15,0.155,
09/28/15,0.143,
09/29/15,0.134,
09/30/15,0.352,
10/01/15,0.186,
10/02/15,0.163,
10/05/15,0.146,
10/06/15,0.157,
10/07/15,0.161,
10/08/15,0.174,
10/09/15,0.195,
10/13/15,0.203,
10/14/15,0.228,
10/15/15,0.247,
10/16/15,0.232,
10/19/15,0.186,
10/20/15,0.167,
10/21/15,0.121,
10/22/15,0.094,
10/23/15,0.169,
10/26/15,0.137,
10/27/15,0.106,
10/28/15,0.101,
10/29/15,0.118,
10/30/15,0.153,
11/02/15,0.117,
11/03/15,0.165,
11/04/15,0.15,
11/05/15,0.207,
11/06/15,0.156,
11/09/15,0.137,
11/10/15,0.124,
11/12/15,0.173,
11/13/15,0.165,
11/16/15,0.175,
11/17/15,0.148,
11/18/15,0.104,
11/19/15,0.116,
11/20/15,0.084,
11/23/15,0.075,
11/24/15,0.152,
11/25/15,0.166,
11/27/15,0.232,
11/30/15,0.23,
12/01/15,0.183,
12/02/15,0.201,
12/03/15,0.234,
12/04/15,0.244,
12/07/15,0.275,
12/08/15,0.303,
12/09/15,0.31,
12/10/15,0.262,
12/11/15,0.226,
12/14/15,0.235,
12/15/15,0.329,
12/16/15,0.4,
12/17/15,0.45,
12/18/15,0.436,
12/21/15,0.395,
12/22/15,0.352,
12/23/15,0.401,
12/24/15,0.539,
12/28/15,0.549,
12/29/15,0.501,
12/30/15,0.475,
12/31/15,0.639,
01/04/16,0.474,
01/05/16,0.48,
01/06/16,0.494,
01/07/16,0.466,
01/08/16,0.457,
01/11/16,0.449,
01/12/16,0.44,
01/13/16,0.434,
01/14/16,0.433,
01/15/16,0.444,
01/19/16,0.445,
01/20/16,0.469,
01/21/16,0.508,
01/22/16,0.568,
01/25/16,0.487,
01/26/16,0.465,
01/27/16,0.463,
01/28/16,0.516,
01/29/16,0.533,
02/01/16,0.485,
02/02/16,0.501,
02/03/16,0.49,
02/04/16,0.517,
02/05/16,0.503,
02/08/16,0.481,
02/09/16,0.491,
02/10/16,0.495,
02/11/16,0.517,
02/12/16,0.483,
02/16/16,0.506,
02/17/16,0.485,
02/18/16,0.482,
02/19/16,0.459,
02/22/16,0.426,
02/23/16,0.383,
02/24/16,0.454,
02/25/16,0.444,
02/26/16,0.388,
02/29/16,0.462,
03/01/16,0.411,
03/02/16,0.423,
03/03/16,0.438,
03/04/16,0.417,
03/07/16,0.417,
03/08/16,0.415,
03/09/16,0.419,
03/10/16,0.457,
03/11/16,0.452,
03/14/16,0.437,
03/15/16,0.472,
03/16/16,0.437,
03/17/16,0.438,
03/18/16,0.391,
03/21/16,0.361,
03/22/16,0.322,
03/23/16,0.376,
03/24/16,0.489,
03/28/16,0.493,
03/29/16,0.469,
03/30/16,0.431,
03/31/16,0.639,
04/01/16,0.504,
04/04/16,0.466,
04/05/16,0.428,
04/06/16,0.428,
04/07/16,0.442,
04/08/16,0.442,
04/11/16,0.453,
04/12/16,0.451,
04/13/16,0.45,
04/14/16,0.454,
04/15/16,0.486,
04/18/16,0.433,
04/19/16,0.375,
04/20/16,0.352,
04/21/16,0.348,
04/22/16,0.43,
04/25/16,0.398,
04/26/16,0.379,
04/27/16,0.354,
04/28/16,0.341,
04/29/16,0.402,
05/02/16,0.384,
05/03/16,0.402,
05/04/16,0.408,
05/05/16,0.43,
05/06/16,0.437,
05/09/16,0.43,
05/10/16,0.436,
05/11/16,0.423,
05/12/16,0.429,
05/13/16,0.447,
05/16/16,0.451,
05/17/16,0.425,
05/18/16,0.379,
05/19/16,0.337,
05/20/16,0.315,
05/23/16,0.288,
05/24/16,0.384,
05/25/16,0.324,
05/26/16,0.295,
05/27/16,0.325,
05/31/16,0.442,
06/01/16,0.42,
06/02/16,0.434,
06/03/16,0.434,
06/06/16,0.419,
06/07/16,0.454,
06/08/16,0.456,
06/09/16,0.483,
06/10/16,0.492,
06/13/16,0.486,
06/14/16,0.488,
06/15/16,0.531,
06/16/16,0.518,
06/17/16,0.491,
06/20/16,0.484,
06/21/16,0.494,
06/22/16,0.548,
06/23/16,0.614,
06/24/16,0.855,
06/27/16,0.761,
06/28/16,0.641,
06/29/16,0.569,
06/30/16,0.875,
07/01/16,0.582,
07/05/16,0.502,
07/06/16,0.51,
07/07/16,0.517,
07/08/16,0.53,
07/11/16,0.508,
07/12/16,0.482,
07/13/16,0.474,
07/14/16,0.481,
07/15/16,0.503,
07/18/16,0.432,
07/19/16,0.393,
07/20/16,0.395,
07/21/16,0.442,
07/22/16,0.461,
07/25/16,0.447,
07/26/16,0.447,
07/27/16,0.449,
07/28/16,0.481,
07/29/16,0.539,
08/01/16,0.532,
08/02/16,0.526,
08/03/16,0.482,
08/04/16,0.53,
08/05/16,0.522,
08/08/16,0.471,
08/09/16,0.459,
08/10/16,0.474,
08/11/16,0.521,
08/12/16,0.515,
08/15/16,0.557,
08/16/16,0.527,
08/17/16,0.518,
08/18/16,0.525,
08/19/16,0.487,
08/22/16,0.402,
08/23/16,0.409,
08/24/16,0.458,
08/25/16,0.508,
08/26/16,0.504,
08/29/16,0.498,
08/30/16,0.485,
08/31/16,0.556,
09/01/16,0.549,
09/02/16,0.5,
09/06/16,0.494,
09/07/16,0.505,
09/08/16,0.56,
09/09/16,0.54,
09/12/16,0.526,
09/13/16,0.517,
09/14/16,0.485,
09/15/16,0.541,
09/16/16,0.423,
09/19/16,0.408,
09/20/16,0.419,
09/21/16,0.414,
09/22/16,0.433,
09/23/16,0.506,
09/26/16,0.577,
09/27/16,0.681,
09/28/16,0.79,
09/29/16,0.891,
09/30/16,1.266,
10/03/16,0.747,
10/04/16,0.749,
10/05/16,0.662,
10/06/16,0.602,
10/07/16,0.481,
10/11/16,0.52,
10/12/16,0.539,
10/13/16,0.511,
10/14/16,0.478,
10/17/16,0.519,
10/18/16,0.416,
10/19/16,0.363,
10/20/16,0.395,
10/21/16,0.334,
10/24/16,0.427,
10/25/16,0.444,
10/26/16,0.474,
10/27/16,0.5,
10/28/16,0.414,
10/31/16,0.493,
11/01/16,0.432,
11/02/16,0.425,
11/03/16,0.496,
11/04/16,0.453,
11/07/16,0.443,
11/08/16,0.451,
11/09/16,0.477,
11/10/16,0.501,
11/14/16,0.428,
11/15/16,0.414,
11/16/16,0.388,
11/17/16,0.35,
11/18/16,0.286,
11/21/16,0.252,
11/22/16,0.244,
11/23/16,0.306,
11/25/16,0.346,
11/28/16,0.298,
11/29/16,0.276,
11/30/16,0.324,
12/01/16,0.277,
12/02/16,0.294,
12/05/16,0.278,
12/06/16,0.268,
12/07/16,0.284,
12/08/16,0.304,
12/09/16,0.374,
12/12/16,0.37,
12/13/16,0.312,
12/14/16,0.264,
12/15/16,0.538,
12/16/16,0.55,
12/19/16,0.505,
12/20/16,0.481,
12/21/16,0.448,
12/22/16,0.486,
12/23/16,0.56,
12/27/16,0.586,
12/28/16,0.665,
12/29/16,0.564,
12/30/16,0.471,
01/03/17,0.588,
01/04/17,0.67,
01/05/17,0.622,
01/06/17,0.619,
01/09/17,0.572,
01/10/17,0.535,
01/11/17,0.549,
01/12/17,0.604,
01/13/17,0.663,
01/17/17,0.763,
01/18/17,0.692,
01/19/17,0.569,
01/20/17,0.538,
01/23/17,0.5,
01/24/17,0.613,
01/25/17,0.605,
01/26/17,0.61,
01/27/17,0.593,
01/30/17,0.602,
01/31/17,0.695,
02/01/17,0.629,
02/02/17,0.597,
02/03/17,0.605,
02/06/17,0.588,
02/07/17,0.57,
02/08/17,0.553,
02/09/17,0.652,
02/10/17,0.621,
02/13/17,0.581,
02/14/17,0.582,
02/15/17,0.64,
02/16/17,0.564,
02/17/17,0.514,
02/21/17,0.495,
02/22/17,0.489,
02/23/17,0.499,
02/24/17,0.547,
02/27/17,0.532,
02/28/17,0.596,
03/01/17,0.533,
03/02/17,0.536,
03/03/17,0.536,
03/06/17,0.533,
03/07/17,0.527,
03/08/17,0.53,
03/09/17,0.529,
03/10/17,0.523,
03/13/17,0.506,
03/14/17,0.589,
03/15/17,0.582,
03/16/17,0.81,
03/17/17,0.756,
03/20/17,0.759,
03/21/17,0.759,
03/22/17,0.752,
03/23/17,0.798,
03/24/17,0.838,
03/27/17,0.815,
03/28/17,0.803,
03/29/17,0.797,
03/30/17,0.851,
03/31/17,1.025,
04/03/17,0.832,
04/04/17,0.832,
04/05/17,0.852,
04/06/17,0.908,
04/07/17,0.897,
04/10/17,0.879,
04/11/17,0.868,
04/12/17,0.892,
04/13/17,0.984,
04/17/17,0.993,
04/18/17,0.915,
04/19/17,0.836,
04/20/17,0.803,
04/21/17,0.802,
04/24/17,0.869,
04/25/17,0.846,
04/26/17,0.87,
04/27/17,0.9,
04/28/17,1.002,
05/01/17,0.884,
05/02/17,0.844,
05/03/17,0.844,
05/04/17,0.863,
05/05/17,0.856,
05/08/17,0.839,
05/09/17,0.813,
05/10/17,0.816,
05/11/17,0.829,
05/12/17,0.811,
05/15/17,0.859,
05/16/17,0.832,
05/17/17,0.841,
05/18/17,0.839,
05/19/17,0.805,
05/22/17,0.795,
05/23/17,0.791,
05/24/17,0.868,
05/25/17,0.92,
05/26/17,0.921,
05/30/17,0.885,
05/31/17,0.991,
06/01/17,0.95,
06/02/17,0.928,
06/05/17,0.928,
06/06/17,0.938,
06/07/17,0.951,
06/08/17,0.98,
06/09/17,0.994,
06/12/17,0.993,
06/13/17,1.008,
06/14/17,1.075,
06/15/17,1.312,
06/16/17,1.253,
06/19/17,1.173,
06/20/17,1.109,
06/21/17,1.06,
06/22/17,1.072,
06/23/17,1.164,
06/26/17,1.134,
06/27/17,1.101,
06/28/17,1.123,
06/29/17,1.212,
06/30/17,1.366,
07/03/17,1.222,
07/05/17,1.134,
07/06/17,1.095,
07/07/17,1.04,
07/10/17,1.029,
07/11/17,1.013,
07/12/17,1.041,
07/13/17,1.065,
07/14/17,1.079,
07/17/17,1.127,
07/18/17,1.071,
07/19/17,1.055,
07/20/17,1.071,
07/21/17,1.063,
07/24/17,1.13,
07/25/17,1.127,
07/26/17,1.101,
07/27/17,1.111,
07/28/17,1.085,
07/31/17,1.171,
08/01/17,1.072,
08/02/17,1.055,
08/03/17,1.07,
08/04/17,1.06,
08/07/17,1.066,
08/08/17,1.058,
08/09/17,1.074,
08/10/17,1.132,
08/11/17,1.157,
08/14/17,1.175,
08/15/17,1.211,
08/16/17,1.169,
08/17/17,1.185,
08/18/17,1.145,
08/21/17,1.093,
08/22/17,1.073,
08/23/17,1.085,
08/24/17,1.177,
08/25/17,1.152,
08/28/17,1.148,
08/29/17,1.111,
08/30/17,1.114,
08/31/17,1.227,
09/01/17,1.177,
09/05/17,1.112,
09/06/17,1.118,
09/07/17,1.123,
09/08/17,1.117,
09/11/17,1.138,
09/12/17,1.134,
09/13/17,1.133,
09/14/17,1.202,
09/15/17,1.194,
09/18/17,1.086,
09/19/17,1.023,
09/20/17,1.022,
09/21/17,1.037,
09/22/17,1.06,
09/25/17,1.052,
09/26/17,1.033,
09/27/17,1.028,
09/28/17,1.062,
09/29/17,1.203,
10/02/17,1.122,
10/03/17,1.103,
10/04/17,1.094,
10/05/17,1.135,
10/06/17,1.127,
10/10/17,1.114,
10/11/17,1.11,
10/12/17,1.081,
10/13/17,1.148,
10/16/17,1.178,
10/17/17,1.161,
10/18/17,1.145,
10/19/17,1.174,
10/20/17,1.201,
10/23/17,1.177,
10/24/17,1.155,
10/25/17,1.15,
10/26/17,1.176,
10/27/17,1.137,
10/30/17,1.124,
10/31/17,1.215,
11/01/17,1.182,
11/02/17,1.21,
11/03/17,1.196,
11/06/17,1.171,
11/07/17,1.16,
11/08/17,1.159,
11/09/17,1.204,
11/10/17,1.2,
11/13/17,1.196,
11/14/17,1.244,
11/15/17,1.288,
11/16/17,1.303,
11/17/17,1.254,
11/20/17,1.183,
11/21/17,1.135,
11/22/17,1.118,
11/24/17,1.219,
11/27/17,1.177,
11/28/17,1.113,
11/29/17,1.057,
11/30/17,1.154,
12/01/17,1.109,
12/04/17,1.116,
12/05/17,1.17,
12/06/17,1.167,
12/07/17,1.142,
12/08/17,1.103,
12/11/17,1.114,
12/12/17,1.114,
12/13/17,1.12,
12/14/17,1.438,
12/15/17,1.498,
12/18/17,1.468,
12/19/17,1.465,
12/20/17,1.463,
12/21/17,1.501,
12/22/17,1.532,
12/26/17,1.527,
12/27/17,1.495,
12/28/17,1.574,
12/29/17,1.836,
01/02/18,1.604,
01/03/18,1.546,
01/04/18,1.536,
01/05/18,1.445,
01/08/18,1.411,
01/09/18,1.371,
01/10/18,1.339,
01/11/18,1.448,
01/12/18,1.483,
01/16/18,1.525,
01/17/18,1.48,
01/18/18,1.429,
01/19/18,1.398,
01/22/18,1.379,
01/23/18,1.372,
01/24/18,1.464,
01/25/18,1.449,
01/26/18,1.437,
01/29/18,1.396,
01/30/18,1.398,
01/31/18,1.45,
02/01/18,1.435,
02/02/18,1.397,
02/05/18,1.381,
02/06/18,1.354,
02/07/18,1.377,
02/08/18,1.438,
02/09/18,1.409,
02/12/18,1.396,
02/13/18,1.396,
02/14/18,1.389,
02/15/18,1.485,
02/16/18,1.475,
02/20/18,1.398,
02/21/18,1.382,
02/22/18,1.416,
02/23/18,1.417,
02/26/18,1.449,
02/27/18,1.45,
02/28/18,1.476,
03/01/18,1.575,
03/02/18,1.534,
03/05/18,1.519,
03/06/18,1.508,
03/07/18,1.503,
03/08/18,1.569,
03/09/18,1.556,
03/12/18,1.526,
03/13/18,1.532,
03/14/18,1.548,
03/15/18,1.636,
03/16/18,1.572,
03/19/18,1.569,
03/20/18,1.552,
03/21/18,1.519,
03/22/18,1.755,
03/23/18,1.794,
03/26/18,1.816,
03/27/18,1.802,
03/28/18,1.809,
03/29/18,2.068,
04/02/18,1.95,
04/03/18,1.93,
04/04/18,1.795,
04/05/18,1.83,
04/06/18,1.819,
04/09/18,1.834,
04/10/18,1.825,
04/11/18,1.823,
04/12/18,1.786,
04/13/18,1.796,
04/16/18,1.836,
04/17/18,1.829,
04/18/18,1.804,
04/19/18,1.777,
04/20/18,1.759,
04/23/18,1.742,
04/24/18,1.755,
04/25/18,1.756,
04/26/18,1.776,
04/27/18,1.772,
04/30/18,1.827,
05/01/18,1.808,
05/02/18,1.789,
05/03/18,1.777,
05/04/18,1.767,
05/07/18,1.766,
05/08/18,1.778,
05/09/18,1.771,
05/10/18,1.793,
05/11/18,1.8,
05/14/18,1.794,
05/15/18,1.837,
05/16/18,1.789,
05/17/18,1.8,
05/18/18,1.762,
05/21/18,1.715,
05/22/18,1.67,
05/23/18,1.714,
05/24/18,1.791,
05/25/18,1.795,
05/29/18,1.794,
05/30/18,1.801,
05/31/18,1.985,
06/01/18,1.884,
06/04/18,1.841,
06/05/18,1.796,
06/06/18,1.781,
06/07/18,1.766,
06/08/18,1.755,
06/11/18,1.739,
06/12/18,1.762,
06/13/18,1.743,
06/14/18,1.955,
06/15/18,1.996,
06/18/18,1.939,
06/19/18,1.93,
06/20/18,1.921,
06/21/18,1.966,
06/22/18,1.975,
06/25/18,1.955,
06/26/18,1.964,
06/27/18,1.953,
06/28/18,2.045,
06/29/18,2.233,
07/02/18,2.11,
07/03/18,2.049,
07/05/18,2.025,
07/06/18,1.974,
07/09/18,1.946,
07/10/18,1.962,
07/11/18,1.938,
07/12/18,1.946,
07/13/18,1.995,
07/16/18,2.025,
07/17/18,1.983,
07/18/18,1.921,
07/19/18,1.954,
07/20/18,1.948,
07/23/18,1.923,
07/24/18,1.916,
07/25/18,1.956,
07/26/18,1.953,
07/27/18,1.922,
07/30/18,1.936,
07/31/18,1.979,
08/01/18,1.964,
08/02/18,1.967,
08/03/18,1.942,
08/06/18,1.959,
08/07/18,1.956,
08/08/18,1.959,
08/09/18,1.991,
08/10/18,2.018,
08/13/18,2.009,
08/14/18,2.047,
08/15/18,2.07,
08/16/18,2.055,
08/17/18,1.973,
08/20/18,1.973,
08/21/18,1.981,
08/22/18,2.003,
08/23/18,2.031,
08/24/18,2.024,
08/27/18,2.037,
08/28/18,2.006,
08/29/18,1.987,
08/30/18,1.995,
08/31/18,2.039,
09/04/18,2.028,
09/05/18,2.007,
09/06/18,2.007,
09/07/18,2.02,
09/10/18,2.006,
09/11/18,2.003,
09/12/18,2.006,
09/13/18,1.99,
09/14/18,2.029,
09/17/18,2.045,
09/18/18,1.987,
09/19/18,1.981,
09/20/18,1.976,
09/21/18,1.984,
09/24/18,1.963,
09/25/18,1.97,
09/26/18,1.962,
09/27/18,2.226,
09/28/18,2.348,
10/01/18,2.29,
10/02/18,2.286,
10/03/18,2.275,
10/04/18,2.233,
10/05/18,2.223,
10/09/18,2.251,
10/10/18,2.26,
10/11/18,2.255,
10/12/18,2.263,
10/15/18,2.285,
10/16/18,2.262,
10/17/18,2.27,
10/18/18,2.268,
10/19/18,2.261,
10/22/18,2.236,
10/23/18,2.233,
10/24/18,2.243,
10/25/18,2.265,
10/26/18,2.257,
10/29/18,2.246,
10/30/18,2.251,
10/31/18,2.31,
11/01/18,2.394,
11/02/18,2.324,
11/05/18,2.297,
11/06/18,2.261,
11/07/18,2.225,
11/08/18,2.281,
11/09/18,2.264,
11/13/18,2.249,
11/14/18,2.274,
11/15/18,2.342,
11/16/18,2.33,
11/19/18,2.297,
11/20/18,2.248,
11/21/18,2.24,
11/23/18,2.263,
11/26/18,2.261,
11/27/18,2.266,
11/28/18,2.268,
11/29/18,2.307,
11/30/18,2.357,
12/03/18,2.321,
12/05/18,2.35,
12/06/18,2.447,
12/07/18,2.316,
12/10/18,2.277,
12/11/18,2.271,
12/12/18,2.264,
12/13/18,2.262,
12/14/18,2.287,
12/17/18,2.396,
12/18/18,2.362,
12/19/18,2.326,
12/20/18,2.478,
12/21/18,2.445,
12/24/18,2.517,
12/26/18,2.524,
12/27/18,2.503,
12/28/18,2.551,
12/31/18,5.149,
01/02/19,3.231,
01/03/19,2.642,
01/04/19,2.491,
01/07/19,2.496,
01/08/19,2.516,
01/09/19,2.511,
01/10/19,2.484,
01/11/19,2.457,
01/14/19,2.446,
01/15/19,2.495,
01/16/19,2.455,
01/17/19,2.459,
01/18/19,2.455,
01/22/19,2.464,
01/23/19,2.448,
01/24/19,2.477,
01/25/19,2.451,
01/28/19,2.443,
01/29/19,2.448,
01/30/19,2.452,
01/31/19,2.693,
02/01/19,2.521,
02/04/19,2.456,
02/05/19,2.445,
02/06/19,2.456,
02/07/19,2.442,
02/08/19,2.435,
02/11/19,2.455,
02/12/19,2.459,
02/13/19,2.45,
02/14/19,2.458,
02/15/19,2.487,
02/19/19,2.473,
02/20/19,2.459,
02/21/19,2.453,
02/22/19,2.443,
02/25/19,2.446,
02/26/19,2.443,
02/27/19,2.437,
02/28/19,2.618,
03/01/19,2.454,
03/04/19,2.433,
03/05/19,2.437,
03/06/19,2.44,
03/07/19,2.452,
03/08/19,2.442,
03/11/19,2.449,
03/12/19,2.465,
03/13/19,2.458,
03/14/19,2.479,
03/15/19,2.521,
03/18/19,2.478,
03/19/19,2.531,
03/20/19,2.524,
03/21/19,2.5,
03/22/19,2.456,
03/25/19,2.453,
03/26/19,2.485,
03/27/19,2.449,
03/28/19,2.478,
03/29/19,2.611,
04/01/19,2.545,
04/02/19,2.543,
04/03/19,2.512,
04/04/19,2.535,
04/05/19,2.518,
04/08/19,2.516,
04/09/19,2.505,
04/10/19,2.49,
04/11/19,2.482,
04/12/19,2.498,
04/15/19,2.547,
04/16/19,2.587,
04/17/19,2.576,
04/18/19,2.568,
04/22/19,2.547,
04/23/19,2.499,
04/24/19,2.49,
04/25/19,2.512,
04/26/19,2.519,
04/29/19,2.534,
04/30/19,2.807,
05/01/19,2.602,
05/02/19,2.534,
05/03/19,2.47,
05/06/19,2.464,
05/07/19,2.492,
05/08/19,2.473,
05/09/19,2.449,
05/10/19,2.445,
05/13/19,2.433,
05/14/19,2.456,
05/15/19,2.533,
05/16/19,2.487,
05/17/19,2.462,
05/20/19,2.433,
05/21/19,2.434,
05/22/19,2.413,
05/23/19,2.429,
05/24/19,2.425,
05/28/19,2.456,
05/29/19,2.46,
05/30/19,2.445,
05/31/19,2.552,
06/03/19,2.459,
06/04/19,2.45,
06/05/19,2.455,
06/06/19,2.462,
06/07/19,2.444,
06/10/19,2.444,
06/11/19,2.437,
06/12/19,2.422,
06/13/19,2.409,
06/14/19,2.408,
06/17/19,2.493,
06/18/19,2.435,
06/19/19,2.41,
06/20/19,2.441,
06/21/19,2.419,
06/24/19,2.467,
06/25/19,2.448,
06/26/19,2.464,
06/27/19,2.466,
06/28/19,2.588,
07/01/19,2.87,
07/02/19,2.609,
07/03/19,2.656,
07/05/19,2.642,
07/08/19,2.543,
07/09/19,2.532,
07/10/19,2.496,
07/11/19,2.451,
07/12/19,2.459,
07/15/19,2.551,
07/16/19,2.562,
07/17/19,2.527,
07/18/19,2.511,
07/19/19,2.468,
07/22/19,2.473,
07/23/19,2.47,
07/24/19,2.481,
07/25/19,2.49,
07/26/19,2.466,
07/29/19,2.468,
07/30/19,2.441,
07/31/19,2.609,
08/01/19,2.253,
08/02/19,2.232,
08/05/19,2.184,
08/06/19,2.176,
08/07/19,2.163,
08/08/19,2.186,
08/09/19,2.189,
08/12/19,2.183,
08/13/19,2.22,
08/14/19,2.2,
08/15/19,2.252,
08/16/19,2.192,
08/19/19,2.179,
08/20/19,2.186,
08/21/19,2.167,
08/22/19,2.162,
08/23/19,2.164,
08/26/19,2.19,
08/27/19,2.215,
08/28/19,2.178,
08/29/19,2.176,
08/30/19,2.23,
09/03/19,2.304,
09/04/19,2.298,
09/05/19,2.269,
09/06/19,2.204,
09/09/19,2.197,
09/10/19,2.229,
09/11/19,2.24,
09/12/19,2.268,
09/13/19,2.288,
09/16/19,2.876,
09/17/19,6.007,
09/18/19,3,
09/19/19,1.975,
09/20/19,1.908,
09/23/19,2,
09/24/19,2.014,
09/25/19,2.01,
09/26/19,1.869,
09/27/19,1.874,
09/30/19,2.46,
10/01/19,1.96,
10/02/19,1.901,
10/03/19,1.871,
10/04/19,1.876,
10/07/19,1.884,
10/08/19,1.898,
10/09/19,1.899,
10/10/19,1.887,
10/11/19,1.888,
10/15/19,2.17,
10/16/19,2.069,
10/17/19,1.974,
10/18/19,1.916,
10/21/19,1.908,
10/22/19,1.914,
10/23/19,1.902,
10/24/19,1.91,
10/25/19,1.88,
10/28/19,1.857,
10/29/19,1.873,
10/30/19,1.873,
10/31/19,1.807,
11/01/19,1.634,
11/04/19,1.62,
11/05/19,1.619,
11/06/19,1.601,
11/07/19,1.607,
11/08/19,1.603,
11/12/19,1.632,
11/13/19,1.596,
11/14/19,1.612,
11/15/19,1.624,
11/18/19,1.608,
11/19/19,1.639,
11/20/19,1.62,
11/21/19,1.626,
11/22/19,1.614,
11/25/19,1.594,
11/26/19,1.588,
11/27/19,1.596,
11/29/19,1.656,
12/02/19,1.64,
12/03/19,1.59,
12/04/19,1.598,
12/05/19,1.6,
12/06/19,1.588,
12/09/19,1.589,
12/10/19,1.589,
12/11/19,1.576,
12/12/19,1.568,
12/13/19,1.612,
12/16/19,1.643,
12/17/19,1.592,
12/18/19,1.579,
12/19/19,1.568,
12/20/19,1.559,
12/23/19,1.563,
12/24/19,1.549,
12/26/19,1.573,
12/27/19,1.579,
12/30/19,1.572,
12/31/19,1.624,
01/02/20,1.603,
01/03/20,1.593,
01/06/20,1.593,
01/07/20,1.594,
01/08/20,1.584,
01/09/20,1.59,
01/10/20,1.577,
01/13/20,1.578,
01/14/20,1.575,
01/15/20,1.584,
01/16/20,1.578,
01/17/20,1.575,
01/21/20,1.569,
01/22/20,1.57,
01/23/20,1.57,
01/24/20,1.565,
01/27/20,1.571,
01/28/20,1.569,
01/29/20,1.572,
01/30/20,1.626,
01/31/20,1.652,
02/03/20,1.644,
02/04/20,1.637,
02/05/20,1.624,
02/06/20,1.622,
02/07/20,1.607,
02/10/20,1.594,
02/11/20,1.622,
02/12/20,1.615,
02/13/20,1.623,
02/14/20,1.627,
02/18/20,1.646,
02/19/20,1.631,
02/20/20,1.627,
02/21/20,1.609,
02/24/20,1.614,
02/25/20,1.634,
02/26/20,1.626,
02/27/20,1.626,
02/28/20,1.647,
03/02/20,1.695,
03/03/20,1.72,
03/04/20,1.245,
03/05/20,1.168,
03/06/20,1.146,
03/09/20,1.163,
03/10/20,1.181,
03/11/20,1.191,
03/12/20,1.194,
03/13/20,1.158,
03/16/20,0.859,
03/17/20,0.638,
03/18/20,0.154,
03/19/20,0.103,
03/20/20,0.074,
03/23/20,0.068,
03/24/20,0.061,
03/25/20,0.094,
03/26/20,0.089,
03/27/20,0.05,
03/30/20,0.048,
03/31/20,0.002,
04/01/20,0.052,
04/02/20,0.089,
04/03/20,0.06,
04/06/20,0.068,
04/07/20,0.08,
04/08/20,0.095,
04/09/20,0.106,
04/13/20,0.112,
04/14/20,0.095,
04/15/20,0.078,
04/16/20,0.111,
04/17/20,0.088,
04/20/20,0.06,
04/21/20,0.04,
04/22/20,0.05,
04/23/20,0.091,
04/24/20,0.097,
04/27/20,0.084,
04/28/20,0.06,
04/29/20,0.075,
04/30/20,0.106,
05/01/20,0.111,
05/04/20,0.098,
05/05/20,0.104,
05/06/20,0.109,
05/07/20,0.119,
05/08/20,0.12,
05/11/20,0.118,
05/12/20,0.117,
05/13/20,0.057,
05/14/20,0.086,
05/15/20,0.105,
05/18/20,0.079,
05/19/20,0.084,
05/20/20,0.025,
05/21/20,0.064,
05/22/20,0.104,
05/26/20,0.115,
05/27/20,0.102,
05/28/20,0.126,
05/29/20,0.096,
06/01/20,0.118,
06/02/20,0.125,
06/03/20,0.115,
06/04/20,0.114,
06/05/20,0.119,
06/08/20,0.124,
06/09/20,0.125,
06/10/20,0.121,
06/11/20,0.112,
06/12/20,0.125,
06/15/20,0.13,
06/16/20,0.134,
06/17/20,0.12,
06/18/20,0.122,
06/19/20,0.123,
06/22/20,0.117,
06/23/20,0.11,
06/24/20,0.121,
06/25/20,0.125,
06/26/20,0.126,
06/29/20,0.123,
06/30/20,0.129,
07/01/20,0.134,
07/02/20,0.149,
07/06/20,0.142,
07/07/20,0.136,
07/08/20,0.132,
07/09/20,0.138,
07/10/20,0.144,
07/13/20,0.139,
07/14/20,0.141,
07/15/20,0.151,
07/16/20,0.139,
07/17/20,0.143,
07/20/20,0.136,
07/21/20,0.13,
07/22/20,0.115,
07/23/20,0.125,
07/24/20,0.133,
07/27/20,0.135,
07/28/20,0.122,
07/29/20,0.115,
07/30/20,0.113,
07/31/20,0.134,
08/03/20,0.129,
08/04/20,0.124,
08/05/20,0.127,
08/06/20,0.129,
08/07/20,0.123,
08/10/20,0.128,
08/11/20,0.131,
08/12/20,0.129,
08/13/20,0.128,
08/14/20,0.127,
08/17/20,0.13,
08/18/20,0.118,
08/19/20,0.09,
08/20/20,0.112,
08/21/20,0.112,
08/24/20,0.105,
08/25/20,0.107,
08/26/20,0.095,
08/27/20,0.098,
08/28/20,0.101,
08/31/20,0.123,
09/01/20,0.132,
09/02/20,0.128,
09/03/20,0.132,
09/04/20,0.13,
09/08/20,0.129,
09/09/20,0.125,
09/10/20,0.129,
09/11/20,0.128,
09/14/20,0.112,
09/15/20,0.129,
09/16/20,0.122,
09/17/20,0.127,
09/18/20,0.093,
09/21/20,0.08,
09/22/20,0.077,
09/23/20,0.072,
09/24/20,0.109,
09/25/20,0.116,
09/28/20,0.102,
09/29/20,0.103,
09/30/20,0.116,
10/01/20,0.117,
10/02/20,0.13,
10/05/20,0.121,
10/06/20,0.124,
10/07/20,0.095,
10/08/20,0.121,
10/09/20,0.118,
10/13/20,0.127,
10/14/20,0.113,
10/15/20,0.131,
10/16/20,0.116,
10/19/20,0.116,
10/20/20,0.114,
10/21/20,0.095,
10/22/20,0.101,
10/23/20,0.121,
10/26/20,0.123,
10/27/20,0.114,
10/28/20,0.102,
10/29/20,0.118,
10/30/20,0.115,
11/02/20,0.126,
11/03/20,0.13,
11/04/20,0.127,
11/05/20,0.132,
11/06/20,0.124,
11/09/20,0.115,
11/10/20,0.123,
11/12/20,0.113,
11/13/20,0.112,
11/16/20,0.127,
11/17/20,0.111,
11/18/20,0.083,
11/19/20,0.073,
11/20/20,0.068,
11/23/20,0.067,
11/24/20,0.11,
11/25/20,0.107,
11/27/20,0.11,
11/30/20,0.11,
12/01/20,0.1,
12/02/20,0.098,
12/03/20,0.109,
12/04/20,0.117,
12/07/20,0.1,
12/08/20,0.091,
12/09/20,0.091,
12/10/20,0.102,
12/11/20,0.102,
12/14/20,0.082,
12/15/20,0.111,
12/16/20,0.099,
12/17/20,0.111,
12/18/20,0.11,
12/21/20,0.098,
12/22/20,0.074,
12/23/20,0.07,
12/24/20,0.107,
12/28/20,0.122,
12/29/20,0.119,
12/30/20,0.096,
12/31/20,0.08,
01/03/2022,0.06,46400000000
01/04/2021,0.121,64504000000
01/04/2022,0.066,46100000000
01/05/2021,0.125,44904000000
01/06/2021,0.124,52600000000
01/07/2021,0.12,42072000000
01/08/2021,0.114,44800000000
01/11/2021,0.096,55476000000
01/12/2021,0.098,43336000000
01/13/2021,0.1,45970000000
01/14/2021,0.088,38400000000
01/15/2021,0.09,47240000000
01/19/2021,0.089,52162000000
01/20/2021,0.063,63724000000
01/21/2021,0.044,57300000000
01/22/2021,0.076,67574000000
01/25/2021,0.075,69252000000
01/26/2021,0.042,66820000000
01/27/2021,0.054,56180000000
01/28/2021,0.074,74488000000
01/29/2021,0.072,54502000000
02/01/2021,0.1,70350000000
02/02/2021,0.096,45340000000
02/03/2021,0.088,50580000000
02/04/2021,0.062,44720000000
02/05/2021,0.037,70050000000
02/08/2021,0.062,52000000000
02/09/2021,0.097,53920000000
02/10/2021,0.102,41700000000
02/11/2021,0.081,59850000000
02/12/2021,0.067,66100000000
02/16/2021,0.093,71202000000
02/17/2021,0.08,59250000000
02/18/2021,0.054,64330000000
02/19/2021,0.042,56830000000
02/22/2021,0.046,66100000000
02/23/2021,0.023,64300000000
02/24/2021,0.05,62810000000
02/25/2021,0.038,74500000000
02/26/2021,0.009,62060000000
03/01/2021,0.058,69000000000
03/02/2021,0.075,80000000000
03/03/2021,0.058,64450000000
03/04/2021,0.038,62850000000
03/05/2021,0.035,48700000000
03/08/2021,0.035,44124000000
03/09/2021,0.042,51810000000
03/10/2021,0.048,39280000000
03/11/2021,0.019,49458000000
03/12/2021,0.012,52620000000
03/15/2021,0.023,37400000000
03/16/2021,0.012,47850000000
03/17/2021,0.01,61700000000
03/18/2021,-0.008,47200000000
03/19/2021,0.005,48300000000
03/22/2021,0.005,50700000000
03/23/2021,0.006,65100000000
03/24/2021,0.016,75300000000
03/25/2021,0.04,66750000000
03/26/2021,0.036,51600000000
03/29/2021,0.027,37500000000
03/30/2021,0.001,28310000000
03/31/2021,0.01,46050000000
04/01/2021,0.036,60550000000
04/05/2021,0.04,57900000000
04/06/2021,0.028,56250000000
04/07/2021,0.023,48950000000
04/08/2021,0.013,40300000000
04/09/2021,0.004,41000000000
04/12/2021,0.003,54550000000
04/13/2021,0.006,49000000000
04/14/2021,0,44350000000
04/15/2021,0.015,49700000000
04/16/2021,0.008,56500000000
04/19/2021,0.008,57600000000
04/20/2021,0.005,47250000000
04/21/2021,0.003,48270000000
04/22/2021,0.009,47200000000
04/23/2021,0.015,55200000000
04/26/2021,0.009,37400000000
04/27/2021,0.002,43550000000
04/28/2021,0,39800000000
04/29/2021,0,47600000000
04/30/2021,0.017,52500000000
05/03/2021,0.013,53700000000
05/04/2021,0.009,52310000000
05/05/2021,0.01,39810000000
05/06/2021,0.012,37550000000
05/07/2021,0.01,51060000000
05/10/2021,0.011,48260000000
05/11/2021,0.011,47560000000
05/12/2021,0.008,51910000000
05/13/2021,0.001,45380000000
05/14/2021,0.002,42250000000
05/17/2021,0.006,32320000000
05/18/2021,0.002,39850000000
05/19/2021,0.004,34970000000
05/20/2021,0.001,29312000000
05/21/2021,-0.006,38412000000
05/24/2021,-0.001,42400000000
05/25/2021,0,45850000000
05/26/2021,-0.001,47350000000
05/27/2021,-0.001,39350000000
05/28/2021,0.003,45064000000
06/01/2021,0.02,76100000000
06/02/2021,0.018,74224000000
06/03/2021,0.014,62450000000
06/04/2021,0.013,51000000000
06/07/2021,0.009,52950000000
06/08/2021,0.01,49650000000
06/09/2021,0.01,39200000000
06/10/2021,0.009,55450000000
06/11/2021,0.009,40500000000
06/14/2021,0.004,42200000000
06/15/2021,0.009,50476000000
06/16/2021,0.01,44150000000
06/17/2021,0.043,91566000000
06/18/2021,0.043,56138000000
06/21/2021,0.039,62030000000
06/22/2021,0.039,49700000000
06/23/2021,0.038,46150000000
06/24/2021,0.049,53700000000
06/25/2021,0.057,53000000000
06/28/2021,0.042,49050000000
06/29/2021,0.031,49900000000
06/30/2021,0.05,61920000000
07/01/2021,0.062,65400000000
07/02/2021,0.066,74500000000
07/06/2021,0.068,72410000000
07/07/2021,0.068,69950000000
07/08/2021,0.06,66640000000
07/09/2021,0.051,58680000000
07/12/2021,0.048,56150000000
07/13/2021,0.051,60700000000
07/14/2021,0.044,64100000000
07/15/2021,0.055,59700000000
07/16/2021,0.043,47900000000
07/19/2021,0.037,64250000000
07/20/2021,0.04,49150000000
07/21/2021,0.038,60064000000
07/22/2021,0.039,61200000000
07/23/2021,0.055,48600000000
07/26/2021,0.054,42000000000
07/27/2021,0.054,43400000000
07/28/2021,0.05,49750000000
07/29/2021,0.05,72050000000
07/30/2021,0.047,48700000000
08/02/2021,0.073,76150000000
08/03/2021,0.068,59200000000
08/04/2021,0.064,61600000000
08/05/2021,0.063,54000000000
08/06/2021,0.061,39050000000
08/09/2021,0.056,43410000000
08/10/2021,0.056,36880000000
08/11/2021,0.046,42500000000
08/12/2021,0.044,33850000000
08/13/2021,0.051,43000000000
08/16/2021,0.061,28700000000
08/17/2021,0.055,30650000000
08/18/2021,0.037,34610000000
08/19/2021,0.022,47760000000
08/20/2021,0.021,41150000000
08/23/2021,0.022,34600000000
08/24/2021,0.056,56520000000
08/25/2021,0.058,37450000000
08/26/2021,0.06,53710000000
08/27/2021,0.056,57910000000
08/30/2021,0.053,34030000000
08/31/2021,0.061,73500000000
09/01/2021,0.061,61730000000
09/02/2021,0.06,71930000000
09/03/2021,0.059,68010000000
09/07/2021,0.06,70120000000
09/08/2021,0.057,48870000000
09/09/2021,0.059,66960000000
09/10/2021,0.057,72830000000
09/13/2021,0.056,55630000000
09/14/2021,0.053,45570000000
09/15/2021,0.061,67580000000
09/16/2021,0.055,38920000000
09/17/2021,0.04,33810000000
09/20/2021,0.039,58520000000
09/21/2021,0.034,47820000000
09/22/2021,0.034,52020000000
09/23/2021,0.039,39454000000
09/24/2021,0.052,47600000000
09/27/2021,0.056,52930000000
09/28/2021,0.05,59120000000
09/29/2021,0.039,47770000000
09/30/2021,0.041,61820000000
10/01/2021,0.05,57010000000
10/04/2021,0.05,50040000000
10/05/2021,0.045,51270000000
10/06/2021,0.041,32330000000
10/07/2021,0.043,40320000000
10/08/2021,0.042,51300000000
10/12/2021,0.042,44210000000
10/13/2021,0.039,39000000000
10/14/2021,0.026,29470000000
10/15/2021,0.034,45020000000
10/18/2021,0.02,50650000000
10/19/2021,0.019,57200000000
10/20/2021,0.017,51450000000
10/21/2021,0.015,55240000000
10/22/2021,0.044,53038000000
10/25/2021,0.04,49250000000
10/26/2021,0.049,58800000000
10/27/2021,0.052,62100000000
10/28/2021,0.057,54860000000
10/29/2021,0.03,38050000000
11/01/2021,0.059,48350000000
11/02/2021,0.059,50100000000
11/03/2021,0.055,59690000000
11/04/2021,0.056,28850000000
11/05/2021,0.06,46100000000
11/08/2021,0.059,48380000000
11/09/2021,0.057,44240000000
11/10/2021,0.053,28820000000
11/12/2021,0.054,37400000000
11/15/2021,0.062,31750000000
11/16/2021,0.056,38650000000
11/17/2021,0.047,34750000000
11/18/2021,0.047,42050000000
11/19/2021,0.047,36650000000
11/22/2021,0.05,40900000000
11/23/2021,0.053,43330000000
11/24/2021,0.052,29000000000
11/26/2021,0.051,14700000000
11/29/2021,0.057,43500000000
11/30/2021,0.067,54800000000
12/01/2021,0.061,64450000000
12/02/2021,0.065,47650000000
12/03/2021,0.065,45300000000
12/06/2021,0.061,42050000000
12/07/2021,0.061,23100000000
12/08/2021,0.06,26050000000
12/09/2021,0.055,25320000000
12/10/2021,0.045,34860000000
12/13/2021,0.034,36380000000
12/14/2021,0.033,39780000000
12/15/2021,0.034,34900000000
12/16/2021,0.035,37800000000
12/17/2021,0.033,22700000000
12/20/2021,0.03,25950000000
12/21/2021,0.024,31100000000
12/22/2021,0.043,32900000000
12/23/2021,0.048,40900000000
12/27/2021,0.042,25350000000
12/28/2021,0.04,27500000000
12/29/2021,0.04,43100000000
12/30/2021,0.036,29650000000
12/31/2021,0.045,49550000000
