DATE,RRPONTSYD
2008-01-02,
2008-01-03,
2008-01-04,
2008-01-07,
2008-01-08,
2008-01-09,
2008-01-10,
2008-01-11,
2008-01-14,
2008-01-15,
2008-01-16,
2008-01-17,
2008-01-18,
2008-01-21,
2008-01-22,
2008-01-23,
2008-01-24,
2008-01-25,
2008-01-28,
2008-01-29,
2008-01-30,
2008-01-31,
2008-02-01,
2008-02-04,
2008-02-05,
2008-02-06,
2008-02-07,
2008-02-08,
2008-02-11,
2008-02-12,
2008-02-13,
2008-02-14,
2008-02-15,
2008-02-18,
2008-02-19,
2008-02-20,
2008-02-21,
2008-02-22,
2008-02-25,
2008-02-26,
2008-02-27,
2008-02-28,
2008-02-29,
2008-03-03,
2008-03-04,
2008-03-05,
2008-03-06,
2008-03-07,
2008-03-10,
2008-03-11,
2008-03-12,
2008-03-13,
2008-03-14,
2008-03-17,
2008-03-18,
2008-03-19,0.00725
2008-03-20,
2008-03-21,
2008-03-24,
2008-03-25,
2008-03-26,
2008-03-27,
2008-03-28,0.006
2008-03-31,0.005
2008-04-01,
2008-04-02,0.00375
2008-04-03,
2008-04-04,
2008-04-07,
2008-04-08,
2008-04-09,
2008-04-10,
2008-04-11,
2008-04-14,
2008-04-15,
2008-04-16,
2008-04-17,
2008-04-18,
2008-04-21,
2008-04-22,
2008-04-23,
2008-04-24,
2008-04-25,
2008-04-28,
2008-04-29,
2008-04-30,
2008-05-01,
2008-05-02,
2008-05-05,
2008-05-06,
2008-05-07,
2008-05-08,
2008-05-09,
2008-05-12,
2008-05-13,
2008-05-14,
2008-05-15,
2008-05-16,
2008-05-19,
2008-05-20,
2008-05-21,
2008-05-22,
2008-05-23,
2008-05-26,
2008-05-27,
2008-05-28,
2008-05-29,
2008-05-30,
2008-06-02,
2008-06-03,
2008-06-04,
2008-06-05,
2008-06-06,
2008-06-09,
2008-06-10,
2008-06-11,
2008-06-12,
2008-06-13,
2008-06-16,
2008-06-17,
2008-06-18,
2008-06-19,
2008-06-20,
2008-06-23,
2008-06-24,
2008-06-25,
2008-06-26,
2008-06-27,
2008-06-30,
2008-07-01,
2008-07-02,
2008-07-03,
2008-07-04,
2008-07-07,
2008-07-08,
2008-07-09,
2008-07-10,
2008-07-11,
2008-07-14,
2008-07-15,
2008-07-16,
2008-07-17,
2008-07-18,
2008-07-21,
2008-07-22,
2008-07-23,
2008-07-24,
2008-07-25,
2008-07-28,
2008-07-29,
2008-07-30,
2008-07-31,
2008-08-01,
2008-08-04,
2008-08-05,
2008-08-06,
2008-08-07,
2008-08-08,
2008-08-11,
2008-08-12,
2008-08-13,
2008-08-14,
2008-08-15,
2008-08-18,
2008-08-19,
2008-08-20,
2008-08-21,
2008-08-22,
2008-08-25,
2008-08-26,
2008-08-27,
2008-08-28,
2008-08-29,
2008-09-01,
2008-09-02,
2008-09-03,
2008-09-04,
2008-09-05,
2008-09-08,
2008-09-09,
2008-09-10,
2008-09-11,
2008-09-12,
2008-09-15,
2008-09-16,
2008-09-17,
2008-09-18,
2008-09-19,
2008-09-22,
2008-09-23,
2008-09-24,0.025
2008-09-25,0.022
2008-09-26,0.026
2008-09-29,
2008-09-30,
2008-10-01,0.02
2008-10-02,0.025
2008-10-03,0.025
2008-10-06,0.025
2008-10-07,
2008-10-08,
2008-10-09,
2008-10-10,
2008-10-13,
2008-10-14,0.025
2008-10-15,0.025
2008-10-16,0.025
2008-10-17,0.025
2008-10-20,0.025
2008-10-21,0.025
2008-10-22,0.025
2008-10-23,0.025
2008-10-24,0.025
2008-10-27,0.025
2008-10-28,0.025
2008-10-29,0.025
2008-10-30,0.025
2008-10-31,0.025
2008-11-03,0.025
2008-11-04,0.025
2008-11-05,0.025
2008-11-06,0.025
2008-11-07,0.025
2008-11-10,0.015
2008-11-11,
2008-11-12,0.025
2008-11-13,0.025
2008-11-14,0.025
2008-11-17,0.025
2008-11-18,0.02
2008-11-19,0.025
2008-11-20,0.025
2008-11-21,0.025
2008-11-24,0.025
2008-11-25,0.025
2008-11-26,0.025
2008-11-27,
2008-11-28,0.025
2008-12-01,0.025
2008-12-02,0.025
2008-12-03,0.025
2008-12-04,0.025
2008-12-05,0.025
2008-12-08,0.025
2008-12-09,0.025
2008-12-10,0.025
2008-12-11,0.025
2008-12-12,0.025
2008-12-15,0.025
2008-12-16,0.025
2008-12-17,
2008-12-18,
2008-12-19,
2008-12-22,
2008-12-23,
2008-12-24,
2008-12-25,
2008-12-26,
2008-12-29,
2008-12-30,
2008-12-31,
2009-01-01,
2009-01-02,
2009-01-05,
2009-01-06,
2009-01-07,
2009-01-08,
2009-01-09,
2009-01-12,
2009-01-13,
2009-01-14,
2009-01-15,
2009-01-16,
2009-01-19,
2009-01-20,
2009-01-21,
2009-01-22,
2009-01-23,
2009-01-26,
2009-01-27,
2009-01-28,
2009-01-29,
2009-01-30,
2009-02-02,
2009-02-03,
2009-02-04,
2009-02-05,
2009-02-06,
2009-02-09,
2009-02-10,
2009-02-11,
2009-02-12,
2009-02-13,
2009-02-16,
2009-02-17,
2009-02-18,
2009-02-19,
2009-02-20,
2009-02-23,
2009-02-24,
2009-02-25,
2009-02-26,
2009-02-27,
2009-03-02,
2009-03-03,
2009-03-04,
2009-03-05,
2009-03-06,
2009-03-09,
2009-03-10,
2009-03-11,
2009-03-12,
2009-03-13,
2009-03-16,
2009-03-17,
2009-03-18,
2009-03-19,
2009-03-20,
2009-03-23,
2009-03-24,
2009-03-25,
2009-03-26,
2009-03-27,
2009-03-30,
2009-03-31,
2009-04-01,
2009-04-02,
2009-04-03,
2009-04-06,
2009-04-07,
2009-04-08,
2009-04-09,
2009-04-10,
2009-04-13,
2009-04-14,
2009-04-15,
2009-04-16,
2009-04-17,
2009-04-20,
2009-04-21,
2009-04-22,
2009-04-23,
2009-04-24,
2009-04-27,
2009-04-28,
2009-04-29,
2009-04-30,
2009-05-01,
2009-05-04,
2009-05-05,
2009-05-06,
2009-05-07,
2009-05-08,
2009-05-11,
2009-05-12,
2009-05-13,
2009-05-14,
2009-05-15,
2009-05-18,
2009-05-19,
2009-05-20,
2009-05-21,
2009-05-22,
2009-05-25,
2009-05-26,
2009-05-27,
2009-05-28,
2009-05-29,
2009-06-01,
2009-06-02,
2009-06-03,
2009-06-04,
2009-06-05,
2009-06-08,
2009-06-09,
2009-06-10,
2009-06-11,
2009-06-12,
2009-06-15,
2009-06-16,
2009-06-17,
2009-06-18,
2009-06-19,
2009-06-22,
2009-06-23,
2009-06-24,
2009-06-25,
2009-06-26,
2009-06-29,
2009-06-30,
2009-07-01,
2009-07-02,
2009-07-03,
2009-07-06,
2009-07-07,
2009-07-08,
2009-07-09,
2009-07-10,
2009-07-13,
2009-07-14,
2009-07-15,
2009-07-16,
2009-07-17,
2009-07-20,
2009-07-21,
2009-07-22,
2009-07-23,
2009-07-24,
2009-07-27,
2009-07-28,
2009-07-29,
2009-07-30,
2009-07-31,
2009-08-03,
2009-08-04,
2009-08-05,
2009-08-06,
2009-08-07,
2009-08-10,
2009-08-11,
2009-08-12,
2009-08-13,
2009-08-14,
2009-08-17,
2009-08-18,
2009-08-19,
2009-08-20,
2009-08-21,
2009-08-24,
2009-08-25,
2009-08-26,
2009-08-27,
2009-08-28,
2009-08-31,
2009-09-01,
2009-09-02,
2009-09-03,
2009-09-04,
2009-09-07,
2009-09-08,
2009-09-09,
2009-09-10,
2009-09-11,
2009-09-14,
2009-09-15,
2009-09-16,
2009-09-17,
2009-09-18,
2009-09-21,
2009-09-22,
2009-09-23,
2009-09-24,
2009-09-25,
2009-09-28,
2009-09-29,
2009-09-30,
2009-10-01,
2009-10-02,
2009-10-05,
2009-10-06,
2009-10-07,
2009-10-08,
2009-10-09,
2009-10-12,
2009-10-13,
2009-10-14,
2009-10-15,
2009-10-16,
2009-10-19,
2009-10-20,
2009-10-21,
2009-10-22,
2009-10-23,
2009-10-26,
2009-10-27,
2009-10-28,
2009-10-29,
2009-10-30,
2009-11-02,
2009-11-03,
2009-11-04,
2009-11-05,
2009-11-06,
2009-11-09,
2009-11-10,
2009-11-11,
2009-11-12,
2009-11-13,
2009-11-16,
2009-11-17,
2009-11-18,
2009-11-19,
2009-11-20,
2009-11-23,
2009-11-24,
2009-11-25,
2009-11-26,
2009-11-27,
2009-11-30,
2009-12-01,
2009-12-02,
2009-12-03,
2009-12-04,0.00017999999999999998
2009-12-07,
2009-12-08,
2009-12-09,
2009-12-10,0.000225
2009-12-11,0.000225
2009-12-14,
2009-12-15,
2009-12-16,
2009-12-17,
2009-12-18,
2009-12-21,
2009-12-22,
2009-12-23,
2009-12-24,
2009-12-25,
2009-12-28,
2009-12-29,
2009-12-30,
2009-12-31,
2010-01-01,
2010-01-04,
2010-01-05,
2010-01-06,
2010-01-07,
2010-01-08,
2010-01-11,
2010-01-12,
2010-01-13,
2010-01-14,
2010-01-15,
2010-01-18,
2010-01-19,
2010-01-20,
2010-01-21,
2010-01-22,
2010-01-25,
2010-01-26,
2010-01-27,
2010-01-28,
2010-01-29,
2010-02-01,
2010-02-02,
2010-02-03,
2010-02-04,
2010-02-05,
2010-02-08,
2010-02-09,
2010-02-10,
2010-02-11,
2010-02-12,
2010-02-15,
2010-02-16,
2010-02-17,
2010-02-18,
2010-02-19,
2010-02-22,
2010-02-23,
2010-02-24,
2010-02-25,
2010-02-26,
2010-03-01,
2010-03-02,
2010-03-03,
2010-03-04,
2010-03-05,
2010-03-08,
2010-03-09,
2010-03-10,
2010-03-11,
2010-03-12,
2010-03-15,
2010-03-16,
2010-03-17,
2010-03-18,
2010-03-19,
2010-03-22,
2010-03-23,
2010-03-24,
2010-03-25,
2010-03-26,
2010-03-29,
2010-03-30,
2010-03-31,
2010-04-01,
2010-04-02,
2010-04-05,
2010-04-06,
2010-04-07,
2010-04-08,
2010-04-09,
2010-04-12,
2010-04-13,
2010-04-14,
2010-04-15,
2010-04-16,
2010-04-19,
2010-04-20,
2010-04-21,
2010-04-22,
2010-04-23,
2010-04-26,
2010-04-27,
2010-04-28,
2010-04-29,
2010-04-30,
2010-05-03,
2010-05-04,
2010-05-05,
2010-05-06,
2010-05-07,
2010-05-10,
2010-05-11,
2010-05-12,
2010-05-13,
2010-05-14,
2010-05-17,
2010-05-18,
2010-05-19,
2010-05-20,
2010-05-21,
2010-05-24,
2010-05-25,
2010-05-26,
2010-05-27,
2010-05-28,
2010-05-31,
2010-06-01,
2010-06-02,
2010-06-03,
2010-06-04,
2010-06-07,
2010-06-08,
2010-06-09,
2010-06-10,
2010-06-11,
2010-06-14,
2010-06-15,
2010-06-16,
2010-06-17,
2010-06-18,
2010-06-21,
2010-06-22,
2010-06-23,
2010-06-24,
2010-06-25,
2010-06-28,
2010-06-29,
2010-06-30,
2010-07-01,
2010-07-02,
2010-07-05,
2010-07-06,
2010-07-07,
2010-07-08,
2010-07-09,
2010-07-12,
2010-07-13,
2010-07-14,
2010-07-15,
2010-07-16,
2010-07-19,
2010-07-20,
2010-07-21,
2010-07-22,
2010-07-23,
2010-07-26,
2010-07-27,
2010-07-28,
2010-07-29,
2010-07-30,
2010-08-02,
2010-08-03,
2010-08-04,
2010-08-05,
2010-08-06,
2010-08-09,
2010-08-10,
2010-08-11,
2010-08-12,0.00017999999999999998
2010-08-13,
2010-08-16,
2010-08-17,
2010-08-18,
2010-08-19,
2010-08-20,
2010-08-23,
2010-08-24,
2010-08-25,
2010-08-26,
2010-08-27,
2010-08-30,
2010-08-31,
2010-09-01,
2010-09-02,
2010-09-03,
2010-09-06,
2010-09-07,
2010-09-08,
2010-09-09,
2010-09-10,
2010-09-13,
2010-09-14,
2010-09-15,
2010-09-16,
2010-09-17,
2010-09-20,
2010-09-21,
2010-09-22,
2010-09-23,
2010-09-24,
2010-09-27,
2010-09-28,
2010-09-29,
2010-09-30,
2010-10-01,
2010-10-04,
2010-10-05,
2010-10-06,
2010-10-07,
2010-10-08,
2010-10-11,
2010-10-12,
2010-10-13,
2010-10-14,
2010-10-15,
2010-10-18,
2010-10-19,
2010-10-20,
2010-10-21,
2010-10-22,
2010-10-25,
2010-10-26,
2010-10-27,
2010-10-28,
2010-10-29,
2010-11-01,
2010-11-02,
2010-11-03,
2010-11-04,
2010-11-05,
2010-11-08,
2010-11-09,
2010-11-10,
2010-11-11,
2010-11-12,
2010-11-15,
2010-11-16,
2010-11-17,
2010-11-18,
2010-11-19,
2010-11-22,
2010-11-23,
2010-11-24,
2010-11-25,
2010-11-26,
2010-11-29,
2010-11-30,
2010-12-01,
2010-12-02,
2010-12-03,
2010-12-06,
2010-12-07,
2010-12-08,
2010-12-09,
2010-12-10,
2010-12-13,
2010-12-14,
2010-12-15,
2010-12-16,
2010-12-17,
2010-12-20,
2010-12-21,
2010-12-22,
2010-12-23,
2010-12-24,
2010-12-27,
2010-12-28,
2010-12-29,
2010-12-30,
2010-12-31,
2011-01-03,
2011-01-04,
2011-01-05,
2011-01-06,
2011-01-07,
2011-01-10,
2011-01-11,
2011-01-12,
2011-01-13,
2011-01-14,
2011-01-17,
2011-01-18,
2011-01-19,
2011-01-20,
2011-01-21,
2011-01-24,
2011-01-25,
2011-01-26,
2011-01-27,
2011-01-28,
2011-01-31,
2011-02-01,
2011-02-02,
2011-02-03,
2011-02-04,
2011-02-07,
2011-02-08,
2011-02-09,
2011-02-10,
2011-02-11,
2011-02-14,
2011-02-15,
2011-02-16,
2011-02-17,
2011-02-18,
2011-02-21,
2011-02-22,
2011-02-23,
2011-02-24,
2011-02-25,
2011-02-28,
2011-03-01,
2011-03-02,
2011-03-03,
2011-03-04,
2011-03-07,
2011-03-08,
2011-03-09,
2011-03-10,
2011-03-11,
2011-03-14,
2011-03-15,
2011-03-16,
2011-03-17,
2011-03-18,
2011-03-21,
2011-03-22,
2011-03-23,
2011-03-24,
2011-03-25,0.00031
2011-03-28,
2011-03-29,
2011-03-30,0.0007700000000000001
2011-03-31,
2011-04-01,
2011-04-04,
2011-04-05,
2011-04-06,
2011-04-07,
2011-04-08,
2011-04-11,
2011-04-12,
2011-04-13,
2011-04-14,
2011-04-15,
2011-04-18,
2011-04-19,
2011-04-20,
2011-04-21,
2011-04-22,
2011-04-25,
2011-04-26,
2011-04-27,
2011-04-28,
2011-04-29,
2011-05-02,
2011-05-03,
2011-05-04,
2011-05-05,
2011-05-06,
2011-05-09,
2011-05-10,
2011-05-11,
2011-05-12,
2011-05-13,
2011-05-16,
2011-05-17,
2011-05-18,
2011-05-19,
2011-05-20,
2011-05-23,
2011-05-24,
2011-05-25,
2011-05-26,
2011-05-27,
2011-05-30,
2011-05-31,
2011-06-01,
2011-06-02,
2011-06-03,
2011-06-06,
2011-06-07,
2011-06-08,
2011-06-09,0.00028000000000000003
2011-06-10,
2011-06-13,
2011-06-14,
2011-06-15,0.000749
2011-06-16,
2011-06-17,
2011-06-20,
2011-06-21,
2011-06-22,
2011-06-23,
2011-06-24,
2011-06-27,
2011-06-28,
2011-06-29,
2011-06-30,
2011-07-01,
2011-07-04,
2011-07-05,
2011-07-06,
2011-07-07,
2011-07-08,
2011-07-11,
2011-07-12,
2011-07-13,
2011-07-14,
2011-07-15,
2011-07-18,
2011-07-19,
2011-07-20,
2011-07-21,
2011-07-22,
2011-07-25,
2011-07-26,
2011-07-27,
2011-07-28,
2011-07-29,
2011-08-01,
2011-08-02,
2011-08-03,
2011-08-04,
2011-08-05,
2011-08-08,
2011-08-09,
2011-08-10,
2011-08-11,
2011-08-12,
2011-08-15,
2011-08-16,2e-05
2011-08-17,
2011-08-18,0.000624
2011-08-19,
2011-08-22,
2011-08-23,
2011-08-24,
2011-08-25,
2011-08-26,
2011-08-29,
2011-08-30,
2011-08-31,
2011-09-01,
2011-09-02,
2011-09-05,
2011-09-06,
2011-09-07,
2011-09-08,
2011-09-09,
2011-09-12,
2011-09-13,
2011-09-14,
2011-09-15,
2011-09-16,
2011-09-19,
2011-09-20,
2011-09-21,
2011-09-22,
2011-09-23,
2011-09-26,
2011-09-27,
2011-09-28,
2011-09-29,
2011-09-30,
2011-10-03,
2011-10-04,
2011-10-05,
2011-10-06,
2011-10-07,
2011-10-10,
2011-10-11,
2011-10-12,
2011-10-13,
2011-10-14,
2011-10-17,
2011-10-18,
2011-10-19,
2011-10-20,
2011-10-21,
2011-10-24,
2011-10-25,
2011-10-26,
2011-10-27,
2011-10-28,
2011-10-31,
2011-11-01,
2011-11-02,
2011-11-03,
2011-11-04,
2011-11-07,
2011-11-08,
2011-11-09,
2011-11-10,
2011-11-11,
2011-11-14,
2011-11-15,
2011-11-16,
2011-11-17,
2011-11-18,
2011-11-21,
2011-11-22,
2011-11-23,
2011-11-24,
2011-11-25,
2011-11-28,
2011-11-29,
2011-11-30,
2011-12-01,
2011-12-02,
2011-12-05,
2011-12-06,
2011-12-07,
2011-12-08,
2011-12-09,
2011-12-12,
2011-12-13,
2011-12-14,
2011-12-15,
2011-12-16,
2011-12-19,
2011-12-20,
2011-12-21,
2011-12-22,
2011-12-23,
2011-12-26,
2011-12-27,
2011-12-28,
2011-12-29,
2011-12-30,
2012-01-02,
2012-01-03,
2012-01-04,
2012-01-05,
2012-01-06,
2012-01-09,
2012-01-10,
2012-01-11,
2012-01-12,
2012-01-13,
2012-01-16,
2012-01-17,
2012-01-18,
2012-01-19,
2012-01-20,
2012-01-23,
2012-01-24,
2012-01-25,
2012-01-26,
2012-01-27,
2012-01-30,
2012-01-31,
2012-02-01,
2012-02-02,
2012-02-03,
2012-02-06,
2012-02-07,
2012-02-08,
2012-02-09,
2012-02-10,
2012-02-13,
2012-02-14,
2012-02-15,
2012-02-16,
2012-02-17,
2012-02-20,
2012-02-21,
2012-02-22,
2012-02-23,
2012-02-24,
2012-02-27,
2012-02-28,
2012-02-29,
2012-03-01,0.0001
2012-03-02,
2012-03-05,
2012-03-06,
2012-03-07,0.00099
2012-03-08,
2012-03-09,
2012-03-12,
2012-03-13,
2012-03-14,
2012-03-15,
2012-03-16,
2012-03-19,
2012-03-20,
2012-03-21,
2012-03-22,
2012-03-23,
2012-03-26,
2012-03-27,
2012-03-28,
2012-03-29,
2012-03-30,
2012-04-02,
2012-04-03,
2012-04-04,
2012-04-05,
2012-04-06,
2012-04-09,
2012-04-10,
2012-04-11,
2012-04-12,
2012-04-13,
2012-04-16,
2012-04-17,
2012-04-18,
2012-04-19,
2012-04-20,
2012-04-23,
2012-04-24,
2012-04-25,
2012-04-26,
2012-04-27,
2012-04-30,
2012-05-01,
2012-05-02,
2012-05-03,
2012-05-04,
2012-05-07,
2012-05-08,
2012-05-09,
2012-05-10,
2012-05-11,
2012-05-14,
2012-05-15,
2012-05-16,
2012-05-17,
2012-05-18,
2012-05-21,
2012-05-22,
2012-05-23,
2012-05-24,
2012-05-25,
2012-05-28,
2012-05-29,
2012-05-30,
2012-05-31,
2012-06-01,
2012-06-04,
2012-06-05,
2012-06-06,
2012-06-07,
2012-06-08,
2012-06-11,
2012-06-12,
2012-06-13,
2012-06-14,
2012-06-15,
2012-06-18,
2012-06-19,
2012-06-20,
2012-06-21,
2012-06-22,
2012-06-25,
2012-06-26,
2012-06-27,
2012-06-28,
2012-06-29,
2012-07-02,
2012-07-03,
2012-07-04,
2012-07-05,
2012-07-06,
2012-07-09,
2012-07-10,
2012-07-11,
2012-07-12,
2012-07-13,
2012-07-16,
2012-07-17,
2012-07-18,
2012-07-19,
2012-07-20,
2012-07-23,
2012-07-24,
2012-07-25,
2012-07-26,
2012-07-27,
2012-07-30,
2012-07-31,
2012-08-01,
2012-08-02,
2012-08-03,
2012-08-06,
2012-08-07,
2012-08-08,
2012-08-09,
2012-08-10,
2012-08-13,
2012-08-14,
2012-08-15,
2012-08-16,
2012-08-17,
2012-08-20,
2012-08-21,
2012-08-22,
2012-08-23,
2012-08-24,
2012-08-27,
2012-08-28,
2012-08-29,
2012-08-30,
2012-08-31,
2012-09-03,
2012-09-04,
2012-09-05,
2012-09-06,
2012-09-07,5.9999999999999995e-05
2012-09-10,
2012-09-11,
2012-09-12,
2012-09-13,
2012-09-14,
2012-09-17,
2012-09-18,
2012-09-19,
2012-09-20,
2012-09-21,
2012-09-24,
2012-09-25,
2012-09-26,
2012-09-27,
2012-09-28,
2012-10-01,
2012-10-02,
2012-10-03,
2012-10-04,
2012-10-05,
2012-10-08,
2012-10-09,
2012-10-10,
2012-10-11,
2012-10-12,
2012-10-15,
2012-10-16,
2012-10-17,
2012-10-18,
2012-10-19,
2012-10-22,
2012-10-23,
2012-10-24,
2012-10-25,
2012-10-26,
2012-10-29,
2012-10-30,
2012-10-31,
2012-11-01,
2012-11-02,
2012-11-05,
2012-11-06,
2012-11-07,
2012-11-08,
2012-11-09,
2012-11-12,
2012-11-13,
2012-11-14,
2012-11-15,
2012-11-16,
2012-11-19,
2012-11-20,
2012-11-21,
2012-11-22,
2012-11-23,
2012-11-26,
2012-11-27,
2012-11-28,
2012-11-29,
2012-11-30,0.0011799999999999998
2012-12-03,
2012-12-04,
2012-12-05,
2012-12-06,
2012-12-07,
2012-12-10,
2012-12-11,
2012-12-12,
2012-12-13,
2012-12-14,
2012-12-17,
2012-12-18,
2012-12-19,
2012-12-20,
2012-12-21,
2012-12-24,
2012-12-25,
2012-12-26,
2012-12-27,
2012-12-28,
2012-12-31,
2013-01-01,
2013-01-02,
2013-01-03,
2013-01-04,
2013-01-07,
2013-01-08,
2013-01-09,
2013-01-10,
2013-01-11,
2013-01-14,
2013-01-15,
2013-01-16,
2013-01-17,
2013-01-18,
2013-01-21,
2013-01-22,
2013-01-23,
2013-01-24,
2013-01-25,
2013-01-28,
2013-01-29,
2013-01-30,
2013-01-31,
2013-02-01,
2013-02-04,
2013-02-05,
2013-02-06,
2013-02-07,
2013-02-08,
2013-02-11,
2013-02-12,
2013-02-13,
2013-02-14,
2013-02-15,
2013-02-18,
2013-02-19,
2013-02-20,
2013-02-21,
2013-02-22,
2013-02-25,
2013-02-26,
2013-02-27,
2013-02-28,
2013-03-01,
2013-03-04,
2013-03-05,
2013-03-06,
2013-03-07,
2013-03-08,
2013-03-11,
2013-03-12,
2013-03-13,
2013-03-14,
2013-03-15,
2013-03-18,
2013-03-19,
2013-03-20,
2013-03-21,
2013-03-22,
2013-03-25,
2013-03-26,
2013-03-27,
2013-03-28,
2013-03-29,
2013-04-01,
2013-04-02,
2013-04-03,0.00011999999999999999
2013-04-04,
2013-04-05,0.0011899999999999999
2013-04-08,
2013-04-09,
2013-04-10,
2013-04-11,
2013-04-12,
2013-04-15,
2013-04-16,
2013-04-17,
2013-04-18,
2013-04-19,
2013-04-22,
2013-04-23,
2013-04-24,
2013-04-25,
2013-04-26,
2013-04-29,
2013-04-30,
2013-05-01,
2013-05-02,
2013-05-03,
2013-05-06,
2013-05-07,
2013-05-08,
2013-05-09,
2013-05-10,
2013-05-13,
2013-05-14,
2013-05-15,
2013-05-16,
2013-05-17,
2013-05-20,
2013-05-21,
2013-05-22,
2013-05-23,
2013-05-24,
2013-05-27,
2013-05-28,
2013-05-29,
2013-05-30,
2013-05-31,
2013-06-03,
2013-06-04,
2013-06-05,
2013-06-06,
2013-06-07,
2013-06-10,
2013-06-11,
2013-06-12,
2013-06-13,
2013-06-14,
2013-06-17,
2013-06-18,
2013-06-19,
2013-06-20,
2013-06-21,
2013-06-24,
2013-06-25,
2013-06-26,
2013-06-27,
2013-06-28,
2013-07-01,
2013-07-02,
2013-07-03,
2013-07-04,
2013-07-05,
2013-07-08,
2013-07-09,
2013-07-10,
2013-07-11,
2013-07-12,
2013-07-15,
2013-07-16,
2013-07-17,
2013-07-18,
2013-07-19,
2013-07-22,
2013-07-23,
2013-07-24,
2013-07-25,
2013-07-26,
2013-07-29,
2013-07-30,
2013-07-31,
2013-08-01,
2013-08-02,
2013-08-05,
2013-08-06,
2013-08-07,0.00226
2013-08-08,
2013-08-09,
2013-08-12,
2013-08-13,0.00232
2013-08-14,0.00121
2013-08-15,
2013-08-16,
2013-08-19,0.005
2013-08-20,0.005
2013-08-21,
2013-08-22,
2013-08-23,
2013-08-26,
2013-08-27,
2013-08-28,
2013-08-29,
2013-08-30,
2013-09-02,
2013-09-03,
2013-09-04,
2013-09-05,
2013-09-06,
2013-09-09,
2013-09-10,
2013-09-11,
2013-09-12,
2013-09-13,
2013-09-16,
2013-09-17,
2013-09-18,
2013-09-19,
2013-09-20,
2013-09-23,0.011809
2013-09-24,0.012711
2013-09-25,0.0062439999999999996
2013-09-26,0.009403
2013-09-27,0.016622
2013-09-30,0.05815699999999999
2013-10-01,0.004507
2013-10-02,0.002702
2013-10-03,0.0022559999999999998
2013-10-04,0.001381
2013-10-07,0.000755
2013-10-08,0.000725
2013-10-09,0.000425
2013-10-10,0.001997
2013-10-11,0.001421
2013-10-14,
2013-10-15,0.002096
2013-10-16,0.00297
2013-10-17,0.0031219999999999998
2013-10-18,0.004221
2013-10-21,0.004876
2013-10-22,0.008369999999999999
2013-10-23,0.01574
2013-10-24,0.004949
2013-10-25,0.003283
2013-10-28,0.002148
2013-10-29,0.0018720000000000002
2013-10-30,0.005456000000000001
2013-10-31,0.013890000000000001
2013-11-01,0.0046500000000000005
2013-11-04,0.0040880000000000005
2013-11-05,0.0024249999999999996
2013-11-06,0.006715
2013-11-07,0.001075
2013-11-08,0.00148
2013-11-11,
2013-11-12,0.0044
2013-11-13,0.0039700000000000004
2013-11-14,0.001341
2013-11-15,0.000345
2013-11-18,0.00232
2013-11-19,0.00507
2013-11-20,0.006121000000000001
2013-11-21,0.0055709999999999996
2013-11-22,0.0033450000000000003
2013-11-25,0.00337
2013-11-26,0.00395
2013-11-27,0.005721
2013-11-28,
2013-11-29,0.022018
2013-12-02,0.00802
2013-12-03,0.0071200000000000005
2013-12-04,0.011095
2013-12-05,0.005696
2013-12-06,0.0074199999999999995
2013-12-09,0.010845
2013-12-10,0.01422
2013-12-11,0.034461
2013-12-12,0.02612
2013-12-13,0.017515
2013-12-16,0.0061459999999999996
2013-12-17,0.014070000000000001
2013-12-18,0.011105
2013-12-19,0.015391
2013-12-20,0.026525
2013-12-23,0.028761
2013-12-24,0.042245
2013-12-25,
2013-12-26,0.04697
2013-12-27,0.09499500000000001
2013-12-30,0.102573
2013-12-31,0.197755
2014-01-01,
2014-01-02,0.083725
2014-01-03,0.056682
2014-01-06,0.077265
2014-01-07,0.060261
2014-01-08,0.043545
2014-01-09,0.0512
2014-01-10,0.049565
2014-01-13,0.060469999999999996
2014-01-14,0.05416
2014-01-15,0.046752
2014-01-16,0.067829
2014-01-17,0.07301600000000001
2014-01-20,
2014-01-21,0.08242000000000001
2014-01-22,0.093711
2014-01-23,0.084917
2014-01-24,0.072495
2014-01-27,0.08568
2014-01-28,0.09453
2014-01-29,0.094276
2014-01-30,0.09831999999999999
2014-01-31,0.102139
2014-02-03,0.069923
2014-02-04,0.105798
2014-02-05,0.100382
2014-02-06,0.10191700000000001
2014-02-07,0.10110899999999999
2014-02-10,0.112214
2014-02-11,0.098871
2014-02-12,0.094026
2014-02-13,0.10118600000000001
2014-02-14,0.087715
2014-02-17,
2014-02-18,0.07083400000000001
2014-02-19,0.08329900000000001
2014-02-20,0.08425400000000001
2014-02-21,0.104045
2014-02-24,0.09614199999999999
2014-02-25,0.103735
2014-02-26,0.13011099999999998
2014-02-27,0.120886
2014-02-28,0.114479
2014-03-03,0.08022499999999999
2014-03-04,0.06612900000000001
2014-03-05,0.076183
2014-03-06,0.055489
2014-03-07,0.057908
2014-03-10,0.07189
2014-03-11,0.072275
2014-03-12,0.06620000000000001
2014-03-13,0.070357
2014-03-14,0.054253
2014-03-17,0.048591999999999996
2014-03-18,0.078606
2014-03-19,0.07614499999999999
2014-03-20,0.080564
2014-03-21,0.09684699999999999
2014-03-24,0.079629
2014-03-25,0.094432
2014-03-26,0.101944
2014-03-27,0.11283199999999999
2014-03-28,0.128162
2014-03-31,0.24206899999999998
2014-04-01,0.11301699999999999
2014-04-02,0.106045
2014-04-03,0.09638
2014-04-04,0.095244
2014-04-07,0.094739
2014-04-08,0.094435
2014-04-09,0.08902299999999999
2014-04-10,0.093958
2014-04-11,0.080874
2014-04-14,0.07582299999999999
2014-04-15,0.06490699999999999
2014-04-16,0.071744
2014-04-17,
2014-04-18,
2014-04-21,0.12983699999999998
2014-04-22,0.159202
2014-04-23,0.147951
2014-04-24,0.153847
2014-04-25,0.166168
2014-04-28,0.180822
2014-04-29,0.183327
2014-04-30,0.20822200000000002
2014-05-01,0.175868
2014-05-02,0.18524600000000002
2014-05-05,0.19989500000000002
2014-05-06,0.198721
2014-05-07,0.193706
2014-05-08,0.19203
2014-05-09,0.186455
2014-05-12,0.188963
2014-05-13,0.204839
2014-05-14,0.18318700000000002
2014-05-15,0.192416
2014-05-16,0.20354
2014-05-19,0.201974
2014-05-20,0.212512
2014-05-21,0.220722
2014-05-22,0.209095
2014-05-23,0.182124
2014-05-26,
2014-05-27,0.185923
2014-05-28,0.171269
2014-05-29,0.15568600000000002
2014-05-30,0.164726
2014-06-02,0.129721
2014-06-03,0.13095199999999999
2014-06-04,0.127401
2014-06-05,0.103755
2014-06-06,0.10190300000000001
2014-06-09,0.105036
2014-06-10,0.106527
2014-06-11,0.110875
2014-06-12,0.104237
2014-06-13,0.06762900000000001
2014-06-16,0.053376
2014-06-17,0.053362
2014-06-18,0.08838800000000001
2014-06-19,0.095938
2014-06-20,0.109656
2014-06-23,0.120333
2014-06-24,0.107244
2014-06-25,0.119673
2014-06-26,0.13710499999999998
2014-06-27,0.140898
2014-06-30,0.339481
2014-07-01,0.150572
2014-07-02,0.14849199999999999
2014-07-03,0.136039
2014-07-04,
2014-07-07,0.14302
2014-07-08,0.136387
2014-07-09,0.144921
2014-07-10,0.125926
2014-07-11,0.113623
2014-07-14,0.108675
2014-07-15,0.096922
2014-07-16,0.10584099999999999
2014-07-17,0.094361
2014-07-18,0.113503
2014-07-21,0.11383599999999999
2014-07-22,0.127244
2014-07-23,0.13674
2014-07-24,0.087923
2014-07-25,0.090379
2014-07-28,0.103848
2014-07-29,0.118021
2014-07-30,0.115757
2014-07-31,0.15637399999999999
2014-08-01,0.101035
2014-08-04,0.114198
2014-08-05,0.11815200000000001
2014-08-06,0.123782
2014-08-07,0.12898099999999998
2014-08-08,0.12784600000000002
2014-08-11,0.128408
2014-08-12,0.130713
2014-08-13,0.13562200000000002
2014-08-14,0.12197799999999999
2014-08-15,0.116783
2014-08-18,0.13584200000000002
2014-08-19,0.14312799999999998
2014-08-20,0.150444
2014-08-21,0.14541800000000002
2014-08-22,0.13054300000000002
2014-08-25,0.152159
2014-08-26,0.156973
2014-08-27,0.179845
2014-08-28,0.15784499999999999
2014-08-29,0.17259
2014-09-01,
2014-09-02,0.14346799999999998
2014-09-03,0.15101599999999998
2014-09-04,0.16053399999999998
2014-09-05,0.160186
2014-09-08,0.180493
2014-09-09,0.168607
2014-09-10,0.160299
2014-09-11,0.1674
2014-09-12,0.148338
2014-09-15,0.135916
2014-09-16,0.14775200000000002
2014-09-17,0.15693600000000002
2014-09-18,0.168148
2014-09-19,0.169519
2014-09-22,0.17832699999999999
2014-09-23,0.174426
2014-09-24,0.16231700000000002
2014-09-25,0.15809
2014-09-26,0.17296
2014-09-29,0.194566
2014-09-30,0.3
2014-10-01,0.212481
2014-10-02,0.17903899999999998
2014-10-03,0.18468199999999999
2014-10-06,0.185508
2014-10-07,0.184514
2014-10-08,0.182531
2014-10-09,0.16777
2014-10-10,0.16164699999999999
2014-10-13,
2014-10-14,0.151111
2014-10-15,0.12191500000000001
2014-10-16,0.115559
2014-10-17,0.12214799999999999
2014-10-20,0.13740799999999997
2014-10-21,0.124658
2014-10-22,0.13542400000000002
2014-10-23,0.137137
2014-10-24,0.10350100000000001
2014-10-27,0.116857
2014-10-28,0.11803799999999999
2014-10-29,0.13469
2014-10-30,0.142244
2014-10-31,0.186282
2014-11-03,0.12256600000000001
2014-11-04,0.124919
2014-11-05,0.12290000000000001
2014-11-06,0.110247
2014-11-07,0.10621599999999999
2014-11-10,0.100452
2014-11-11,
2014-11-12,0.111681
2014-11-13,0.110881
2014-11-14,0.099376
2014-11-17,0.115555
2014-11-18,0.158321
2014-11-19,0.167377
2014-11-20,0.16303399999999998
2014-11-21,0.162469
2014-11-24,0.133559
2014-11-25,0.146679
2014-11-26,0.148284
2014-11-27,
2014-11-28,0.17391
2014-12-01,0.15458000000000002
2014-12-02,0.153531
2014-12-03,0.166328
2014-12-04,0.142641
2014-12-05,0.14554499999999998
2014-12-08,0.104199
2014-12-09,0.094442
2014-12-10,0.105322
2014-12-11,0.09982899999999999
2014-12-12,0.086425
2014-12-15,0.03458700000000001
2014-12-16,0.040716999999999996
2014-12-17,0.031783
2014-12-18,0.059473
2014-12-19,0.066423
2014-12-22,0.059158999999999996
2014-12-23,0.055574
2014-12-24,0.053237
2014-12-25,
2014-12-26,0.041491999999999994
2014-12-29,0.029172
2014-12-30,0.039621
2014-12-31,0.17112
2015-01-01,
2015-01-02,0.042186
2015-01-05,0.164177
2015-01-06,0.149885
2015-01-07,0.143749
2015-01-08,0.124293
2015-01-09,0.11619499999999999
2015-01-12,0.118125
2015-01-13,0.10731600000000001
2015-01-14,0.09540000000000001
2015-01-15,0.09651699999999999
2015-01-16,0.135836
2015-01-19,
2015-01-20,0.147499
2015-01-21,0.167769
2015-01-22,0.168182
2015-01-23,0.129836
2015-01-26,0.132698
2015-01-27,0.136677
2015-01-28,0.163553
2015-01-29,0.148784
2015-01-30,0.190842
2015-02-02,0.132913
2015-02-03,0.142006
2015-02-04,0.14565
2015-02-05,0.124667
2015-02-06,0.12198300000000001
2015-02-09,0.11898600000000001
2015-02-10,0.122277
2015-02-11,0.126752
2015-02-12,0.113479
2015-02-13,0.092532
2015-02-16,
2015-02-17,0.11132500000000001
2015-02-18,0.157273
2015-02-19,0.133105
2015-02-20,0.157518
2015-02-23,0.152311
2015-02-24,0.12480200000000001
2015-02-25,0.14975
2015-02-26,0.130583
2015-02-27,0.155001
2015-03-02,0.118208
2015-03-03,0.110872
2015-03-04,0.09509999999999999
2015-03-05,0.073924
2015-03-06,0.08086199999999999
2015-03-09,0.085648
2015-03-10,0.084535
2015-03-11,0.08438899999999999
2015-03-12,0.132708
2015-03-13,0.098042
2015-03-16,0.112056
2015-03-17,0.10629999999999999
2015-03-18,0.151424
2015-03-19,0.083108
2015-03-20,0.091207
2015-03-23,0.09957200000000001
2015-03-24,0.060115
2015-03-25,0.065389
2015-03-26,0.080866
2015-03-27,0.069638
2015-03-30,0.029522
2015-03-31,0.20223500000000003
2015-04-01,0.031623
2015-04-02,
2015-04-03,
2015-04-06,0.119369
2015-04-07,0.12588
2015-04-08,0.096443
2015-04-09,0.08706900000000001
2015-04-10,0.09093300000000001
2015-04-13,0.089878
2015-04-14,0.075874
2015-04-15,0.06982899999999999
2015-04-16,0.078293
2015-04-17,0.10338299999999999
2015-04-20,0.111416
2015-04-21,0.1148
2015-04-22,0.114148
2015-04-23,0.113993
2015-04-24,0.073512
2015-04-27,0.08279
2015-04-28,0.087169
2015-04-29,0.092224
2015-04-30,0.130464
2015-05-01,0.086212
2015-05-04,0.092311
2015-05-05,0.09316200000000001
2015-05-06,0.08472199999999999
2015-05-07,0.09450499999999999
2015-05-08,0.091484
2015-05-11,0.087331
2015-05-12,0.081378
2015-05-13,0.092129
2015-05-14,0.061513
2015-05-15,0.076249
2015-05-18,0.135397
2015-05-19,0.13190000000000002
2015-05-20,0.154345
2015-05-21,0.141963
2015-05-22,0.105844
2015-05-25,
2015-05-26,0.11104800000000001
2015-05-27,0.128828
2015-05-28,0.1353
2015-05-29,0.16020099999999998
2015-06-01,0.115206
2015-06-02,0.105031
2015-06-03,0.095389
2015-06-04,0.096429
2015-06-05,0.083637
2015-06-08,0.083323
2015-06-09,0.076043
2015-06-10,0.080453
2015-06-11,0.090833
2015-06-12,0.081745
2015-06-15,0.104635
2015-06-16,0.113979
2015-06-17,0.110708
2015-06-18,0.151135
2015-06-19,0.158541
2015-06-22,0.171906
2015-06-23,0.18154800000000001
2015-06-24,0.13664199999999999
2015-06-25,0.064918
2015-06-26,0.086539
2015-06-29,0.045063000000000006
2015-06-30,0.192602
2015-07-01,0.09341100000000001
2015-07-02,0.176063
2015-07-03,
2015-07-06,0.169851
2015-07-07,0.15965100000000002
2015-07-08,0.14547
2015-07-09,0.12967099999999998
2015-07-10,0.119629
2015-07-13,0.115323
2015-07-14,0.106218
2015-07-15,0.103217
2015-07-16,0.10457999999999999
2015-07-17,0.11651900000000001
2015-07-20,0.12657
2015-07-21,0.110141
2015-07-22,0.11269499999999999
2015-07-23,0.11205200000000001
2015-07-24,0.079416
2015-07-27,0.085122
2015-07-28,0.08188200000000001
2015-07-29,0.086429
2015-07-30,0.087405
2015-07-31,0.131978
2015-08-03,0.09500499999999999
2015-08-04,0.08884099999999999
2015-08-05,0.086869
2015-08-06,0.093508
2015-08-07,0.084994
2015-08-10,0.081806
2015-08-11,0.078367
2015-08-12,0.064411
2015-08-13,0.077057
2015-08-14,0.064557
2015-08-17,0.06654
2015-08-18,0.088144
2015-08-19,0.08436
2015-08-20,0.093262
2015-08-21,0.09235299999999999
2015-08-24,0.073813
2015-08-25,0.07316500000000001
2015-08-26,0.06871899999999999
2015-08-27,0.071312
2015-08-28,0.073547
2015-08-31,0.149694
2015-09-01,0.084778
2015-09-02,0.07033
2015-09-03,0.067183
2015-09-04,0.064428
2015-09-07,
2015-09-08,0.066694
2015-09-09,0.06812900000000001
2015-09-10,0.066083
2015-09-11,0.070782
2015-09-14,0.072809
2015-09-15,0.073117
2015-09-16,0.082181
2015-09-17,0.106254
2015-09-18,0.131757
2015-09-21,0.134575
2015-09-22,0.139476
2015-09-23,0.144297
2015-09-24,0.045670999999999996
2015-09-25,0.063966
2015-09-28,0.101855
2015-09-29,0.12286
2015-09-30,0.199614
2015-10-01,0.075143
2015-10-02,0.173162
2015-10-05,0.156558
2015-10-06,0.130247
2015-10-07,0.115434
2015-10-08,0.121144
2015-10-09,0.109367
2015-10-12,
2015-10-13,0.10572799999999999
2015-10-14,0.090184
2015-10-15,0.100247
2015-10-16,0.123637
2015-10-19,0.13636
2015-10-20,0.146257
2015-10-21,0.151082
2015-10-22,0.15287
2015-10-23,0.125635
2015-10-26,0.13459700000000002
2015-10-27,0.150968
2015-10-28,0.155316
2015-10-29,0.172839
2015-10-30,0.225326
2015-11-02,0.13223400000000002
2015-11-03,0.117622
2015-11-04,0.107406
2015-11-05,0.087664
2015-11-06,0.070435
2015-11-09,0.08089400000000001
2015-11-10,0.08313
2015-11-11,
2015-11-12,0.07322799999999999
2015-11-13,0.060117
2015-11-16,0.067873
2015-11-17,0.086157
2015-11-18,0.121961
2015-11-19,0.120822
2015-11-20,0.12298999999999999
2015-11-23,0.147598
2015-11-24,0.095918
2015-11-25,0.100152
2015-11-26,
2015-11-27,0.081785
2015-11-30,0.139594
2015-12-01,0.088983
2015-12-02,0.084184
2015-12-03,0.074766
2015-12-04,0.069292
2015-12-07,0.07780500000000001
2015-12-08,0.075817
2015-12-09,0.087963
2015-12-10,0.086714
2015-12-11,0.089317
2015-12-14,0.08638
2015-12-15,0.095404
2015-12-16,0.10200400000000001
2015-12-17,0.105185
2015-12-18,0.14322300000000002
2015-12-21,0.160606
2015-12-22,0.18535
2015-12-23,0.178331
2015-12-24,0.161879
2015-12-25,
2015-12-28,0.177196
2015-12-29,0.22251300000000002
2015-12-30,0.277446
2015-12-31,0.474591
2016-01-01,
2016-01-04,0.19967
2016-01-05,0.16961500000000002
2016-01-06,0.126584
2016-01-07,0.116843
2016-01-08,0.099971
2016-01-11,0.09739
2016-01-12,0.086191
2016-01-13,0.08441599999999999
2016-01-14,0.07842199999999999
2016-01-15,0.090534
2016-01-18,
2016-01-19,0.09022100000000001
2016-01-20,0.106627
2016-01-21,0.09043999999999999
2016-01-22,0.060316
2016-01-25,0.08017
2016-01-26,0.083819
2016-01-27,0.08930400000000001
2016-01-28,0.063251
2016-01-29,0.114573
2016-02-01,0.07679000000000001
2016-02-02,0.08012699999999999
2016-02-03,0.062460999999999996
2016-02-04,0.055893
2016-02-05,0.050887999999999996
2016-02-08,0.039132
2016-02-09,0.044122999999999996
2016-02-10,0.047973999999999996
2016-02-11,0.044482
2016-02-12,0.035233
2016-02-15,
2016-02-16,0.034728
2016-02-17,0.052098
2016-02-18,0.071581
2016-02-19,0.059088
2016-02-22,0.054405
2016-02-23,0.064808
2016-02-24,0.041065
2016-02-25,0.043817999999999996
2016-02-26,0.056919
2016-02-29,0.094123
2016-03-01,0.038763
2016-03-02,0.044546
2016-03-03,0.050384
2016-03-04,0.051368000000000004
2016-03-07,0.053723999999999994
2016-03-08,0.049332
2016-03-09,0.047346
2016-03-10,0.035427999999999994
2016-03-11,0.039729999999999994
2016-03-14,0.040518
2016-03-15,0.038299
2016-03-16,0.048389
2016-03-17,0.034869
2016-03-18,0.067622
2016-03-21,0.055750999999999995
2016-03-22,0.06828400000000001
2016-03-23,0.070075
2016-03-24,
2016-03-25,
2016-03-28,0.065481
2016-03-29,0.10477
2016-03-30,0.127119
2016-03-31,0.303849
2016-04-01,0.08911799999999999
2016-04-04,0.06569199999999999
2016-04-05,0.044369
2016-04-06,0.027454999999999997
2016-04-07,0.034065
2016-04-08,0.021618
2016-04-11,0.022151
2016-04-12,0.018711
2016-04-13,0.01661
2016-04-14,0.018241
2016-04-15,0.023479
2016-04-18,0.038607
2016-04-19,0.040049
2016-04-20,0.031971
2016-04-21,0.036555
2016-04-22,0.019084
2016-04-25,0.024148
2016-04-26,0.029563
2016-04-27,0.031432
2016-04-28,0.025526
2016-04-29,0.065558
2016-05-02,0.038947
2016-05-03,0.038536
2016-05-04,0.035592
2016-05-05,0.030222000000000002
2016-05-06,0.028294
2016-05-09,0.023237999999999998
2016-05-10,0.031035
2016-05-11,0.031533
2016-05-12,0.034843000000000006
2016-05-13,0.017088000000000002
2016-05-16,0.020123000000000002
2016-05-17,0.021115
2016-05-18,0.06392
2016-05-19,0.063293
2016-05-20,0.060342
2016-05-23,0.078109
2016-05-24,0.057676000000000005
2016-05-25,0.065797
2016-05-26,0.058671
2016-05-27,0.040472
2016-05-30,
2016-05-31,0.102627
2016-06-01,0.061186
2016-06-02,0.062973
2016-06-03,0.058183
2016-06-06,0.053352
2016-06-07,0.049906
2016-06-08,0.041445
2016-06-09,0.041435
2016-06-10,0.0405
2016-06-13,0.046016
2016-06-14,0.034936
2016-06-15,0.028312999999999998
2016-06-16,0.0351
2016-06-17,0.058606
2016-06-20,0.06775700000000001
2016-06-21,0.08654600000000001
2016-06-22,0.090386
2016-06-23,0.09150900000000001
2016-06-24,0.087498
2016-06-27,0.11663899999999999
2016-06-28,0.129102
2016-06-29,0.143206
2016-06-30,0.27880900000000003
2016-07-01,0.113428
2016-07-04,
2016-07-05,0.11124200000000001
2016-07-06,0.083401
2016-07-07,0.076407
2016-07-08,0.067516
2016-07-11,0.061876
2016-07-12,0.06264
2016-07-13,0.048357
2016-07-14,0.030358
2016-07-15,0.041162
2016-07-18,0.080813
2016-07-19,0.082273
2016-07-20,0.079368
2016-07-21,0.070517
2016-07-22,0.044897
2016-07-25,0.049131999999999995
2016-07-26,0.069799
2016-07-27,0.067687
2016-07-28,0.045194000000000005
2016-07-29,0.110518
2016-08-01,0.072911
2016-08-02,0.080535
2016-08-03,0.068075
2016-08-04,0.050262999999999995
2016-08-05,0.056235
2016-08-08,0.060625
2016-08-09,0.066881
2016-08-10,0.08017400000000001
2016-08-11,0.080145
2016-08-12,0.037278
2016-08-15,0.05695
2016-08-16,0.076397
2016-08-17,0.081337
2016-08-18,0.09508899999999999
2016-08-19,0.101468
2016-08-22,0.11612399999999999
2016-08-23,0.121654
2016-08-24,0.09534999999999999
2016-08-25,0.07281699999999999
2016-08-26,0.076532
2016-08-29,0.079731
2016-08-30,0.101422
2016-08-31,0.171368
2016-09-01,0.090607
2016-09-02,0.096194
2016-09-05,
2016-09-06,0.09273300000000001
2016-09-07,0.07908
2016-09-08,0.060729
2016-09-09,0.078784
2016-09-12,0.086056
2016-09-13,0.08310899999999999
2016-09-14,0.064485
2016-09-15,0.055994
2016-09-16,0.10076099999999999
2016-09-19,0.125636
2016-09-20,0.156685
2016-09-21,0.17683500000000002
2016-09-22,0.194053
2016-09-23,0.174726
2016-09-26,0.20006800000000002
2016-09-27,0.2397
2016-09-28,0.272277
2016-09-29,0.271847
2016-09-30,0.41252300000000003
2016-10-03,0.32088900000000004
2016-10-04,0.306041
2016-10-05,0.297964
2016-10-06,0.237619
2016-10-07,0.226065
2016-10-10,
2016-10-11,0.201546
2016-10-12,0.188671
2016-10-13,0.180971
2016-10-14,0.133359
2016-10-17,0.12440699999999999
2016-10-18,0.174966
2016-10-19,0.19181
2016-10-20,0.17231200000000002
2016-10-21,0.181285
2016-10-24,0.142574
2016-10-25,0.132403
2016-10-26,0.142065
2016-10-27,0.135113
2016-10-28,0.12998300000000002
2016-10-31,0.214798
2016-11-01,0.17189
2016-11-02,0.176232
2016-11-03,0.148543
2016-11-04,0.136483
2016-11-07,0.12867099999999998
2016-11-08,0.12733
2016-11-09,0.130993
2016-11-10,0.09993600000000001
2016-11-11,
2016-11-14,0.08144799999999999
2016-11-15,0.102247
2016-11-16,0.116044
2016-11-17,0.092397
2016-11-18,0.116091
2016-11-21,0.135387
2016-11-22,0.128222
2016-11-23,0.11937099999999999
2016-11-24,
2016-11-25,0.12116500000000001
2016-11-28,0.14690299999999998
2016-11-29,0.13840100000000002
2016-11-30,0.208524
2016-12-01,0.159215
2016-12-02,0.167881
2016-12-05,0.168369
2016-12-06,0.18555000000000002
2016-12-07,0.185812
2016-12-08,0.18631299999999998
2016-12-09,0.18579900000000002
2016-12-12,0.18933000000000003
2016-12-13,0.23846
2016-12-14,0.169563
2016-12-15,0.199654
2016-12-16,0.21370599999999998
2016-12-19,0.23752500000000001
2016-12-20,0.277354
2016-12-21,0.307477
2016-12-22,0.312338
2016-12-23,0.280643
2016-12-26,
2016-12-27,0.29406099999999996
2016-12-28,0.323912
2016-12-29,0.346472
2016-12-30,0.468355
2017-01-02,
2017-01-03,0.287236
2017-01-04,0.26646800000000004
2017-01-05,0.23343
2017-01-06,0.209205
2017-01-09,0.19197
2017-01-10,0.18071500000000001
2017-01-11,0.15882
2017-01-12,0.14121799999999998
2017-01-13,0.08820099999999999
2017-01-16,
2017-01-17,0.096798
2017-01-18,0.13011799999999998
2017-01-19,0.138637
2017-01-20,0.148785
2017-01-23,0.156316
2017-01-24,0.110193
2017-01-25,0.10836
2017-01-26,0.09467
2017-01-27,0.10877200000000001
2017-01-30,0.101514
2017-01-31,0.18016200000000002
2017-02-01,0.13373
2017-02-02,0.11112000000000001
2017-02-03,0.11736100000000001
2017-02-06,0.12566
2017-02-07,0.131659
2017-02-08,0.122934
2017-02-09,0.08389400000000001
2017-02-10,0.074169
2017-02-13,0.098103
2017-02-14,0.087998
2017-02-15,0.10512300000000001
2017-02-16,0.10497799999999999
2017-02-17,0.14724299999999999
2017-02-20,
2017-02-21,0.163259
2017-02-22,0.177833
2017-02-23,0.18717599999999998
2017-02-24,0.160882
2017-02-27,0.15338200000000002
2017-02-28,0.204651
2017-03-01,0.15600999999999998
2017-03-02,0.16814199999999999
2017-03-03,0.193272
2017-03-06,0.20521
2017-03-07,0.20876499999999998
2017-03-08,0.212124
2017-03-09,0.217831
2017-03-10,0.233046
2017-03-13,0.232962
2017-03-14,0.200798
2017-03-15,0.22651
2017-03-16,0.209114
2017-03-17,0.24066900000000002
2017-03-20,0.235827
2017-03-21,0.237331
2017-03-22,0.251013
2017-03-23,0.231463
2017-03-24,0.200237
2017-03-27,0.21547300000000003
2017-03-28,0.224475
2017-03-29,0.260357
2017-03-30,0.224134
2017-03-31,0.346853
2017-04-03,0.23358199999999998
2017-04-04,0.207711
2017-04-05,0.174644
2017-04-06,0.117337
2017-04-07,0.117774
2017-04-10,0.120504
2017-04-11,0.114753
2017-04-12,0.10552800000000001
2017-04-13,
2017-04-14,
2017-04-17,0.06437000000000001
2017-04-18,0.109402
2017-04-19,0.11656699999999999
2017-04-20,0.128726
2017-04-21,0.13652099999999998
2017-04-24,0.118667
2017-04-25,0.116956
2017-04-26,0.12232299999999999
2017-04-27,0.127826
2017-04-28,0.181976
2017-05-01,0.162198
2017-05-02,0.183851
2017-05-03,0.186667
2017-05-04,0.152793
2017-05-05,0.15678899999999998
2017-05-08,0.16258
2017-05-09,0.167302
2017-05-10,0.18726900000000002
2017-05-11,0.161232
2017-05-12,0.167696
2017-05-15,0.14499
2017-05-16,0.157693
2017-05-17,0.16715799999999997
2017-05-18,0.185287
2017-05-19,0.182273
2017-05-22,0.185031
2017-05-23,0.19886500000000001
2017-05-24,0.184946
2017-05-25,0.153451
2017-05-26,0.168041
2017-05-29,
2017-05-30,0.182065
2017-05-31,0.256176
2017-06-01,0.16375499999999998
2017-06-02,0.170496
2017-06-05,0.164208
2017-06-06,0.160949
2017-06-07,0.165138
2017-06-08,0.151582
2017-06-09,0.15534399999999998
2017-06-12,0.152198
2017-06-13,0.17297300000000002
2017-06-14,0.163056
2017-06-15,0.131378
2017-06-16,0.158566
2017-06-19,0.166745
2017-06-20,0.19234700000000002
2017-06-21,0.198769
2017-06-22,0.195144
2017-06-23,0.201475
2017-06-26,0.185227
2017-06-27,0.212664
2017-06-28,0.263699
2017-06-29,0.269565
2017-06-30,0.398875
2017-07-03,0.255693
2017-07-04,
2017-07-05,0.240029
2017-07-06,0.189992
2017-07-07,0.189214
2017-07-10,0.189721
2017-07-11,0.173774
2017-07-12,0.179172
2017-07-13,0.162379
2017-07-14,0.136231
2017-07-17,0.122436
2017-07-18,0.157322
2017-07-19,0.144731
2017-07-20,0.126676
2017-07-21,0.122712
2017-07-24,0.095123
2017-07-25,0.07454000000000001
2017-07-26,0.10331100000000001
2017-07-27,0.095636
2017-07-28,0.108479
2017-07-31,0.20462200000000003
2017-08-01,0.098069
2017-08-02,0.11933400000000001
2017-08-03,0.08784399999999999
2017-08-04,0.093778
2017-08-07,0.104061
2017-08-08,0.103612
2017-08-09,0.10395
2017-08-10,0.09027299999999999
2017-08-11,0.09553400000000001
2017-08-14,0.074682
2017-08-15,0.071382
2017-08-16,0.09284
2017-08-17,0.078582
2017-08-18,0.129105
2017-08-21,0.1441
2017-08-22,0.166094
2017-08-23,0.169793
2017-08-24,0.130879
2017-08-25,0.122167
2017-08-28,0.121947
2017-08-29,0.127243
2017-08-30,0.14608600000000002
2017-08-31,0.21348599999999998
2017-09-01,0.124952
2017-09-04,
2017-09-05,0.136131
2017-09-06,0.14512799999999998
2017-09-07,0.126607
2017-09-08,0.113842
2017-09-11,0.11597199999999999
2017-09-12,0.127019
2017-09-13,0.125668
2017-09-14,0.097564
2017-09-15,0.10964499999999999
2017-09-18,0.138909
2017-09-19,0.156728
2017-09-20,0.168025
2017-09-21,0.152866
2017-09-22,0.15733000000000003
2017-09-25,0.15850299999999998
2017-09-26,0.173715
2017-09-27,0.220083
2017-09-28,0.208936
2017-09-29,0.31609
2017-10-02,0.19037700000000002
2017-10-03,0.181605
2017-10-04,0.178738
2017-10-05,0.132827
2017-10-06,0.119529
2017-10-09,
2017-10-10,0.121913
2017-10-11,0.129805
2017-10-12,0.102807
2017-10-13,0.099961
2017-10-16,0.078531
2017-10-17,0.091188
2017-10-18,0.121457
2017-10-19,0.102612
2017-10-20,0.102488
2017-10-23,0.11026000000000001
2017-10-24,0.097202
2017-10-25,0.112057
2017-10-26,0.098412
2017-10-27,0.10590300000000001
2017-10-30,0.102147
2017-10-31,0.17360499999999998
2017-11-01,0.087165
2017-11-02,0.058758000000000005
2017-11-03,0.060915
2017-11-06,0.070365
2017-11-07,0.058970999999999996
2017-11-08,0.074546
2017-11-09,0.046378
2017-11-10,0.039671
2017-11-13,0.035243000000000003
2017-11-14,0.032219000000000005
2017-11-15,0.035038
2017-11-16,0.020708999999999998
2017-11-17,0.038838
2017-11-20,0.034576
2017-11-21,0.042899
2017-11-22,0.051634
2017-11-23,
2017-11-24,0.040487999999999996
2017-11-27,0.039381
2017-11-28,0.050834000000000004
2017-11-29,0.06701900000000001
2017-11-30,0.10271899999999999
2017-12-01,0.05903
2017-12-04,0.072389
2017-12-05,0.068297
2017-12-06,0.07636799999999999
2017-12-07,0.063552
2017-12-08,0.082714
2017-12-11,0.107473
2017-12-12,0.11909
2017-12-13,0.143392
2017-12-14,0.107679
2017-12-15,0.080206
2017-12-18,0.11727599999999999
2017-12-19,0.112628
2017-12-20,0.127582
2017-12-21,0.116978
2017-12-22,0.11385200000000001
2017-12-25,
2017-12-26,0.119456
2017-12-27,0.147749
2017-12-28,0.158478
2017-12-29,0.319595
2018-01-01,
2018-01-02,0.136967
2018-01-03,0.13162200000000002
2018-01-04,0.076624
2018-01-05,0.063804
2018-01-08,0.063531
2018-01-09,0.056468000000000004
2018-01-10,0.057954
2018-01-11,0.033597
2018-01-12,0.02159
2018-01-15,
2018-01-16,0.022003
2018-01-17,0.020547999999999997
2018-01-18,0.022803999999999998
2018-01-19,0.022196
2018-01-22,0.028706
2018-01-23,0.031791
2018-01-24,0.036371
2018-01-25,0.019891
2018-01-26,0.021426999999999998
2018-01-29,0.02398
2018-01-30,0.031765999999999996
2018-01-31,0.065797
2018-02-01,0.031825
2018-02-02,0.043931
2018-02-05,0.059008000000000005
2018-02-06,0.049214
2018-02-07,0.048119999999999996
2018-02-08,0.033271999999999996
2018-02-09,0.036567
2018-02-12,0.030631
2018-02-13,0.043137
2018-02-14,0.038518000000000004
2018-02-15,0.029079999999999998
2018-02-16,0.029615
2018-02-19,
2018-02-20,0.032494999999999996
2018-02-21,0.045171
2018-02-22,0.03632
2018-02-23,0.015875
2018-02-26,0.00936
2018-02-27,0.019729
2018-02-28,0.04451
2018-03-01,0.014334
2018-03-02,0.015642
2018-03-05,0.01523
2018-03-06,0.011205
2018-03-07,0.014295
2018-03-08,0.0069630000000000004
2018-03-09,0.003247
2018-03-12,0.00177
2018-03-13,0.002145
2018-03-14,0.00497
2018-03-15,0.003746
2018-03-16,0.01028
2018-03-19,0.00782
2018-03-20,0.011949999999999999
2018-03-21,0.020586
2018-03-22,0.011592
2018-03-23,0.01045
2018-03-26,0.005921
2018-03-27,0.00962
2018-03-28,0.017898
2018-03-29,
2018-03-30,
2018-04-02,0.003823
2018-04-03,0.008695
2018-04-04,0.00457
2018-04-05,0.004645
2018-04-06,0.004894999999999999
2018-04-09,0.004070000000000001
2018-04-10,0.0039900000000000005
2018-04-11,0.0023610000000000003
2018-04-12,0.00412
2018-04-13,0.003471
2018-04-16,0.003372
2018-04-17,0.003971
2018-04-18,0.014021
2018-04-19,0.01392
2018-04-20,0.01202
2018-04-23,0.010820999999999999
2018-04-24,0.009532
2018-04-25,0.00357
2018-04-26,0.0037949999999999998
2018-04-27,0.00292
2018-04-30,0.01383
2018-05-01,0.00382
2018-05-02,0.00652
2018-05-03,0.005775000000000001
2018-05-04,0.005415
2018-05-07,0.00322
2018-05-08,0.003921
2018-05-09,0.00272
2018-05-10,0.004645
2018-05-11,0.003222
2018-05-14,0.003859
2018-05-15,0.002095
2018-05-16,0.002545
2018-05-17,0.001896
2018-05-18,0.00912
2018-05-21,0.005404
2018-05-22,0.003951
2018-05-23,0.0029289999999999997
2018-05-24,0.00662
2018-05-25,2e-05
2018-05-28,
2018-05-29,0.00088
2018-05-30,0.00392
2018-05-31,0.021475
2018-06-01,0.012546
2018-06-04,0.011166
2018-06-05,0.006634999999999999
2018-06-06,0.016772
2018-06-07,0.005771
2018-06-08,0.002771
2018-06-11,0.004836
2018-06-12,0.0013080000000000001
2018-06-13,0.003025
2018-06-14,0.002935
2018-06-15,0.00027
2018-06-18,0.00037
2018-06-19,0.000195
2018-06-20,0.00032
2018-06-21,0.0013700000000000001
2018-06-22,0.0014299999999999998
2018-06-25,0.01273
2018-06-26,0.010385
2018-06-27,0.02068
2018-06-28,0.020419
2018-06-29,0.09697
2018-07-02,0.032139
2018-07-03,0.004852
2018-07-04,
2018-07-05,0.008205
2018-07-06,0.004195
2018-07-09,0.0035960000000000002
2018-07-10,0.001955
2018-07-11,0.00123
2018-07-12,0.002455
2018-07-13,0.000871
2018-07-16,0.00087
2018-07-17,0.00122
2018-07-18,0.006021
2018-07-19,0.00362
2018-07-20,0.00117
2018-07-23,0.00227
2018-07-24,0.004894999999999999
2018-07-25,0.0007199999999999999
2018-07-26,0.001571
2018-07-27,0.00147
2018-07-30,0.0019950000000000002
2018-07-31,0.009045
2018-08-01,0.000795
2018-08-02,0.001817
2018-08-03,0.001673
2018-08-06,0.002095
2018-08-07,0.002337
2018-08-08,0.001659
2018-08-09,0.001745
2018-08-10,0.0024700000000000004
2018-08-13,0.0013830000000000001
2018-08-14,0.0006850000000000001
2018-08-15,0.000315
2018-08-16,0.000532
2018-08-17,0.004016
2018-08-20,0.001646
2018-08-21,0.001466
2018-08-22,0.0011259999999999998
2018-08-23,0.0024159999999999997
2018-08-24,0.004665
2018-08-27,0.000996
2018-08-28,0.001415
2018-08-29,0.0008399999999999999
2018-08-30,0.000985
2018-08-31,0.00039
2018-09-03,
2018-09-04,0.0005949999999999999
2018-09-05,1e-05
2018-09-06,0.000815
2018-09-07,1.4999999999999999e-05
2018-09-10,1.4999999999999999e-05
2018-09-11,0.0012410000000000001
2018-09-12,0.001315
2018-09-13,0.0017909999999999998
2018-09-14,0.001315
2018-09-17,0.0007149999999999999
2018-09-18,0.010115
2018-09-19,0.008915
2018-09-20,0.017868
2018-09-21,0.017465
2018-09-24,0.00934
2018-09-25,0.00344
2018-09-26,0.005625
2018-09-27,0.030056
2018-09-28,0.04843
2018-10-01,0.0041849999999999995
2018-10-02,0.0032949999999999998
2018-10-03,0.002954
2018-10-04,0.003265
2018-10-05,0.001565
2018-10-08,
2018-10-09,0.00239
2018-10-10,0.00239
2018-10-11,0.002016
2018-10-12,0.0009599999999999999
2018-10-15,0.000366
2018-10-16,0.00046600000000000005
2018-10-17,0.000174
2018-10-18,0.010289999999999999
2018-10-19,0.003916
2018-10-22,0.003189
2018-10-23,0.004466
2018-10-24,0.006444
2018-10-25,0.001944
2018-10-26,0.002004
2018-10-29,0.001748
2018-10-30,0.0007149999999999999
2018-10-31,0.004815000000000001
2018-11-01,0.00464
2018-11-02,0.00151
2018-11-05,0.0014650000000000002
2018-11-06,0.00254
2018-11-07,0.001875
2018-11-08,0.001166
2018-11-09,0.00040100000000000004
2018-11-12,
2018-11-13,0.001065
2018-11-14,0.00066
2018-11-15,0.000494
2018-11-16,0.018565
2018-11-19,0.016295
2018-11-20,0.015235
2018-11-21,0.016204999999999997
2018-11-22,
2018-11-23,0.013105
2018-11-26,0.000615
2018-11-27,0.00044
2018-11-28,0.001464
2018-11-29,0.001814
2018-11-30,0.00249
2018-12-03,0.00221
2018-12-04,
2018-12-05,
2018-12-06,0.0033599999999999997
2018-12-07,0.005634999999999999
2018-12-10,0.001424
2018-12-11,0.000352
2018-12-12,0.00046100000000000004
2018-12-13,0.000415
2018-12-14,0.000315
2018-12-17,0.000415
2018-12-18,0.006216
2018-12-19,0.005982
2018-12-20,0.009521
2018-12-21,0.008805
2018-12-24,0.00796
2018-12-25,
2018-12-26,0.0010049999999999998
2018-12-27,0.0031
2018-12-28,0.00321
2018-12-31,0.041847999999999996
2019-01-01,
2019-01-02,0.019481000000000002
2019-01-03,0.007198
2019-01-04,0.0028599999999999997
2019-01-07,0.002786
2019-01-08,0.002811
2019-01-09,0.0025369999999999998
2019-01-10,0.002216
2019-01-11,0.002016
2019-01-14,0.0012050000000000001
2019-01-15,0.002016
2019-01-16,0.0013160000000000001
2019-01-17,0.002065
2019-01-18,0.013165
2019-01-21,
2019-01-22,0.010465
2019-01-23,0.011415
2019-01-24,0.01506
2019-01-25,0.0015149999999999999
2019-01-28,0.0012649999999999998
2019-01-29,0.00184
2019-01-30,0.00099
2019-01-31,0.0010509999999999999
2019-02-01,0.000665
2019-02-04,0.004515
2019-02-05,0.001686
2019-02-06,0.001926
2019-02-07,0.00232
2019-02-08,0.002016
2019-02-11,0.002006
2019-02-12,0.001658
2019-02-13,0.0016970000000000002
2019-02-14,0.001341
2019-02-15,0.005271
2019-02-18,
2019-02-19,0.001967
2019-02-20,0.002275
2019-02-21,0.0017250000000000002
2019-02-22,0.006665
2019-02-25,0.001375
2019-02-26,0.001815
2019-02-27,0.001915
2019-02-28,0.003415
2019-03-01,0.0020150000000000003
2019-03-04,0.002917
2019-03-05,0.0031190000000000002
2019-03-06,0.002115
2019-03-07,0.000717
2019-03-08,1.4999999999999999e-05
2019-03-11,1.9e-05
2019-03-12,2.7e-05
2019-03-13,1.6e-05
2019-03-14,1.9e-05
2019-03-15,1.4999999999999999e-05
2019-03-18,0.003169
2019-03-19,0.0025150000000000003
2019-03-20,0.000617
2019-03-21,0.00041099999999999996
2019-03-22,0.005016
2019-03-25,0.000129
2019-03-26,0.000566
2019-03-27,0.000166
2019-03-28,0.000515
2019-03-29,0.000731
2019-04-01,1.1e-05
2019-04-02,1.9e-05
2019-04-03,1.6e-05
2019-04-04,0.000615
2019-04-05,1.4999999999999999e-05
2019-04-08,0.00028399999999999996
2019-04-09,0.00041
2019-04-10,0.002731
2019-04-11,0.000122
2019-04-12,1.6e-05
2019-04-15,1.7999999999999997e-05
2019-04-16,0.0007
2019-04-17,1.4999999999999999e-05
2019-04-18,
2019-04-19,
2019-04-22,0.001117
2019-04-23,0.005690000000000001
2019-04-24,0.009515000000000001
2019-04-25,0.00061
2019-04-26,0.000915
2019-04-29,0.000615
2019-04-30,1.4999999999999999e-05
2019-05-01,2.7e-05
2019-05-02,2.3e-05
2019-05-03,1e-05
2019-05-06,6.7e-05
2019-05-07,0.0009609999999999999
2019-05-08,2.1000000000000002e-05
2019-05-09,0.000516
2019-05-10,0.00027100000000000003
2019-05-13,0.000111
2019-05-14,0.0013700000000000001
2019-05-15,0.00046
2019-05-16,0.00175
2019-05-17,0.009699999999999999
2019-05-20,0.008105000000000001
2019-05-21,0.003705
2019-05-22,0.003751
2019-05-23,0.0049299999999999995
2019-05-24,0.005956
2019-05-27,
2019-05-28,0.00152
2019-05-29,0.002226
2019-05-30,0.001026
2019-05-31,0.000855
2019-06-03,0.0012549999999999998
2019-06-04,0.001891
2019-06-05,0.002255
2019-06-06,0.00221
2019-06-07,0.00191
2019-06-10,0.002105
2019-06-11,0.0010069999999999999
2019-06-12,0.0017050000000000001
2019-06-13,0.001655
2019-06-14,0.001657
2019-06-17,0.002269
2019-06-18,0.018006
2019-06-19,0.022357
2019-06-20,0.02743
2019-06-21,0.021355
2019-06-24,0.011156000000000001
2019-06-25,0.0064
2019-06-26,0.007784
2019-06-27,0.016794
2019-06-28,0.044307
2019-07-01,0.015837
2019-07-02,0.00816
2019-07-03,0.006849
2019-07-04,
2019-07-05,0.006155
2019-07-08,0.0065
2019-07-09,0.006575999999999999
2019-07-10,0.006252
2019-07-11,0.00495
2019-07-12,0.00515
2019-07-15,0.005557
2019-07-16,0.003007
2019-07-17,0.00196
2019-07-18,0.016662
2019-07-19,0.014255
2019-07-22,0.01416
2019-07-23,0.014755
2019-07-24,0.008255
2019-07-25,0.003355
2019-07-26,0.00325
2019-07-29,0.003928
2019-07-30,0.002306
2019-07-31,0.007367
2019-08-01,0.006044
2019-08-02,0.003335
2019-08-05,0.003474
2019-08-06,0.0034100000000000003
2019-08-07,0.003622
2019-08-08,0.003056
2019-08-09,0.00272
2019-08-12,0.00543
2019-08-13,0.005001
2019-08-14,0.0027440000000000003
2019-08-15,0.0035099999999999997
2019-08-16,0.011843
2019-08-19,0.013403
2019-08-20,0.01598
2019-08-21,0.015153
2019-08-22,0.014611
2019-08-23,0.009046
2019-08-26,0.003676
2019-08-27,0.001555
2019-08-28,0.004255
2019-08-29,0.000102
2019-08-30,0.012089
2019-09-02,
2019-09-03,0.001754
2019-09-04,0.001425
2019-09-05,0.001075
2019-09-06,0.00088
2019-09-09,0.002787
2019-09-10,0.003608
2019-09-11,0.003612
2019-09-12,0.003469
2019-09-13,0.002675
2019-09-16,0.002202
2019-09-17,0.001825
2019-09-18,0.01891
2019-09-19,0.005004
2019-09-20,0.007552
2019-09-23,0.007485
2019-09-24,0.000101
2019-09-25,0.000133
2019-09-26,0.00518
2019-09-27,0.00533
2019-09-30,0.007057000000000001
2019-10-01,0.002706
2019-10-02,0.003054
2019-10-03,0.003297
2019-10-04,0.005325
2019-10-07,0.0056500000000000005
2019-10-08,0.003976
2019-10-09,0.001469
2019-10-10,0.0011
2019-10-11,0.0029500000000000004
2019-10-14,
2019-10-15,0.0017259999999999999
2019-10-16,0.001803
2019-10-17,0.001001
2019-10-18,0.0201
2019-10-21,0.018758
2019-10-22,0.0207
2019-10-23,0.01829
2019-10-24,0.000425
2019-10-25,5e-06
2019-10-28,3.5999999999999994e-05
2019-10-29,8.1e-05
2019-10-30,0.00019600000000000002
2019-10-31,0.002851
2019-11-01,0.0021000000000000003
2019-11-04,0.003085
2019-11-05,0.0018360000000000002
2019-11-06,0.00165
2019-11-07,0.001055
2019-11-08,0.000805
2019-11-11,
2019-11-12,0.0013009999999999999
2019-11-13,0.0017620000000000001
2019-11-14,0.001867
2019-11-15,2e-06
2019-11-18,0.027055
2019-11-19,0.026726
2019-11-20,0.026026
2019-11-21,0.025719000000000002
2019-11-22,0.000375
2019-11-25,0.0
2019-11-26,0.002205
2019-11-27,0.000506
2019-11-28,
2019-11-29,0.00075
2019-12-02,1.4999999999999999e-05
2019-12-03,0.00015099999999999998
2019-12-04,0.0
2019-12-05,1e-06
2019-12-06,0.001
2019-12-09,0.000115
2019-12-10,1e-06
2019-12-11,0.000605
2019-12-12,0.0006
2019-12-13,0.0
2019-12-16,0.001328
2019-12-17,0.0008259999999999999
2019-12-18,0.013362
2019-12-19,0.008936
2019-12-20,0.013051
2019-12-23,0.007652
2019-12-24,0.004423
2019-12-25,
2019-12-26,0.003192
2019-12-27,0.000825
2019-12-30,0.006525
2019-12-31,0.064087
2020-01-01,
2020-01-02,0.0031
2020-01-03,0.0042510000000000004
2020-01-06,0.0038250000000000003
2020-01-07,0.0016020000000000001
2020-01-08,0.000876
2020-01-09,0.00040100000000000004
2020-01-10,0.000627
2020-01-13,0.001
2020-01-14,0.000656
2020-01-15,0.000675
2020-01-16,0.0003
2020-01-17,0.016149999999999998
2020-01-20,
2020-01-21,0.013381
2020-01-22,0.015604
2020-01-23,0.012904
2020-01-24,0.0
2020-01-27,2e-06
2020-01-28,2e-06
2020-01-29,0.0003
2020-01-30,0.00414
2020-01-31,0.0045
2020-02-03,0.0061600000000000005
2020-02-04,0.002112
2020-02-05,0.004112
2020-02-06,0.00040300000000000004
2020-02-07,0.0011
2020-02-10,0.00083
2020-02-11,0.000228
2020-02-12,0.000309
2020-02-13,0.00045
2020-02-14,0.0
2020-02-17,
2020-02-18,0.009454
2020-02-19,9.5e-05
2020-02-20,0.0036
2020-02-21,0.0045320000000000004
2020-02-24,0.000592
2020-02-25,0.000111
2020-02-26,0.0023
2020-02-27,0.000275
2020-02-28,0.0021869999999999997
2020-03-02,0.002525
2020-03-03,0.000627
2020-03-04,0.005025
2020-03-05,0.00085
2020-03-06,0.0029300000000000003
2020-03-09,0.002504
2020-03-10,0.00015099999999999998
2020-03-11,0.001325
2020-03-12,0.02105
2020-03-13,0.015099999999999999
2020-03-16,0.001425
2020-03-17,0.0057
2020-03-18,0.000477
2020-03-19,0.001195
2020-03-20,0.012202999999999999
2020-03-23,0.026944
2020-03-24,0.041516
2020-03-25,0.097411
2020-03-26,0.13848
2020-03-27,0.210794
2020-03-30,0.237497
2020-03-31,0.284908
2020-04-01,0.207828
2020-04-02,0.182627
2020-04-03,0.148117
2020-04-06,0.144294
2020-04-07,0.08836
2020-04-08,0.053482999999999996
2020-04-09,
2020-04-10,
2020-04-13,0.0060999999999999995
2020-04-14,0.0099
2020-04-15,0.00315
2020-04-16,0.0015249999999999999
2020-04-17,0.0017259999999999999
2020-04-20,0.031
2020-04-21,0.012528000000000001
2020-04-22,0.010825
2020-04-23,0.00145
2020-04-24,0.0015
2020-04-27,0.016475999999999998
2020-04-28,0.007131
2020-04-29,0.00145
2020-04-30,0.0017749999999999999
2020-05-01,0.000251
2020-05-04,0.004849999999999999
2020-05-05,0.001925
2020-05-06,0.001175
2020-05-07,0.000982
2020-05-08,0.00068
2020-05-11,0.000123
2020-05-12,0.000825
2020-05-13,0.013824999999999999
2020-05-14,0.000133
2020-05-15,0.00115
2020-05-18,0.000578
2020-05-19,8.999999999999999e-05
2020-05-20,0.009726
2020-05-21,3e-06
2020-05-22,1e-06
2020-05-25,
2020-05-26,1e-06
2020-05-27,0.004326
2020-05-28,0.0
2020-05-29,0.001325
2020-06-01,0.0
2020-06-02,0.002013
2020-06-03,1.3e-05
2020-06-04,0.0
2020-06-05,0.0
2020-06-08,0.0
2020-06-09,0.001252
2020-06-10,1.2e-05
2020-06-11,0.000375
2020-06-12,0.0
2020-06-15,3e-06
2020-06-16,0.004
2020-06-17,1e-06
2020-06-18,1e-06
2020-06-19,1e-06
2020-06-22,1e-05
2020-06-23,1.1e-05
2020-06-24,1e-06
2020-06-25,1e-06
2020-06-26,0.0002
2020-06-29,0.00025
2020-06-30,0.00095
2020-07-01,2e-06
2020-07-02,
2020-07-03,
2020-07-06,0.0
2020-07-07,3e-06
2020-07-08,1e-06
2020-07-09,0.0
2020-07-10,0.0
2020-07-13,1e-06
2020-07-14,1e-06
2020-07-15,1e-06
2020-07-16,1e-06
2020-07-17,0.0
2020-07-20,3e-06
2020-07-21,0.0
2020-07-22,0.0
2020-07-23,0.0
2020-07-24,0.0
2020-07-27,0.0
2020-07-28,0.0
2020-07-29,1e-06
2020-07-30,0.000307
2020-07-31,0.00015
2020-08-03,0.0
2020-08-04,5e-06
2020-08-05,0.0
2020-08-06,0.0
2020-08-07,0.0
2020-08-10,8e-06
2020-08-11,0.0
2020-08-12,0.000103
2020-08-13,0.000126
2020-08-14,1e-06
2020-08-17,5.4e-05
2020-08-18,2e-06
2020-08-19,0.000112
2020-08-20,0.00015
2020-08-21,0.0
2020-08-24,0.0
2020-08-25,1.2e-05
2020-08-26,8.999999999999999e-06
2020-08-27,2e-06
2020-08-28,0.0
2020-08-31,1.1e-05
2020-09-01,8e-06
2020-09-02,1.4e-05
2020-09-03,0.0
2020-09-04,0.0
2020-09-07,
2020-09-08,0.0
2020-09-09,1e-06
2020-09-10,1e-05
2020-09-11,0.0
2020-09-14,1e-06
2020-09-15,2e-06
2020-09-16,5.5e-05
2020-09-17,1e-06
2020-09-18,0.0
2020-09-21,5.4e-05
2020-09-22,0.0
2020-09-23,1e-06
2020-09-24,4e-06
2020-09-25,0.0
2020-09-28,0.0
2020-09-29,0.0013009999999999999
2020-09-30,0.00085
2020-10-01,1e-06
2020-10-02,0.0
2020-10-05,0.0
2020-10-06,0.0
2020-10-07,1.1e-05
2020-10-08,0.000212
2020-10-09,0.0
2020-10-12,
2020-10-13,0.0
2020-10-14,0.0
2020-10-15,1e-06
2020-10-16,2e-06
2020-10-19,4e-06
2020-10-20,7e-06
2020-10-21,0.0
2020-10-22,1e-06
2020-10-23,0.0
2020-10-26,1e-06
2020-10-27,0.0
2020-10-28,5e-06
2020-10-29,1.4e-05
2020-10-30,1e-06
2020-11-02,0.0
2020-11-03,0.0
2020-11-04,0.0
2020-11-05,0.0
2020-11-06,0.0
2020-11-09,0.0
2020-11-10,0.0
2020-11-11,
2020-11-12,0.0
2020-11-13,3e-06
2020-11-16,1.3e-05
2020-11-17,0.0
2020-11-18,0.000103
2020-11-19,0.002
2020-11-20,0.0
2020-11-23,0.00048499999999999997
2020-11-24,1e-06
2020-11-25,0.0
2020-11-26,
2020-11-27,0.0
2020-11-30,6e-06
2020-12-01,2e-06
2020-12-02,1e-06
2020-12-03,0.0
2020-12-04,0.0
2020-12-07,1e-06
2020-12-08,1e-06
2020-12-09,3e-06
2020-12-10,1e-06
2020-12-11,0.0
2020-12-14,0.0001
2020-12-15,1e-06
2020-12-16,2.6e-05
2020-12-17,1.4e-05
2020-12-18,3.2e-05
2020-12-21,0.000435
2020-12-22,0.000406
2020-12-23,0.000857
2020-12-24,1e-05
2020-12-25,
2020-12-28,0.000901
2020-12-29,0.000257
2020-12-30,0.000652
2020-12-31,0.009651
2021-01-01,
2021-01-04,1e-06
2021-01-05,5e-06
2021-01-06,4e-06
2021-01-07,1e-06
2021-01-08,0.0
2021-01-11,0.0
2021-01-12,0.0
2021-01-13,0.0
2021-01-14,0.0006
2021-01-15,0.0
2021-01-18,
2021-01-19,4e-06
2021-01-20,0.001806
2021-01-21,0.001201
2021-01-22,0.0
2021-01-25,0.0022
2021-01-26,0.001631
2021-01-27,0.0011519999999999998
2021-01-28,0.002655
2021-01-29,0.0070999999999999995
2021-02-01,1.2e-05
2021-02-02,1.1e-05
2021-02-03,0.000178
2021-02-04,0.0005
2021-02-05,1e-05
2021-02-08,2e-06
2021-02-09,1e-06
2021-02-10,0.0
2021-02-11,0.000108
2021-02-12,1e-06
2021-02-15,
2021-02-16,4e-06
2021-02-17,5e-05
2021-02-18,0.0
2021-02-19,2e-06
2021-02-22,0.0011
2021-02-23,0.000435
2021-02-24,1e-06
2021-02-25,0.009976
2021-02-26,0.0112
2021-03-01,0.0
2021-03-02,5e-06
2021-03-03,0.000507
2021-03-04,0.0021000000000000003
2021-03-05,0.001
2021-03-08,2.5e-05
2021-03-09,0.0
2021-03-10,0.0001
2021-03-11,0.011051
2021-03-12,0.0068
2021-03-15,3e-06
2021-03-16,0.0007019999999999999
2021-03-17,0.0
2021-03-18,0.02657
2021-03-19,0.018908
2021-03-22,0.022242
2021-03-23,0.019525999999999998
2021-03-24,0.021902
2021-03-25,0.0101
2021-03-26,0.01145
2021-03-29,0.040354
2021-03-30,0.104725
2021-03-31,0.13430699999999998
2021-04-01,
2021-04-02,
2021-04-05,0.0034500000000000004
2021-04-06,0.018951
2021-04-07,0.035035
2021-04-08,0.02764
2021-04-09,0.031265
2021-04-12,0.030221
2021-04-13,0.037543
2021-04-14,0.050856
2021-04-15,0.028626000000000002
2021-04-16,0.039939999999999996
2021-04-19,0.053798
2021-04-20,0.067747
2021-04-21,0.081329
2021-04-22,0.102644
2021-04-23,0.073794
2021-04-26,0.10091599999999999
2021-04-27,0.142172
2021-04-28,0.166732
2021-04-29,0.17346899999999998
2021-04-30,0.183234
2021-05-03,0.12972399999999998
2021-05-04,0.14780600000000002
2021-05-05,0.1628
2021-05-06,0.154921
2021-05-07,0.161856
2021-05-10,0.175548
2021-05-11,0.181753
2021-05-12,0.209257
2021-05-13,0.235217
2021-05-14,0.241185
2021-05-17,0.20896
2021-05-18,0.24347
2021-05-19,0.293998
2021-05-20,0.35112099999999996
2021-05-21,0.369046
2021-05-24,0.394941
2021-05-25,0.432955
2021-05-26,0.450283
2021-05-27,0.485329
2021-05-28,0.479498
2021-05-31,
2021-06-01,0.447985
2021-06-02,0.438778
2021-06-03,0.479102
2021-06-04,0.483349
2021-06-07,0.486097
2021-06-08,0.497428
2021-06-09,0.502904
2021-06-10,0.534943
2021-06-11,0.547808
2021-06-14,0.5838920000000001
2021-06-15,0.509559
2021-06-16,0.520942
2021-06-17,0.7557999999999999
2021-06-18,0.747121
2021-06-21,0.765141
2021-06-22,0.791605
2021-06-23,0.81365
2021-06-24,0.813048
2021-06-25,0.77083
2021-06-28,0.803019
2021-06-29,0.8412459999999999
2021-06-30,0.991939
2021-07-01,0.7426470000000001
2021-07-02,0.731504
2021-07-05,
2021-07-06,0.772581
2021-07-07,0.78572
2021-07-08,0.793399
2021-07-09,0.780596
2021-07-12,0.7764719999999999
2021-07-13,0.7982670000000001
2021-07-14,0.859975
2021-07-15,0.776261
2021-07-16,0.817566
2021-07-19,0.860468
2021-07-20,0.848102
2021-07-21,0.886206
2021-07-22,0.898197
2021-07-23,0.877251
2021-07-26,0.891203
2021-07-27,0.927419
2021-07-28,0.965189
2021-07-29,0.987283
2021-07-30,1.039394
2021-08-02,0.921317
2021-08-03,0.909442
2021-08-04,0.931755
2021-08-05,0.944335
2021-08-06,0.952134
2021-08-09,0.981765
2021-08-10,0.998654
2021-08-11,1.0004600000000001
2021-08-12,1.087342
2021-08-13,1.0509410000000001
2021-08-16,1.0364179999999998
2021-08-17,1.053454
2021-08-18,1.115656
2021-08-19,1.109938
2021-08-20,1.111905
2021-08-23,1.135697
2021-08-24,1.129737
2021-08-25,1.147089
2021-08-26,1.0917919999999999
2021-08-27,1.1200150000000002
2021-08-30,1.140711
2021-08-31,1.189616
2021-09-01,1.084115
2021-09-02,1.0669870000000001
2021-09-03,1.074707
2021-09-06,
2021-09-07,1.079945
2021-09-08,1.115229
2021-09-09,1.1076590000000002
2021-09-10,1.099323
2021-09-13,1.087108
2021-09-14,1.1692799999999999
2021-09-15,1.081342
2021-09-16,1.147494
2021-09-17,1.2183030000000001
2021-09-20,1.224289
2021-09-21,1.240494
2021-09-22,1.283281
2021-09-23,1.3524829999999999
2021-09-24,1.3136569999999999
2021-09-27,1.29705
2021-09-28,1.3651849999999999
2021-09-29,1.41584
2021-09-30,1.604881
2021-10-01,1.385991
2021-10-04,1.399173
2021-10-05,1.4311800000000001
2021-10-06,1.4511749999999999
2021-10-07,1.375863
2021-10-08,1.371958
2021-10-11,
2021-10-12,1.367051
2021-10-13,1.364701
2021-10-14,1.4456600000000002
2021-10-15,1.462297
2021-10-18,1.477114
2021-10-19,1.470739
2021-10-20,1.493961
2021-10-21,1.458605
2021-10-22,1.40302
2021-10-25,1.413188
2021-10-26,1.4231980000000002
2021-10-27,1.4333699999999998
2021-10-28,1.384684
2021-10-29,1.502296
2021-11-01,1.358606
2021-11-02,1.329913
2021-11-03,1.343985
2021-11-04,1.348539
2021-11-05,1.354059
2021-11-08,1.354382
2021-11-09,1.3771969999999998
2021-11-10,1.448623
2021-11-11,
2021-11-12,1.417643
2021-11-15,1.391657
2021-11-16,1.466857
2021-11-17,1.52
2021-11-18,1.584097
2021-11-19,1.5753840000000001
2021-11-22,1.573769
2021-11-23,1.57198
2021-11-24,1.4528969999999999
2021-11-25,
2021-11-26,1.4511079999999998
2021-11-29,1.459339
2021-11-30,1.5179559999999999
2021-12-01,1.427347
2021-12-02,1.448585
2021-12-03,1.4754639999999999
2021-12-06,1.487996
2021-12-07,1.455038
2021-12-08,1.484192
2021-12-09,1.500027
2021-12-10,1.507147
2021-12-13,1.599768
2021-12-14,1.5844880000000001
2021-12-15,1.621097
2021-12-16,1.657626
2021-12-17,1.704586
2021-12-20,1.758041
2021-12-21,1.748285
2021-12-22,1.6992770000000001
2021-12-23,1.57778
2021-12-24,
2021-12-27,1.580347
2021-12-28,1.637064
2021-12-29,1.642506
2021-12-30,1.696476
2021-12-31,1.904582
2022-01-03,1.579526
2022-01-04,1.495692
